id,coleccion,nivel,estado,producto,categoria,servicio,tacticas,fp_declarado,fp_sustantivo
195e1b9d-bfc2-4ffa-ab4e-35aef69815f8,rules,high,test,bitbucket,,audit,collection,1,1
aac6c4f4-87c7-4961-96ac-c3fd3a42c310,rules,medium,test,bitbucket,,audit,persistence|privilege-escalation,1,1
e16cf0f0-ee88-4901-bd0b-4c8d13d9ee05,rules,medium,test,bitbucket,,audit,defense-impairment,1,1
16ab6143-510a-44e2-a615-bdb80b8317fc,rules,medium,test,bitbucket,,audit,defense-impairment|lateral-movement,1,1
6aa12161-235a-4dfb-9c74-fe08df8d8da1,rules,medium,test,bitbucket,,audit,defense-impairment,1,1
42ccce6d-7bd3-4930-95cd-e4d83fa94a30,rules,low,test,bitbucket,,audit,defense-impairment,1,1
b91e8d5e-0033-44fe-973f-b730316f23a1,rules,high,test,bitbucket,,audit,defense-impairment,1,1
ff91e3f0-ad15-459f-9a85-1556390c138d,rules,low,test,bitbucket,,audit,defense-impairment,1,1
7215374a-de4f-4b33-8ba5-70804c9251d3,rules,critical,test,bitbucket,,audit,resource-development,1,1
34d81081-03c9-4a7f-91c9-5e46af625cde,rules,critical,test,bitbucket,,audit,collection|resource-development,1,0
5259cbf2-0a75-48bf-b57a-c54d6fabaef3,rules,medium,test,bitbucket,,audit,collection|discovery|reconnaissance,1,1
70ed1d26-0050-4b38-a599-92c53d57d45a,rules,medium,test,bitbucket,,audit,credential-access|initial-access|persistence|privilege-escalation|stealth,1,1
d3f90469-fb05-42ce-b67d-0fded91bbef3,rules,medium,test,bitbucket,,audit,credential-access|lateral-movement,1,1
87cc6698-3e07-4ba2-9b43-a85a73e151e2,rules,medium,test,bitbucket,,audit,collection|discovery|reconnaissance,1,1
fd435618-981e-4a7c-81f8-f78ce480d616,rules,medium,stable,django,application,,initial-access,1,1
16a71777-0b2e-4db7-9888-9d59cb75200b,rules,medium,test,github,,audit,collection|impact,1,1
8622c92d-c00e-463c-b09d-fd06166f6794,rules,high,test,github,,audit,credential-access|defense-impairment|persistence,1,1
34e1c7d4-0cd5-419d-9f1b-1dad3f61018d,rules,high,test,github,,audit,initial-access,1,1
69b3bd1e-b38a-462f-9a23-fbdbf63d2294,rules,medium,test,github,,audit,exfiltration|persistence,1,1
3908d64a-3c06-4091-b503-b3a94424533b,rules,informational,test,github,,audit,persistence,1,1
f9405037-bc97-4eb7-baba-167dad399b83,rules,low,test,github,,audit,initial-access|persistence|privilege-escalation|stealth,1,1
eaa9ac35-1730-441f-9587-25767bde99d7,rules,medium,test,github,,audit,collection|persistence|privilege-escalation,1,1
0c46d4f4-a2bf-4104-9597-8d653fc2bb55,rules,low,experimental,github,,audit,collection|exfiltration,1,1
02cf536a-cf21-4876-8842-4159c8aee3cc,rules,low,test,github,,audit,defense-impairment,1,1
ccd55945-badd-4bae-936b-823a735d37dd,rules,high,test,github,,audit,defense-impairment,1,1
04ad83ef-1a37-4c10-b57a-81092164bf33,rules,medium,test,github,,audit,exfiltration|persistence,1,1
dca8991c-cb16-4128-abf8-6b11e5cd156f,rules,low,experimental,github,,audit,defense-impairment|impact|persistence,1,1
3883d9a0-fd0f-440f-afbb-445a2a799bb8,rules,high,test,github,,audit,defense-impairment,1,1
f8ed0e8f-7438-4b79-85eb-f358ef2fbebd,rules,low,test,github,,audit,collection|discovery|impact|initial-access|persistence|privilege-escalation|stealth,1,1
2f575940-d85e-4ddc-af13-17dad6f1a0ef,rules,medium,test,github,,audit,initial-access|persistence|privilege-escalation|stealth,1,1
bb0e9cec-d4da-46f5-997f-22efc59f3dca,rules,high,test,jvm,application,,initial-access,1,1
e032f5bc-4563-4096-ae3b-064bab588685,rules,high,test,jvm,application,,initial-access,1,1
4d0af518-828e-4a04-a751-a7d03f3046ad,rules,high,test,jvm,application,,initial-access,1,1
d65f37da-a26a-48f8-8159-3dde96680ad2,rules,high,test,jvm,application,,initial-access,1,1
c4e06896-e27c-4583-95ac-91ce2279345d,rules,high,test,jvm,application,,initial-access,1,1
eed82177-38f5-4299-8a76-098d50d225ab,rules,medium,test,kubernetes,,audit,credential-access|initial-access|persistence|privilege-escalation|stealth,1,1
0c9b3bda-41a6-4442-9345-356ae86343dc,rules,medium,test,kubernetes,,audit,execution|persistence|privilege-escalation,1,1
40967487-139b-4811-81d9-c9767a92aa5a,rules,low,test,kubernetes,application,audit,impact,1,0
3132570d-cab2-4561-9ea6-1743644b2290,rules,medium,test,kubernetes,application,audit,stealth,1,0
a1b0ca4e-7835-413e-8471-3ff2b8a66be6,rules,medium,test,kubernetes,application,audit,execution,1,1
402b955c-8fe0-4a8c-b635-622b4ac5f902,rules,low,test,kubernetes,application,audit,privilege-escalation,1,1
a80d927d-ac6e-443f-a867-e8d6e3897318,rules,medium,test,kubernetes,application,audit,stealth,1,1
597a7e84-187d-458b-9e4f-2f5a0e676711,rules,medium,experimental,kubernetes,,audit,discovery|execution,1,1
c5cd1b20-36bb-488d-8c05-486be3d0cb97,rules,low,test,kubernetes,application,audit,privilege-escalation,1,0
84b777bd-c946-4d17-aa2e-c39f5a454325,rules,low,test,kubernetes,application,audit,discovery,1,0
10b97915-ec8d-455f-a815-9a78926585f6,rules,medium,test,kubernetes,,audit,privilege-escalation,1,1
eeb3e9e1-b685-44e4-9232-6bb701f925b5,rules,low,test,kubernetes,application,audit,credential-access,1,1
58d31a75-a4f8-4c40-985b-373d58162ca2,rules,medium,test,kubernetes,,audit,credential-access,1,1
e31bae15-83ed-473e-bf31-faf4f8a17d36,rules,low,test,kubernetes,application,audit,persistence,1,0
ad9012a6-e518-4432-9890-f3b82b8fc71f,rules,medium,test,kubernetes,application,audit,execution,1,0
0d933542-1f1f-420d-97d4-21b2c3c492d9,rules,low,test,kubernetes,,audit,privilege-escalation,1,1
97661d9d-2beb-4630-b423-68985291a8af,rules,high,test,nodejs,application,,initial-access,1,1
6991bc2b-ae2e-447f-bc55-3a1ba04c14e5,rules,high,test,opencanary,application,,exfiltration|initial-access|lateral-movement,1,0
4fe17521-aef3-4e6a-9d6b-4a7c8de155a8,rules,high,test,opencanary,application,,collection,1,0
af6c3078-84cd-4c68-8842-08b76bd81b13,rules,high,test,opencanary,application,,initial-access,1,0
af1ac430-df6b-4b38-b976-0b52f07a0252,rules,high,test,opencanary,application,,initial-access,1,0
5498fc09-adc6-4804-b9d9-5cca1f0b8760,rules,high,test,opencanary,application,,command-and-control|initial-access,1,0
3ec9a16d-0b4f-4967-9542-ebf38ceac7dd,rules,high,test,opencanary,application,,collection|credential-access,1,0
6e78f90f-0043-4a01-ac41-f97681613a66,rules,high,test,opencanary,application,,collection|credential-access,1,0
e7d79a1b-25ed-4956-bd56-bd344fa8fd06,rules,high,test,opencanary,application,,collection|credential-access,1,0
7cded4b3-f09e-405a-b96f-24248433ba44,rules,high,test,opencanary,application,,impact,1,0
eae8c0c8-e5da-450a-9d7d-66aa56cd26b6,rules,high,experimental,opencanary,application,,discovery,1,0
68b8547b-107f-43f3-97fb-900a7d63c190,rules,high,experimental,opencanary,application,,discovery,1,0
e8a677fd-248c-4eab-94df-de2f6f645884,rules,high,experimental,opencanary,application,,discovery,1,0
d7553d7b-f485-479c-b192-cdac6edd83a4,rules,high,experimental,opencanary,application,,discovery,1,0
974be8d2-283e-4033-ab08-7505b84204d0,rules,high,experimental,opencanary,application,,discovery,1,0
598290cf-5932-45cd-9123-be1e05ab4f2e,rules,high,experimental,opencanary,application,,initial-access|lateral-movement|persistence,1,0
547dfc53-ebf6-4afe-8d2e-793d9574975d,rules,high,test,opencanary,application,,collection|credential-access,1,0
e30de276-68ec-435c-ab99-ef3befec6c61,rules,high,test,opencanary,application,,collection,1,0
22777c9e-873a-4b49-855f-6072ab861a52,rules,high,test,opencanary,application,,collection|lateral-movement,1,0
e9856028-fd4e-46e6-b3d1-10f7ceb95078,rules,high,test,opencanary,application,,discovery|lateral-movement,1,0
ff7139bc-fdb1-4437-92f2-6afefe8884cb,rules,high,test,opencanary,application,,initial-access|lateral-movement|persistence|privilege-escalation|stealth,1,0
cd55f721-5623-4663-bd9b-5229cab5237d,rules,high,test,opencanary,application,,initial-access|lateral-movement|persistence|privilege-escalation|stealth,1,0
512cff7a-683a-43ad-afe0-dd398e872f36,rules,high,test,opencanary,application,,command-and-control|initial-access|persistence|privilege-escalation|stealth,1,0
b4e6b016-a2ac-4759-ad85-8000b300d61e,rules,high,test,opencanary,application,,exfiltration,1,0
9db5446c-b44a-4291-8b89-fcab5609c3b3,rules,high,test,opencanary,application,,lateral-movement,1,0
19aefed0-ffd4-47dc-a7fc-f8b1425e84f9,rules,medium,stable,python,application,,initial-access,1,1
0fcd1c79-4eeb-4746-aba9-1b458f7a79cb,rules,high,test,rpc_firewall,application,,execution|lateral-movement|persistence|privilege-escalation,1,0
f177f2bc-5f3e-4453-b599-57eefce9a59c,rules,high,test,rpc_firewall,application,,discovery,1,0
56fda488-113e-4ce9-8076-afc2457922c3,rules,high,test,rpc_firewall,application,,discovery,1,0
5f92fff9-82e2-48eb-8fc1-8b133556a551,rules,high,test,rpc_firewall,application,,lateral-movement,1,1
2053961f-44c7-4a64-b62d-f6e72800af0d,rules,high,test,rpc_firewall,application,,discovery,1,1
ace3ff54-e7fd-46bd-8ea0-74b49a0aca1d,rules,high,test,rpc_firewall,application,,execution|lateral-movement|persistence|privilege-escalation,1,0
7f7c49eb-2977-4ac8-8ab0-ab1bae14730e,rules,high,test,rpc_firewall,application,,discovery,1,0
bc3a4b0c-e167-48e1-aa88-b3020950e560,rules,high,test,rpc_firewall,application,,lateral-movement,1,1
68050b10-e477-4377-a99b-3721b422d6ef,rules,high,test,rpc_firewall,application,,execution|lateral-movement,1,1
35c55673-84ca-4e99-8d09-e334f3c29539,rules,high,test,rpc_firewall,application,,defense-impairment|lateral-movement|persistence,1,1
d8ffe17e-04be-4886-beb9-c1dd1944b9a8,rules,high,test,rpc_firewall,application,,discovery,1,1
b6ea3cc7-542f-43ef-bbe4-980fbed444c7,rules,high,test,rpc_firewall,application,,lateral-movement,1,1
10018e73-06ec-46ec-8107-9172f1e04ff2,rules,high,test,rpc_firewall,application,,execution|lateral-movement,1,1
aff229ab-f8cd-447b-b215-084d11e79eb0,rules,high,test,rpc_firewall,application,,execution|lateral-movement|persistence|privilege-escalation,1,0
0a3ff354-93fc-4273-8a03-1078782de5b7,rules,high,test,rpc_firewall,application,,discovery,1,0
65f77b1e-8e79-45bf-bb67-5988a8ce45a5,rules,high,test,rpc_firewall,application,,discovery,1,0
6d580420-ff3f-4e0e-b6b0-41b90c787e28,rules,high,test,rpc_firewall,application,,discovery,1,0
0d2c3d4c-4b48-4ac3-8f23-ea845746bb1a,rules,medium,stable,ruby_on_rails,application,,initial-access,1,1
ae48ab93-45f7-4051-9dfe-5d30a3f78e33,rules,medium,stable,spring,application,,initial-access,1,1
e9edd087-89d8-48c9-b0b4-5b9bb10896b8,rules,high,test,spring,application,,initial-access,1,1
8a670c6d-7189-4b1c-8017-a417ca84a086,rules,high,test,sql,application,,initial-access,1,1
16c86189-b556-4ee8-b4c7-7e350a195a4f,rules,high,test,velocity,application,,initial-access,1,1
101a1877-2cf4-474d-abfd-7f6ac4788d1a,rules,critical,experimental,,antivirus,,command-and-control|execution,1,0
238527ad-3c2c-4e4f-a1f6-92fd63adb864,rules,critical,stable,,antivirus,,command-and-control|execution,1,0
fa0c05b6-8ad3-468d-8231-c1cbccb64fba,rules,high,stable,,antivirus,,execution,1,0
78cc2dd2-7d20-4d32-93ff-057084c38b93,rules,critical,stable,,antivirus,,credential-access,1,0
4c6ca276-d4d0-4a8c-9e4c-d69832f8671f,rules,critical,test,,antivirus,,impact,1,0
c9a88268-0047-4824-ba6e-4d81ce0b907c,rules,high,test,,antivirus,,resource-development,1,0
97233998-3838-4581-88c6-f1d19d3993fb,rules,critical,experimental,,antivirus,,command-and-control|execution,1,0
fdf135a2-9241-4f96-a114-bb404948f736,rules,high,test,,antivirus,,persistence,1,0
d84c0ded-edd7-4123-80ed-348bb3ccc4d5,rules,medium,test,,database,,exfiltration|initial-access|persistence|privilege-escalation,1,1
59b70e4d-dd17-44a9-b740-acf07ae3eb6a,rules,medium,experimental,aws,,cloudtrail,defense-impairment,1,1
1c722651-254a-4b04-a9f4-99b62a2d0a1f,rules,medium,experimental,aws,,cloudtrail,defense-impairment,1,1
39c9f26d-6e3b-4dbb-9c7a-4154b0281112,rules,medium,experimental,aws,,cloudtrail,stealth,1,1
6393e346-1977-46ef-8987-ad414a145fad,rules,medium,experimental,aws,,cloudtrail,credential-access,1,1
77caf516-34e5-4df9-b4db-20744fea0a60,rules,medium,experimental,aws,,cloudtrail,initial-access|persistence|privilege-escalation|stealth,1,0
4db60cc0-36fb-42b7-9b58-a5b53019fb74,rules,medium,test,aws,,cloudtrail,defense-impairment,1,1
d2656e78-c069-4571-8220-9e0ab5913f19,rules,high,experimental,aws,,cloudtrail,defense-impairment,1,1
352a918a-34d8-4882-8470-44830c507aa3,rules,high,test,aws,,cloudtrail,initial-access|persistence|privilege-escalation|stealth,1,1
e1f7febb-7b94-4234-b5c6-00fb8500f5dd,rules,low,test,aws,,cloudtrail,defense-impairment,1,1
c803b2ce-c4a2-4836-beae-b112010390b1,rules,medium,test,aws,,cloudtrail,defense-impairment,1,1
a840e606-7c8c-4684-9bc1-eb6b6155127f,rules,medium,experimental,aws,,cloudtrail,credential-access,1,1
a5ffb6ea-c784-4e01-b30a-deb6e58ca2ab,rules,medium,experimental,aws,,cloudtrail,persistence,1,1
6fb77778-040f-4015-9440-572aa9b6b580,rules,medium,test,aws,,cloudtrail,initial-access,1,1
7a4409fc-f8ca-45f6-8006-127d779eaad9,rules,medium,test,aws,,cloudtrail,initial-access,1,1
14f3f1c8-02d5-43a2-a191-91ffb52d3015,rules,medium,test,aws,,cloudtrail,initial-access,1,1
38e7f511-3f74-41d4-836e-f57dfa18eead,rules,high,test,aws,,cloudtrail,initial-access|privilege-escalation,1,1
e386b9b5-af12-450e-afff-761730fb8a98,rules,high,experimental,aws,,cloudtrail,stealth,1,1
07330162-dba1-4746-8121-a9647d49d297,rules,high,test,aws,,cloudtrail,defense-impairment,1,1
f8103686-e3e8-46f3-be72-65f7fcb4aa53,rules,medium,test,aws,,cloudtrail,lateral-movement,1,1
20f754db-d025-4a8f-9d74-e0037e999a9a,rules,medium,test,aws,,cloudtrail,stealth,1,0
ccd6a6c8-bb4e-4a91-9d2a-07e632819374,rules,medium,experimental,aws,,cloudtrail,impact|initial-access|persistence|privilege-escalation|stealth,1,1
a136ac98-b2bc-4189-a14d-f0d0388e57a7,rules,medium,test,aws,,cloudtrail,impact,1,1
16124c2d-e40b-4fcc-8f2c-5ab7870a2223,rules,medium,stable,aws,,cloudtrail,impact,1,1
92f84194-8d9a-4ee0-8699-c30bfac59780,rules,medium,experimental,aws,,cloudtrail,initial-access|persistence|privilege-escalation|stealth,1,1
1ab3c5ed-5baf-417b-bb6b-78ca33f6c3df,rules,high,test,aws,,cloudtrail,execution,1,1
54b9a76a-3c71-4673-b4b3-2edb4566ea7b,rules,low,test,aws,,cloudtrail,collection|exfiltration,0,0
b94bf91e-c2bf-4047-9c43-c6810f43baad,rules,medium,test,aws,,cloudtrail,persistence,1,1
25cb1ba1-8a19-4a23-a198-d252664c8cef,rules,medium,test,aws,,cloudtrail,impact,1,0
6a7ba45c-63d8-473e-9736-2eaabff79964,rules,medium,test,aws,,cloudtrail,impact,1,0
33d50d03-20ec-4b74-a74e-1e65a38af1c0,rules,low,test,aws,,cloudtrail,impact,1,1
4ae68615-866f-4304-b24b-ba048dfa5ca7,rules,low,test,aws,,cloudtrail,persistence,1,1
7c797da2-9cf2-4523-ba64-33b06339f0cc,rules,low,test,aws,,cloudtrail,impact,1,1
f305fd62-beca-47da-ad95-7690a0620084,rules,low,test,aws,,cloudtrail,discovery,1,1
6e61ee20-ce00-4f8d-8aee-bedd8216f7e3,rules,high,test,aws,,cloudtrail,defense-impairment,1,1
0a5177f4-6ca9-44c2-aacf-d3f3d8b6e4d2,rules,medium,test,aws,,cloudtrail,persistence|privilege-escalation,1,1
db014773-b1d3-46bd-ba26-133337c0ffee,rules,high,test,aws,,cloudtrail,execution|initial-access|persistence|privilege-escalation|stealth,1,1
db014773-7375-4f4e-b83b-133337c0ffee,rules,high,test,aws,,cloudtrail,execution|initial-access|persistence|privilege-escalation|stealth,1,1
db014773-d9d9-4792-91e5-133337c0ffee,rules,high,test,aws,,cloudtrail,execution|initial-access|persistence|privilege-escalation|stealth,1,1
1279262f-1464-422f-ac0d-5b545320c526,rules,high,experimental,aws,,cloudtrail,impact|resource-development,1,1
ec541962-c05a-4420-b9ea-84de072d18f4,rules,medium,experimental,aws,,cloudtrail,initial-access|privilege-escalation,1,1
97fbabf8-8e1b-47a2-b7d5-a418d2b95e3d,rules,low,test,aws,,cloudtrail,privilege-escalation,1,1
4990c2e3-f4b8-45e3-bc3c-30b14ff0ed26,rules,low,test,aws,,cloudtrail,privilege-escalation,1,1
8a63cdd4-6207-414a-85bc-7e032bd3c1a2,rules,medium,test,aws,,cloudtrail,exfiltration,1,1
457cc9ac-d8e6-4d1d-8c0e-251d0f11a74c,rules,high,experimental,aws,,cloudtrail,exfiltration,1,1
c3f265c7-ff03-4056-8ab2-d486227b4599,rules,high,test,aws,,cloudtrail,exfiltration,1,0
8ad1600d-e9dc-4251-b0ee-a65268f29add,rules,medium,test,aws,,cloudtrail,initial-access|persistence|privilege-escalation|stealth,1,1
3940b5f1-3f46-44aa-b746-ebe615b879e0,rules,low,test,aws,,cloudtrail,credential-access|persistence|privilege-escalation,1,1
b056de1a-6e6e-4e40-a67e-97c9808cf41b,rules,low,test,aws,,cloudtrail,credential-access|persistence|privilege-escalation,1,1
78b3756a-7804-4ef7-8555-7b9024a02e2d,rules,low,test,aws,,cloudtrail,exfiltration,1,1
a607e1fe-74bf-4440-a3ec-b059b9103157,rules,high,stable,aws,,cloudtrail,defense-impairment,1,1
abae8fec-57bd-4f87-aff6-6e3db989843d,rules,medium,test,aws,,cloudtrail,exfiltration,1,1
d3adb3ef-b7e7-4003-9092-1924c797db35,rules,high,test,aws,,cloudtrail,credential-access|defense-impairment|persistence,1,1
905d389b-b853-46d0-9d3d-dea0d3a3cd49,rules,low,test,aws,,cloudtrail,lateral-movement|privilege-escalation,1,1
9b1b8e9b-0a5d-4af1-9d2f-4c4b6e7c2c9d,rules,medium,experimental,aws,,cloudtrail,discovery,1,1
b45ab1d2-712f-4f01-a751-df3826969807,rules,low,test,aws,,cloudtrail,lateral-movement|privilege-escalation,1,1
f43f5d2f-3f2a-4cc8-b1af-81fde7dbaf0e,rules,medium,test,aws,,cloudtrail,initial-access|lateral-movement|persistence|privilege-escalation|stealth,1,1
055fb148-60f8-462d-ad16-26926ce050f1,rules,high,test,aws,,cloudtrail,persistence|privilege-escalation,1,1
288a39fc-4914-4831-9ada-270e9dc12cb4,rules,medium,test,azure,,activitylogs,defense-impairment,1,1
48739819-8230-4ee3-a8ea-e0289d1fb0ff,rules,medium,test,azure,,activitylogs,defense-impairment,1,1
ad87d14e-7599-4633-ba81-aeb60cfe8cd6,rules,medium,test,azure,,activitylogs,impact,1,1
835747f1-9329-40b5-9cc3-97d465754ce6,rules,medium,test,azure,,activitylogs,impact,1,1
93e0ef48-37c8-49ed-a02c-038aab23628e,rules,low,test,azure,,activitylogs,impact,1,1
d2d901db-7a75-45a1-bc39-0cbf00812192,rules,medium,test,azure,,activitylogs,persistence|privilege-escalation,1,0
46530378-f9db-4af9-a9e5-889c177d3881,rules,medium,test,azure,,activitylogs,impact,1,1
af6925b0-8826-47f1-9324-337507a0babd,rules,medium,test,azure,,activitylogs,impact,1,1
512cf937-ea9b-4332-939c-4c2c94baadcd,rules,medium,test,azure,,activitylogs,defense-impairment|impact,1,1
025c9fe7-db72-49f9-af0d-31341dd7dd57,rules,medium,test,azure,,activitylogs,defense-impairment|impact,1,1
a622fcd2-4b5a-436a-b8a2-a4171161833c,rules,medium,test,azure,,activitylogs,persistence|privilege-escalation,1,0
80eeab92-0979-4152-942d-96749e11df40,rules,medium,test,azure,,activitylogs,credential-access|impact,1,1
459a2970-bb84-4e6a-a32e-ff0fbd99448d,rules,medium,test,azure,,activitylogs,credential-access|impact,1,1
b831353c-1971-477b-abb6-2828edc3bca1,rules,medium,test,azure,,activitylogs,credential-access|impact,1,1
a61a3c56-4ce2-4351-a079-88ae4cbd2b58,rules,medium,test,azure,,activitylogs,credential-access|initial-access|persistence|privilege-escalation|stealth,1,1
9541f321-7cba-4b43-80fc-fbd1fb922808,rules,low,test,azure,,activitylogs,impact,1,1
1c71e254-6655-42c1-b2d6-5e4718d7fc0a,rules,medium,test,azure,,activitylogs,execution|persistence|privilege-escalation,1,1
225d8b09-e714-479c-a0e4-55e6f29adf35,rules,medium,test,azure,,activitylogs,defense-impairment,1,1
08d6ac24-c927-4469-b3b7-2e422d6e3c43,rules,medium,test,azure,,activitylogs,credential-access|impact,1,1
b02f9591-12c3-4965-986a-88028629b2e1,rules,medium,test,azure,,activitylogs,impact,1,1
818fee0c-e0ec-4e45-824e-83e4817b0887,rules,medium,test,azure,,activitylogs,impact,1,1
25cb259b-bbdc-4b87-98b7-90d7c72f8743,rules,medium,test,azure,,activitylogs,credential-access|impact,1,1
7ee0b4aa-d8d4-4088-b661-20efdf41a04c,rules,medium,test,azure,,activitylogs,impact,1,1
12d027c3-b48c-4d9d-8bb6-a732200034b2,rules,medium,test,azure,,activitylogs,impact,1,1
83c17918-746e-4bd9-920b-8e098bf88c23,rules,medium,test,azure,,activitylogs,defense-impairment|impact,1,1
2a7d64cf-81fa-4daf-ab1b-ab80b789c067,rules,medium,test,azure,,activitylogs,impact,1,1
d9557b75-267b-4b43-922f-a775e2d1f792,rules,medium,test,azure,,activitylogs,impact,1,1
d22b4df4-5a67-4859-a578-8c9a0b5af9df,rules,medium,test,azure,,activitylogs,impact,1,1
15ef3fac-f0f0-4dc4-ada0-660aa72980b3,rules,medium,test,azure,,activitylogs,impact,1,1
72af37e2-ec32-47dc-992b-bc288a2708cb,rules,medium,test,azure,,activitylogs,execution,1,1
c1182e02-49a3-481c-b3de-0fadc4091488,rules,medium,test,azure,,activitylogs,credential-access,1,0
09438caa-07b1-4870-8405-1dbafe3dad95,rules,high,test,azure,,activitylogs,initial-access|persistence|privilege-escalation|stealth,1,1
92cc3e5d-eb57-419d-8c16-5c63f325a401,rules,medium,test,azure,,activitylogs,impact,1,1
bcfcc962-0e4a-4fd9-84bb-a833e672df3f,rules,medium,test,azure,,activitylogs,impact,1,1
61171ffc-d79c-4ae5-8e10-9323dba19cd3,rules,medium,test,azure,,activitylogs,impact,1,1
26e7c5e2-6545-481e-b7e6-050143459635,rules,medium,test,azure,,auditlogs,credential-access|defense-impairment|persistence|privilege-escalation,1,1
50a3c7aa-ec29-44a4-92c1-fce229eef6fc,rules,medium,test,azure,,auditlogs,credential-access|defense-impairment|persistence|privilege-escalation,1,1
0922467f-db53-4348-b7bf-dee8d0d348c6,rules,medium,test,azure,,auditlogs,privilege-escalation,1,1
6f583da0-3a90-4566-a4ed-83c09fe18bbf,rules,high,test,azure,,auditlogs,initial-access|persistence|privilege-escalation|stealth,1,1
a0413867-daf3-43dd-9245-734b3a787942,rules,medium,test,azure,,auditlogs,initial-access|persistence|privilege-escalation|stealth,1,0
c2496b41-16a9-4016-a776-b23f8910dc58,rules,medium,test,azure,,auditlogs,credential-access|defense-impairment|persistence|privilege-escalation,1,0
9494bff8-959f-4440-bbce-fb87a208d517,rules,high,test,azure,,auditlogs,defense-impairment|privilege-escalation,1,0
4bb80281-3756-4ec8-a88e-523c5a6fda9e,rules,medium,test,azure,,auditlogs,credential-access|defense-impairment|persistence|privilege-escalation,1,0
ebbeb024-5b1d-4e16-9c0c-917f86c708a7,rules,medium,test,azure,,auditlogs,initial-access|persistence|privilege-escalation|stealth,1,1
11c767ae-500b-423b-bae3-b234450736ed,rules,high,test,azure,,auditlogs,initial-access|persistence|privilege-escalation|stealth,1,0
1b45b0d1-773f-4f23-aedc-814b759563b1,rules,high,test,azure,,auditlogs,credential-access|initial-access|persistence|privilege-escalation|stealth,1,1
cbb67ecc-fb70-4467-9350-c910bdf7c628,rules,high,test,azure,,auditlogs,persistence|privilege-escalation,1,1
a6355fbe-f36f-45d8-8efc-ab42465cbc52,rules,high,test,azure,,auditlogs,credential-access,1,1
9b2cc4c4-2ad4-416d-8e8e-ee6aa6f5035a,rules,low,test,azure,,auditlogs,credential-access,1,0
7091372f-623c-4293-bc37-20c32b3492be,rules,medium,test,azure,,auditlogs,credential-access,1,0
74298991-9fc4-460e-a92e-511aa60baec1,rules,medium,test,azure,,auditlogs,credential-access,1,1
c1d147ae-a951-48e5-8b41-dcd0170c7213,rules,high,test,azure,,auditlogs,credential-access,1,1
5aecf3d5-f8a0-48e7-99be-3a759df7358f,rules,high,test,azure,,auditlogs,persistence|privilege-escalation,1,1
b04934b2-0a68-4845-8a19-bdfed3a68a7a,rules,medium,test,azure,,auditlogs,persistence|privilege-escalation,1,1
0055ad1f-be85-4798-83cf-a6da17c993b3,rules,high,test,azure,,auditlogs,credential-access|initial-access|persistence|privilege-escalation|stealth,1,1
410d2a41-1e6d-452f-85e5-abdd8257a823,rules,medium,test,azure,,auditlogs,impact,1,1
a4b25073-8947-489c-a8dd-93b41c23f26d,rules,high,test,azure,,auditlogs,persistence|privilege-escalation,1,1
4d78a000-ab52-4564-88a5-7ab5242b20c7,rules,medium,test,azure,,auditlogs,credential-access|defense-impairment|persistence|privilege-escalation,1,0
542b9912-c01f-4e3f-89a8-014c48cdca7d,rules,medium,test,azure,,auditlogs,impact,1,1
352a54e1-74ba-4929-9d47-8193d67aba1e,rules,medium,test,azure,,auditlogs,initial-access|persistence|privilege-escalation|stealth,1,1
91c95675-1f27-46d0-bead-d1ae96b97cd3,rules,medium,test,azure,,auditlogs,credential-access|defense-impairment|persistence|privilege-escalation,1,1
665e2d43-70dc-4ccc-9d27-026c9dd7ed9c,rules,medium,test,azure,,auditlogs,credential-access|defense-impairment|persistence|privilege-escalation,1,1
0b4b72e3-4c53-4d5b-b198-2c58cfef39a9,rules,medium,test,azure,,auditlogs,initial-access|persistence|privilege-escalation|stealth,1,1
8dee7a0d-43fd-4b3c-8cd1-605e189d195e,rules,medium,test,azure,,auditlogs,initial-access|persistence|privilege-escalation|stealth,1,1
7ea78478-a4f9-42a6-9dcd-f861816122bf,rules,medium,test,azure,,auditlogs,credential-access|defense-impairment|persistence,1,1
636e30d5-3736-42ea-96b1-e6e2f8429fd6,rules,medium,test,azure,,auditlogs,stealth,1,1
039a7469-0296-4450-84c0-f6966b16dc6d,rules,high,test,azure,,auditlogs,initial-access|persistence|privilege-escalation|stealth,1,1
aeaef14c-e5bf-4690-a9c8-835caad458bd,rules,high,test,azure,,auditlogs,initial-access|persistence|privilege-escalation|stealth,1,1
db6c06c4-bf3b-421c-aa88-15672b88c743,rules,high,test,azure,,auditlogs,initial-access|persistence|privilege-escalation|stealth,1,1
49a268a4-72f4-4e38-8a7b-885be690c5b5,rules,high,test,azure,,auditlogs,initial-access|persistence|privilege-escalation|stealth,1,1
102e11e3-2db5-4c9e-bc26-357d42585d21,rules,high,test,azure,,auditlogs,persistence|privilege-escalation,1,1
f7b5b004-dece-46e4-a4a5-f6fd0e1c6947,rules,medium,test,azure,,auditlogs,initial-access|persistence|privilege-escalation|stealth,1,1
0ddcff6d-d262-40b0-804b-80eb592de8e3,rules,medium,test,azure,,auditlogs,stealth,1,1
448fd1ea-2116-4c62-9cde-a92d120e0f08,rules,medium,test,azure,,auditlogs,stealth,1,1
ca9bf243-465e-494a-9e54-bf9fc239057d,rules,high,test,azure,,auditlogs,initial-access|persistence|privilege-escalation|stealth,1,1
fa84aaf5-8142-43cd-9ec2-78cfebf878ce,rules,high,test,azure,,auditlogs,initial-access|persistence|privilege-escalation|stealth,1,1
d4c7758e-9417-4f2e-9109-6125d66dabef,rules,high,test,azure,,auditlogs,persistence,1,1
b18454c8-0be3-41f7-86bc-9c614611b839,rules,medium,test,azure,,auditlogs,credential-access|persistence,1,1
340ee172-4b67-4fb4-832f-f961bdc1f3aa,rules,medium,test,azure,,auditlogs,credential-access|initial-access|persistence|privilege-escalation|stealth,1,1
6555754e-5e7f-4a67-ad1c-4041c413a007,rules,high,test,azure,,riskdetection,credential-access,1,1
258b6593-215d-4a26-a141-c8e31c1299a6,rules,high,test,azure,,riskdetection,persistence|privilege-escalation,1,1
be4d9c86-d702-4030-b52e-c7859110e5e8,rules,high,test,azure,,riskdetection,initial-access|persistence|privilege-escalation|stealth,1,1
53acd925-2003-440d-a1f3-71a5253fe237,rules,high,test,azure,,riskdetection,credential-access,1,1
1a41023f-1e70-4026-921a-4d9341a9038e,rules,high,test,azure,,riskdetection,initial-access|persistence|privilege-escalation|stealth,1,1
b2572bf9-e20a-4594-b528-40bde666525a,rules,high,test,azure,,riskdetection,initial-access|persistence|privilege-escalation|stealth,1,1
27e4f1d6-ae72-4ea0-8a67-77a73a289c3d,rules,high,test,azure,,riskdetection,collection,1,1
ceb55fd0-726e-4656-bf4e-b585b7f7d572,rules,high,test,azure,,riskdetection,stealth,1,1
19128e5e-4743-48dc-bd97-52e5775af817,rules,high,test,azure,,riskdetection,reconnaissance,1,1
a3f55ebd-0c01-4ed6-adc0-8fb76d8cd3cd,rules,high,test,azure,,riskdetection,command-and-control,1,1
36440e1c-5c22-467a-889b-593e66498472,rules,high,test,azure,,riskdetection,command-and-control,1,1
821b4dc3-1295-41e7-b157-39ab212dd6bd,rules,high,test,azure,,riskdetection,command-and-control,1,1
adf9f4d2-559e-4f5c-95be-c28dff0b1476,rules,high,test,azure,,riskdetection,initial-access|persistence|privilege-escalation|stealth,1,1
28ecba0a-c743-4690-ad29-9a8f6f25a6f9,rules,high,test,azure,,riskdetection,credential-access,1,1
a84fc3b1-c9ce-4125-8e74-bdcdb24021f1,rules,high,test,azure,,riskdetection,credential-access,1,1
944f6adb-7a99-4c69-80c1-b712579e93e6,rules,high,test,azure,,riskdetection,initial-access|persistence|privilege-escalation|stealth,1,1
a2cb56ff-4f46-437a-a0fa-ffa4d1303cba,rules,high,test,azure,,riskdetection,initial-access|persistence|privilege-escalation|stealth,1,1
e3393cba-31f0-4207-831e-aef90ab17a8c,rules,high,test,azure,,riskdetection,credential-access,1,1
128faeef-79dd-44ca-b43c-a9e236a60f49,rules,high,test,azure,,riskdetection,initial-access|persistence|privilege-escalation|stealth,1,1
e402c26a-267a-45bd-9615-bd9ceda6da85,rules,high,test,azure,,pim,initial-access|persistence|privilege-escalation|stealth,1,1
58af08eb-f9e1-43c8-9805-3ad9b0482bd8,rules,high,test,azure,,pim,initial-access|persistence|privilege-escalation|stealth,1,1
b1bc08d1-8224-4758-a0e6-fbcfc98c73bb,rules,high,test,azure,,pim,initial-access|persistence|privilege-escalation|stealth,1,1
645fd80d-6c07-435b-9e06-7bc1b5656cba,rules,high,test,azure,,pim,initial-access|persistence|privilege-escalation|stealth,1,1
94a66f46-5b64-46ce-80b2-75dcbe627cc0,rules,high,test,azure,,pim,initial-access|persistence|privilege-escalation|stealth,1,1
8c6ec464-4ae4-43ac-936a-291da66ed13d,rules,high,test,azure,,pim,initial-access|persistence|privilege-escalation|stealth,1,1
7bbc309f-e2b1-4eb1-8369-131a367d67d3,rules,high,test,azure,,pim,initial-access|persistence|privilege-escalation|stealth,1,1
2b7d6fc0-71ac-4cf7-8ed1-b5788ee5257a,rules,medium,test,azure,,signinlogs,credential-access,1,0
35b781cc-1a08-4a5a-80af-42fd7c315c6b,rules,high,test,azure,,signinlogs,discovery,1,0
5afa454e-030c-4ab4-9253-a90aa7fcc581,rules,medium,test,azure,,signinlogs,initial-access|persistence|privilege-escalation|stealth,1,0
28eea407-28d7-4e42-b0be-575d5ba60b2c,rules,low,test,azure,,signinlogs,credential-access|defense-impairment|initial-access|persistence|privilege-escalation|stealth,1,1
572b12d4-9062-11ed-a1eb-0242ac120002,rules,high,test,azure,,signinlogs,initial-access|persistence|privilege-escalation|stealth,1,0
4f77e1d7-3982-4ee0-8489-abf2d6b75284,rules,high,test,azure,,signinlogs,initial-access|persistence|privilege-escalation|stealth,1,0
4d136857-6a1a-432a-82fc-5dd497ee5e7c,rules,low,test,azure,,signinlogs,initial-access|persistence|privilege-escalation|stealth,1,0
53bb4f7f-48a8-4475-ac30-5a82ddfdf6fc,rules,high,test,azure,,signinlogs,credential-access|initial-access|persistence|privilege-escalation|stealth,1,1
248649b7-d64f-46f0-9fb2-a52774166fb5,rules,medium,test,azure,,signinlogs,initial-access|persistence|privilege-escalation|stealth,1,1
55695bc0-c8cf-461f-a379-2535f563c854,rules,medium,test,azure,,signinlogs,initial-access|persistence|privilege-escalation|stealth,1,1
4afac85c-224a-4dd7-b1af-8da40e1c60bd,rules,medium,test,azure,,signinlogs,initial-access|persistence|privilege-escalation|stealth,1,1
b4a6d707-9430-4f5f-af68-0337f52d5c42,rules,high,test,azure,,signinlogs,credential-access|initial-access|persistence|privilege-escalation|stealth,1,1
60f6535a-760f-42a9-be3f-c9a0a025906e,rules,high,test,azure,,signinlogs,credential-access|initial-access|persistence|privilege-escalation|stealth,1,1
908655e0-25cf-4ae1-b775-1c8ce9cf43d8,rules,medium,test,azure,,signinlogs,initial-access|persistence|privilege-escalation|stealth,1,0
e40f4962-b02b-4192-9bfe-245f7ece1f99,rules,medium,test,azure,,signinlogs,credential-access|initial-access|persistence|privilege-escalation|stealth,1,1
5496ff55-42ec-4369-81cb-00f417029e25,rules,medium,test,azure,,signinlogs,credential-access|initial-access|persistence|privilege-escalation|stealth,1,0
8366030e-7216-476b-9927-271d79f13cf3,rules,medium,test,azure,,signinlogs,initial-access|persistence|privilege-escalation|stealth,1,0
9a60e676-26ac-44c3-814b-0c2a8b977adf,rules,medium,test,azure,,signinlogs,credential-access|initial-access|persistence|privilege-escalation|stealth,1,0
32438676-1dba-4ac7-bf69-b86cba995e05,rules,medium,test,gcp,,gcp.audit,persistence|privilege-escalation,1,1
76737c19-66ee-4c07-b65a-a03301d1573d,rules,medium,test,gcp,,gcp.audit,privilege-escalation,1,0
e2feb918-4e77-4608-9697-990a1aaf74c3,rules,low,test,gcp,,gcp.audit,discovery,1,1
4d9f2ee2-c903-48ab-b9c1-8c0f474913d0,rules,medium,test,gcp,,gcp.audit,impact,1,1
234f9f48-904b-4736-a34c-55d23919e4b7,rules,medium,test,gcp,,gcp.audit,impact,1,0
28268a8f-191f-4c17-85b2-f5aa4fa829c3,rules,medium,test,gcp,,gcp.audit,impact,1,0
fe513c69-734c-4d4a-8548-ac5f609be82b,rules,medium,test,gcp,,gcp.audit,defense-impairment,1,1
980a7598-1e7f-4962-9372-2d754c930d0e,rules,medium,test,gcp,,gcp.audit,collection,1,1
6ad91e31-53df-4826-bd27-0166171c8040,rules,medium,test,gcp,,gcp.audit,credential-access|initial-access|persistence|privilege-escalation|stealth,1,1
cd3a808c-c7b7-4c50-a2f3-f4cfcd436435,rules,medium,test,gcp,,gcp.audit,execution|persistence|privilege-escalation,1,1
0322d9f2-289a-47c2-b5e1-b63c90901a3e,rules,medium,test,gcp,,gcp.audit,credential-access,1,1
2f0bae2d-bf20-4465-be86-1311addebaa3,rules,medium,test,gcp,,gcp.audit,credential-access,1,1
13f81a90-a69c-4fab-8f07-b5bb55416a9f,rules,medium,test,gcp,,gcp.audit,impact,1,1
6b67c12e-5e40-47c6-b3b0-1e6b571184cc,rules,medium,test,gcp,,gcp.audit,impact,1,1
f346bbd5-2c4e-4789-a221-72de7685090d,rules,medium,test,gcp,,gcp.audit,impact,1,1
99980a85-3a61-43d3-ac0f-b68d6b4797b1,rules,medium,test,gcp,,gcp.audit,impact,1,1
22f2fb54-5312-435d-852f-7c74f81684ca,rules,medium,test,gcp,,google_workspace.admin,persistence|privilege-escalation,1,1
ee2803f0-71c8-4831-b48b-a1fc57601ee4,rules,medium,test,gcp,,google_workspace.admin,impact,1,1
04e2a23a-9b29-4a5c-be3a-3542e3f982ba,rules,medium,test,gcp,,google_workspace.admin,persistence|privilege-escalation,1,0
780601d1-6376-4f2a-884e-b8d45599f78c,rules,medium,test,gcp,,google_workspace.admin,impact,1,1
6aef64e3-60c6-4782-8db3-8448759c714e,rules,medium,test,gcp,,google_workspace.admin,impact,1,0
bf638ef7-4d2d-44bb-a1dc-a238252e6267,rules,medium,test,gcp,,google_workspace.admin,impact,1,0
2d1b83e4-17c6-4896-a37b-29140b40a788,rules,medium,test,gcp,,google_workspace.admin,persistence|privilege-escalation,1,1
eafe6f2b-cfec-4612-aec2-49563c33a087,rules,medium,experimental,gcp,,google_workspace.login,impact|initial-access|persistence|privilege-escalation|stealth,1,0
2a0bb2dd-eb5f-4517-8cb9-404f8ba764a5,rules,medium,experimental,gcp,,google_workspace.login,collection,1,1
38360161-76c4-4283-842e-efcf997dafc8,rules,medium,experimental,gcp,,google_workspace.login,initial-access|persistence|privilege-escalation|stealth,1,1
13f2d3f5-6497-44a7-bf5f-dc13ffafe5dc,rules,high,experimental,m365,,audit,initial-access|persistence|privilege-escalation|stealth,1,0
60de9b57-dc4d-48b9-a6a0-b39e0469f876,rules,high,test,m365,,audit,credential-access|defense-impairment|persistence,1,0
58f88172-a73d-442b-94c9-95eaed3cbb36,rules,medium,test,m365,,audit,defense-impairment|privilege-escalation,1,1
3569aefd-e535-4391-8c18-24bd01a21eaf,rules,medium,experimental,m365,,audit,initial-access,1,0
42127bdd-9133-474f-a6f1-97b6c08a4339,rules,medium,test,m365,,exchange,persistence,1,1
a3501e8e-af9e-43c6-8cd6-9360bdaae498,rules,medium,test,m365,,threat_detection,command-and-control,1,0
2e669ed8-742e-4fe5-b3c4-5a59b486c2ee,rules,medium,test,m365,,threat_management,impact,1,0
d8b0a4fe-07a8-41be-bd39-b14afa025d95,rules,medium,test,m365,,threat_management,command-and-control,1,1
0f2468a2-5055-4212-a368-7321198ee706,rules,medium,test,m365,,threat_management,command-and-control,1,0
2b669496-d215-47d8-bd9a-f4a45bf07cda,rules,medium,test,m365,,threat_management,exfiltration,1,0
d7eab125-5f94-43df-8710-795b80fa1189,rules,medium,test,m365,,threat_management,initial-access|persistence|privilege-escalation|stealth,1,0
c191e2fa-f9d6-4ccf-82af-4f2aba08359f,rules,medium,test,m365,,threat_management,initial-access|persistence|privilege-escalation|stealth,1,0
bd132164-884a-48f1-aa2d-c6d646b04c69,rules,medium,test,m365,,threat_management,impact,1,0
18b88d08-d73e-4f21-bc25-4b9892a4fdd0,rules,medium,test,m365,,threat_management,collection,1,1
6897cd82-6664-11ed-9022-0242ac120002,rules,medium,test,m365,,threat_management,collection,1,1
6c220477-0b5b-4b25-bb90-66183b4089e8,rules,low,test,m365,,threat_management,exfiltration,1,0
ee111937-1fe7-40f0-962a-0eb44d57d174,rules,medium,test,m365,,threat_management,exfiltration,1,0
78a34b67-3c39-4886-8fb4-61c46dc18ecd,rules,medium,test,m365,,threat_management,impact,1,0
ff246f56-7f24-402a-baca-b86540e3925c,rules,medium,test,m365,,threat_management,initial-access,1,0
6f7e1c10-2dc9-4312-adb6-9574ff09a5c8,rules,medium,test,cisco,,duo,credential-access|initial-access|stealth,1,1
9058ca8b-f397-4fd1-a9fa-2b7aad4d6309,rules,medium,test,okta,,okta,credential-access,1,1
413d4a81-6c98-4479-9863-014785fd579c,rules,medium,test,okta,,okta,persistence|privilege-escalation,1,1
139bdd4b-9cd7-49ba-a2f4-744d0a8f5d8c,rules,medium,test,okta,,okta,persistence,1,1
19951c21-229d-4ccb-8774-b993c3ff3c5c,rules,medium,test,okta,,okta,persistence,1,1
cf1dbc6b-6205-41b4-9b88-a83980d2255b,rules,medium,test,okta,,okta,impact,1,0
7899144b-e416-4c28-b0b5-ab8f9e0a541d,rules,medium,test,okta,,okta,impact,1,0
8f668cc4-c18e-45fe-ad00-624a981cf88a,rules,medium,test,okta,,okta,impact,1,0
ee39a9f7-5a79-4b0a-9815-d36b3cf28d3e,rules,high,test,okta,,okta,initial-access,1,0
969c7590-8c19-4797-8c1b-23155de6e7ac,rules,medium,test,okta,,okta,persistence|privilege-escalation,1,1
50e068d7-1e6b-4054-87e5-0a592c40c7e0,rules,medium,test,okta,,okta,credential-access|defense-impairment|persistence,1,1
9f308120-69ed-4506-abde-ac6da81f4310,rules,medium,test,okta,,okta,impact,1,0
a0b38b70-3cb5-484b-a4eb-c4d8e7bcc0a9,rules,high,test,okta,,okta,initial-access|persistence|privilege-escalation|stealth,1,1
91b76b84-8589-47aa-9605-c837583b82a9,rules,high,test,okta,,okta,credential-access,1,0
1667a172-ed4c-463c-9969-efd92195319a,rules,low,test,okta,,okta,impact,1,1
0c97c1d3-4057-45c9-b148-1de94b631931,rules,medium,test,okta,,okta,impact,1,0
5c82f0b9-3c6d-477f-a318-0e14a1df73e0,rules,medium,test,okta,,okta,command-and-control,1,0
07e97cc6-aed1-43ae-9081-b3470d2367f1,rules,high,test,okta,,okta,resource-development,1,1
6cc2b61b-d97e-42ef-a9dd-8aa8dc951657,rules,medium,test,okta,,okta,impact,1,1
14701da0-4b0f-4ee6-9c95-2ffb4e73bb9a,rules,medium,test,okta,,okta,impact,1,0
b6c718dd-8f53-4b9f-98d8-93fdca966969,rules,informational,test,okta,,okta,credential-access,1,1
bde30855-5c53-4c18-ae90-1ff79ebc9578,rules,high,test,okta,,okta,defense-impairment,1,1
62fff148-278d-497e-8ecd-ad6083231a35,rules,low,test,onelogin,,onelogin.events,impact,1,0
a717c561-d117-437e-b2d9-0118a7035d01,rules,low,test,onelogin,,onelogin.events,impact,1,1
c52a914f-3d8b-4b2a-bb75-b3991e75f8ba,rules,high,test,linux,,auditd,stealth,1,0
70b4156e-50fc-4523-aa50-c9dddf1993fc,rules,medium,test,linux,,auditd,defense-impairment,1,1
fe10751f-1995-40a5-aaa2-c97ccb4123fe,rules,low,test,linux,,auditd,discovery|privilege-escalation,1,0
b3cec4e7-6901-4b0d-a02d-8ab2d8eb818b,rules,medium,test,linux,,auditd,stealth,1,0
a5b977d6-8a81-4475-91b9-49dbfcd941f7,rules,medium,test,linux,,auditd,defense-impairment,1,1
214e7e6c-f21b-47ff-bb6f-551b2d143fcf,rules,low,test,linux,,auditd,collection,1,1
f200dc3f-b219-425d-a17e-c38467364816,rules,low,test,linux,,auditd,collection,1,1
071d5e5a-9cef-47ec-bc4e-a42e34d8d0ed,rules,critical,test,linux,,auditd,privilege-escalation,1,1
a3b5e3e9-1b49-4119-8b8e-0344a01f21ee,rules,low,test,linux,,auditd,collection|exfiltration,1,1
cb39d16b-b3b6-4a7a-8222-1cf24b686ffc,rules,medium,test,linux,,auditd,exfiltration,1,1
37222991-11e9-4b6d-8bdf-60fbe48f753e,rules,low,stable,linux,,auditd,impact,1,1
74c01ace-0152-4094-8ae2-6fd776dd43e5,rules,low,test,linux,,auditd,defense-impairment,1,1
df3fcaea-2715-4214-99c5-0056ea59eb35,rules,high,test,linux,,auditd,credential-access,1,0
d08722cd-3d09-449a-80b4-83ea2d9d4616,rules,low,test,linux,,auditd,stealth,1,0
45810b50-7edc-42ca-813b-bdac02fb946b,rules,low,test,linux,,auditd,stealth,1,0
9d4548fa-bba0-4e88-bd66-5d5bf516cda0,rules,medium,test,linux,,auditd,stealth,0,0
323ff3f5-0013-4847-bbd4-250b5edb62cc,rules,medium,test,linux,,auditd,defense-impairment,1,1
f4d3748a-65d1-4806-bd23-e25728081d01,rules,low,test,linux,,auditd,credential-access|discovery,1,1
dbe4b9c5-c254-4258-9688-d6af0b7967fd,rules,low,test,linux,,auditd,collection,1,1
e2f17c5d-b02a-442b-9052-6eb89c9fec9c,rules,low,test,linux,,auditd,collection,1,1
ce446a9e-30b9-4483-8e38-d2c9ad0a2280,rules,low,test,linux,,auditd,stealth,1,0
a5a827d9-1bbe-4952-9293-c59d897eb41b,rules,low,test,linux,,auditd,stealth,1,0
1543ae20-cbdf-4ec1-8d12-7664d667a825,rules,medium,test,linux,,auditd,execution,1,1
eae8ce9f-bde9-47a6-8e79-f20d18419910,rules,medium,test,linux,,auditd,credential-access,1,1
2625cc59-0634-40d0-821e-cb67382a3dd7,rules,low,test,linux,,auditd,persistence|privilege-escalation,1,1
4cb57c2f-1f29-41f8-893d-8bed8e1c1d2f,rules,informational,test,linux,,auditd,impact,1,1
edd595d7-7895-4fa7-acb3-85a18a8772ca,rules,low,test,linux,,auditd,stealth,1,0
9a0d8ca0-2385-4020-b6c6-cb6153ca56f3,rules,low,test,linux,,auditd,discovery,1,1
a7af2487-9c2f-42e4-9bb9-ff961f0561d5,rules,low,test,linux,,auditd,collection,1,0
e497a24e-9345-4a62-9803-b06d7d7cb132,rules,high,experimental,linux,,auditd,defense-impairment|privilege-escalation|stealth,1,1
49aae26c-450e-448b-911d-b3c13d178dfc,rules,high,test,linux,,auditd,collection|credential-access,1,1
ca94a6db-8106-4737-9ed2-3e3bb826af0a,rules,low,stable,linux,,auditd,discovery,1,1
f7158a64-6204-4d6d-868a-6e6378b467e0,rules,medium,test,linux,,auditd,command-and-control,1,1
f34047d9-20d3-4e8b-8672-0a35cc50dc71,rules,low,test,linux,,auditd,discovery,1,0
977ef627-4539-4875-adf4-ed8f780c4922,rules,high,test,linux,,auditd,defense-impairment,1,1
808146b2-9332-4d78-9416-d7e47012d83d,rules,high,test,linux,,auditd,execution,1,0
9e1bef8d-0fff-46f6-8465-9aa54e128c1e,rules,low,test,linux,,auditd,execution|persistence|privilege-escalation|stealth,1,0
4b3cb710-5e83-4715-8c45-8b2b5b3e5751,rules,high,test,linux,,auditd,execution|persistence|privilege-escalation|stealth,1,0
c830f15d-6f6e-430f-8074-6f73d6807841,rules,high,test,linux,,auditd,defense-impairment,1,1
ea61bb82-a5e0-42e6-8537-91d29500f1b9,rules,medium,experimental,linux,,auditd,execution|impact,1,1
1f358e2e-cb63-43c3-b575-dfb072a6814f,rules,informational,stable,linux,,auditd,discovery,1,1
1bac86ba-41aa-4f62-9d6b-405eac99b485,rules,medium,test,linux,,auditd,persistence|privilege-escalation,1,1
a94cdd87-6c54-4678-a6cc-2814ffe5a13d,rules,medium,test,linux,,auditd,persistence|privilege-escalation,1,1
53059bc0-1472-438b-956a-7508a94a91f0,rules,high,test,linux,,auditd,defense-impairment,1,1
eca5e022-d368-4043-98e5-9736fb01f72f,rules,medium,experimental,linux,,auditd,defense-impairment,1,1
759d0d51-bc99-4b5e-9add-8f5b2c8e7512,rules,medium,test,linux,,auditd,persistence,1,1
106d7cbd-80ff-4985-b682-a7043e5acb72,rules,high,test,linux,,auditd,persistence|privilege-escalation,1,0
3761e026-f259-44e6-8826-719ed8079408,rules,low,test,linux,,auditd,discovery,1,1
2dad0cba-c62a-4a4f-949f-5f6ecd619769,rules,low,test,linux,,auditd,exfiltration,1,1
b207d563-a1d9-4275-b349-77d1eb55aa6d,rules,low,experimental,linux,,auditd,discovery,1,1
a39d7fa7-3fbd-4dc2-97e1-d87f546b1bbc,rules,medium,test,linux,,auditd,resource-development,1,1
710bdbce-495d-491d-9a8f-7d0d88d2b41e,rules,low,experimental,linux,,auditd,persistence|privilege-escalation,1,1
c0d3734d-330f-4a03-aae2-65dacc6a8222,rules,critical,test,linux,,auditd,persistence,1,1
36aa86ca-fd9d-4456-814e-d3b1b8e1e0bb,rules,high,stable,linux,,clamav,resource-development,1,0
af202fd3-7bff-4212-a25a-fb34606cfcbe,rules,medium,test,linux,,cron,execution|persistence|privilege-escalation,1,1
1edd77db-0669-4fef-9598-165bda82826d,rules,high,test,linux,,guacamole,credential-access,1,0
41e5c73d-9983-4b69-bd03-e13b67e9623c,rules,high,test,linux,,,execution,1,0
18b042f0-2ecd-4b6e-9f8d-aa7a7e7de781,rules,high,test,linux,,,privilege-escalation,1,1
e09eb557-96d2-4de9-ba2d-30f712a5afd3,rules,high,test,linux,,,impact,1,0
7a14080d-a048-4de8-ae58-604ce58a795b,rules,low,stable,linux,,,command-and-control|lateral-movement,1,1
7e3c4651-c347-40c4-b1d4-d48590fdf684,rules,high,test,linux,,,execution|persistence|privilege-escalation|stealth,1,1
0fadd880-6af3-4610-b1e5-008dc3a11b8a,rules,high,test,linux,,,persistence|stealth,1,0
0ac15ec3-d24f-4246-aa2a-3077bb1cf90e,rules,high,test,linux,,,persistence|privilege-escalation,1,1
fdc88d25-96fb-4b7c-9633-c0e417fdbd4e,rules,high,test,linux,,,stealth,1,0
2aa1440c-9ae9-4d92-84a7-a9e5f5e31695,rules,high,test,linux,,,execution,1,0
f64b6e9a-5d9d-48a5-8289-e1dd2b3876e1,rules,medium,test,linux,,,impact,1,0
738d9bcf-6999-4fdb-b4ac-3033037db8ab,rules,high,test,linux,,,execution,1,0
c67e0c98-4d39-46ee-8f6b-437ebf6b950e,rules,high,test,linux,,,persistence,1,0
6cc5fceb-9a71-4c23-aeeb-963abe0b279c,rules,medium,test,linux,,,reconnaissance,1,0
8ec2c8b4-557a-4121-b87c-5dfb3a602fae,rules,high,test,linux,,,execution,1,0
c67fc22a-0be5-4b4f-aad5-2b32c4b69523,rules,high,test,linux,,,execution,1,0
e76b413a-83d0-4b94-8e4c-85db4a5b8bdc,rules,medium,test,linux,,sshd,initial-access,1,0
49f5dfc1-f92e-4d34-96fa-feba3f6acf36,rules,medium,test,linux,,syslog,defense-impairment,1,1
c8e35e96-19ce-4f16-aeb6-fd5588dc5365,rules,high,test,linux,,syslog,initial-access,1,0
377f33a1-4b36-4ee1-acee-1dbe4b43cfbe,rules,medium,test,linux,,vsftpd,initial-access,1,0
00eee2a5-fdb0-4746-a21d-e43fbdea5681,rules,medium,stable,linux,file_event,,privilege-escalation,1,0
ddb26b76-4447-4807-871f-1b035b2bfa5d,rules,medium,test,linux,file_event,,persistence|privilege-escalation,1,1
6c4e2f43-d94d-4ead-b64d-97e53fa2bd05,rules,low,experimental,linux,file_event,,execution|persistence|privilege-escalation,1,1
179b3686-6271-4d87-807d-17d843a8af73,rules,high,experimental,linux,file_event,,execution|stealth,1,1
13f08f54-e705-4498-91fd-cce9d9cee9f1,rules,low,test,linux,file_event,,persistence,1,1
c0239255-822c-4630-b7f1-35362bcb8f44,rules,high,test,linux,file_event,,stealth,1,0
1a2ea919-d11d-4d1e-8535-06cda13be20f,rules,high,test,linux,file_event,,execution|persistence|privilege-escalation,1,0
35a05c60-9012-49b6-a11f-6bab741c9f74,rules,medium,test,linux,file_event,,command-and-control,1,1
83dcd9f6-9ca8-4af7-a16e-a1c7a6b51871,rules,critical,test,linux,network_connection,,execution,1,0
a46c93b7-55ed-4d27-a41b-c259456c4746,rules,high,stable,linux,network_connection,,impact,1,1
c4568f5d-131f-4e78-83d4-45b2da0ec4f1,rules,high,test,linux,network_connection,,command-and-control,1,1
19bf6fdb-7721-4f3d-867f-53467f6a5db6,rules,high,test,linux,network_connection,,command-and-control|exfiltration,1,1
dbfc7c98-04ab-4ab7-aa94-c74d22aa7376,rules,high,test,linux,network_connection,,command-and-control|persistence,1,0
bb382fd5-b454-47ea-a264-1828e4c766d6,rules,medium,test,linux,process_creation,,discovery,1,0
d2d642d7-b393-43fe-bae4-e81ed5915c4b,rules,low,stable,linux,process_creation,,execution|persistence|privilege-escalation,1,1
bed26dea-4525-47f4-b24a-76e30e44ffb0,rules,high,experimental,linux,process_creation,,defense-impairment,1,1
36388120-b3f1-4ce9-b50b-280d9a7f4c04,rules,high,experimental,linux,process_creation,,defense-impairment|execution,1,1
8c1a5675-cb85-452f-a298-b01b22a51856,rules,high,test,linux,process_creation,,execution,1,0
e2072cab-8c9a-459b-b63c-40ae79e27031,rules,low,test,linux,process_creation,,stealth,1,1
ba592c6d-6888-43c3-b8c6-689b8fe47337,rules,medium,test,linux,process_creation,,stealth,1,1
fe2f9663-41cb-47e2-b954-8a228f3b9dff,rules,medium,test,linux,process_creation,,stealth,1,1
6104e693-a7d6-4891-86cb-49a258523559,rules,low,test,linux,process_creation,,execution,1,0
7692f583-bd30-4008-8615-75dab3f08a99,rules,medium,test,linux,process_creation,,execution|stealth,1,0
f8341cb2-ee25-43fa-a975-d8a5a9714b39,rules,medium,test,linux,process_creation,,execution,1,1
3a716279-c18c-4488-83be-f9ececbfb9fc,rules,low,experimental,linux,process_creation,,persistence|privilege-escalation,1,0
ed447910-bc30-4575-a598-3a2e49516a7a,rules,low,experimental,linux,process_creation,,persistence|privilege-escalation,1,0
d8d97d51-122d-4cdd-9e2f-01b4b4933530,rules,low,test,linux,process_creation,,discovery,1,0
db1ac3be-f606-4e3a-89e0-9607cbe6b98a,rules,high,test,linux,process_creation,,execution,1,0
34979410-e4b5-4e5d-8cfb-389fdff05c12,rules,medium,test,linux,process_creation,,defense-impairment,1,1
6419afd1-3742-47a5-a7e6-b50386cd15f8,rules,medium,test,linux,process_creation,,defense-impairment,1,1
f2bed782-994e-4f40-9cd5-518198cb3fba,rules,low,experimental,linux,process_creation,,privilege-escalation,1,1
80915f59-9b56-4616-9de0-fd0dea6c12fe,rules,medium,stable,linux,process_creation,,defense-impairment,1,1
3fcc9b35-39e4-44c0-a2ad-9e82b6902b31,rules,high,test,linux,process_creation,,defense-impairment,1,1
ec127035-a636-4b9a-8555-0efd4e59f316,rules,low,test,linux,process_creation,,collection,1,1
fa4aaed5-4fe0-498d-bbc0-08e3346387ba,rules,high,test,linux,process_creation,,credential-access,1,0
403ed92c-b7ec-4edd-9947-5b535ee12d46,rules,low,test,linux,process_creation,,discovery,1,1
c2e234de-03a3-41e1-b39a-1e56dc17ba67,rules,medium,test,linux,process_creation,,stealth,1,0
9069ea3c-b213-4c52-be13-86506a227ab1,rules,high,test,linux,process_creation,,impact,1,1
ea34fb97-e2c4-4afb-810f-785e4459b194,rules,low,test,linux,process_creation,,command-and-control,1,1
a2d9e2f3-0f43-4c7a-bcd9-9acfc0d723aa,rules,high,experimental,linux,process_creation,,execution,1,1
2953194b-e33c-4859-b9e8-05948c167447,rules,low,test,linux,process_creation,,impact,1,1
4cad6c64-d6df-42d6-8dae-eb78defdc415,rules,medium,test,linux,process_creation,,privilege-escalation|stealth,1,0
84c9e83c-599a-458a-a0cb-0ecce44e807a,rules,medium,test,linux,process_creation,,defense-impairment,1,1
067d8238-7127-451c-a9ec-fa78045b618b,rules,low,stable,linux,process_creation,,privilege-escalation,1,0
bed978f8-7f3a-432b-82c5-9286a9b3031a,rules,high,test,linux,process_creation,,execution,1,1
33e814e0-1f00-4e43-9c34-31fb7ae2b174,rules,medium,test,linux,process_creation,,discovery|execution,1,1
9691f58d-92c1-4416-8bf3-2edd753ec9cf,rules,high,test,linux,process_creation,,execution|persistence|privilege-escalation,1,1
f41dada5-3f56-4232-8503-3fb7f9cf2d60,rules,medium,test,linux,process_creation,,discovery|execution,1,1
38eb1dbb-011f-40b1-a126-cf03a0210563,rules,medium,test,linux,process_creation,,defense-impairment|execution,1,1
e80273e1-9faf-40bc-bd85-dbaff104c4e9,rules,medium,test,linux,process_creation,,discovery|execution,1,1
b28e4eb3-8bbc-4f0c-819f-edfe8e2f25db,rules,medium,test,linux,process_creation,,execution|persistence,1,1
5f1573a7-363b-4114-9208-ad7a61de46eb,rules,medium,test,linux,process_creation,,discovery|execution,1,1
2992ac4d-31e9-4325-99f2-b18a73221bb2,rules,medium,test,linux,process_creation,,execution|impact,1,1
d54c2f06-aca9-4e2b-81c9-5317858f4b79,rules,medium,test,linux,process_creation,,discovery|execution,1,1
d3feb4ee-ff1d-4d3d-bd10-5b28a238cc72,rules,informational,test,linux,process_creation,,discovery,1,1
30aed7b6-d2c1-4eaf-9382-b6bc43e50c57,rules,informational,stable,linux,process_creation,,stealth,1,1
6adfbf8f-52be-4444-9bac-81b539624146,rules,high,test,linux,process_creation,,discovery,1,0
4b09c71e-4269-4111-9cdd-107d8867f0cc,rules,high,test,linux,process_creation,,discovery,1,0
9b5de532-a757-4d70-946c-1f3e44f48b4d,rules,high,test,linux,process_creation,,discovery,1,0
47b3bbd4-1bf7-48cc-84ab-995362aaa75a,rules,high,test,linux,process_creation,,execution,1,0
d27ab432-2199-483f-a297-03633c05bae6,rules,low,test,linux,process_creation,,discovery,1,0
8a46f16c-8c4c-82d1-b121-0fdd3ba70a84,rules,medium,test,linux,process_creation,,impact,1,1
78a80655-a51e-4669-bc6b-e9d206a462ee,rules,low,test,linux,process_creation,,defense-impairment,1,1
700fb7e8-2981-401c-8430-be58e189e741,rules,medium,test,linux,process_creation,,defense-impairment,1,1
3be619f4-d9ec-4ea8-a173-18fdd01996ab,rules,medium,test,linux,process_creation,,defense-impairment,1,1
b45e3d6f-42c6-47d8-a478-df6bd6cf534c,rules,low,test,linux,process_creation,,discovery,1,1
676381a6-15ca-4d73-a9c8-6a22e970b90d,rules,low,test,linux,process_creation,,discovery,1,1
e34cfa0c-0a50-4210-9cb3-5632d08eb041,rules,high,test,linux,process_creation,,discovery,1,0
9d779ce8-5256-4b13-8b6f-b91c602b43f4,rules,low,test,linux,process_creation,,execution,1,0
999c3b12-0a8c-40b6-8e13-dd7d62b75c7a,rules,medium,test,linux,process_creation,,execution,1,0
ec52985a-d024-41e3-8ff6-14169039a0b3,rules,medium,test,linux,process_creation,,credential-access|stealth,1,0
7f734ed0-4f47-46c0-837f-6ee62505abd9,rules,high,test,linux,process_creation,,execution,1,0
093d68c7-762a-42f4-9f46-95e79142571a,rules,high,test,linux,process_creation,,discovery,1,0
e4ffe466-6ff8-48d4-94bd-e32d1a6061e2,rules,medium,test,linux,process_creation,,execution,1,1
457df417-8b9d-4912-85f3-9dbda39c3645,rules,high,test,linux,process_creation,,execution,1,0
6eea1bf6-f8d2-488a-a742-e6ef6c1b67db,rules,high,test,linux,process_creation,,execution|initial-access|privilege-escalation,1,1
21541900-27a9-4454-9c4c-3f0a4240344a,rules,high,test,linux,process_creation,,execution|initial-access|privilege-escalation,1,1
259df6bc-003f-4306-9f54-4ff1a08fa38e,rules,high,test,linux,process_creation,,execution,1,0
c6714a24-d7d5-4283-a36b-3ffd091d5f7e,rules,high,test,linux,process_creation,,execution,1,0
97de11cd-4b67-4abf-9a8b-1020e670aa9e,rules,medium,test,linux,process_creation,,discovery,1,0
72f4ab3f-787d-495d-a55d-68c2ff46cf4c,rules,low,test,linux,process_creation,,command-and-control,1,1
d7a650c4-226c-451e-948f-cc490db506aa,rules,medium,experimental,linux,process_creation,,credential-access|discovery,1,1
55e862a8-dd9c-4651-807a-f21fcad56716,rules,high,experimental,linux,process_creation,,execution|stealth,1,1
3f0f5957-04f8-4792-ad89-192b0303bde6,rules,medium,experimental,linux,process_creation,,exfiltration,1,1
c4042d54-110d-45dd-a0e1-05c47822c937,rules,medium,test,linux,process_creation,,execution,1,0
32e62bc7-3de0-4bb1-90af-532978fe42c0,rules,high,test,linux,process_creation,,execution,1,0
2d2f44ff-4611-4778-a8fc-323a0e9850cc,rules,high,test,linux,process_creation,,execution,1,0
1f6b8cd4-3e60-47cc-b282-5aa1cbc9182d,rules,low,test,linux,process_creation,,initial-access|persistence,1,1
11063ec2-de63-4153-935e-b1a8b9e616f1,rules,low,test,linux,process_creation,,discovery,1,1
95d61234-7f56-465c-6f2d-b562c6fedbc4,rules,low,test,linux,process_creation,,stealth,1,1
e2326866-609f-4015-aea9-7ec634e8aa04,rules,high,experimental,linux,process_creation,,execution,1,1
297241f3-8108-4b3a-8c15-2dda9f844594,rules,high,experimental,linux,process_creation,,execution,1,0
b8bdac18-c06e-4016-ac30-221553e74f59,rules,medium,test,linux,process_creation,,execution,1,0
6b14bac8-3e3a-4324-8109-42f0546a347f,rules,medium,test,linux,process_creation,,execution|persistence|privilege-escalation,1,1
c9d8b7fd-78e4-44fe-88f6-599135d46d60,rules,low,test,linux,process_creation,,discovery,1,1
e3a8a052-111f-4606-9aee-f28ebeb76776,rules,medium,test,linux,process_creation,,defense-impairment,1,1
de25eeb8-3655-4643-ac3a-b662d3f26b6b,rules,medium,test,linux,process_creation,,defense-impairment|impact,1,1
c21c4eaa-ba2e-419a-92b2-8371703cbe21,rules,low,test,linux,process_creation,,persistence|privilege-escalation,1,1
8737b7f6-8df3-4bb7-b1da-06019b99b687,rules,high,test,linux,process_creation,,execution,1,0
f9b3edc5-3322-4fc7-8aa3-245d646cc4b7,rules,medium,test,linux,process_creation,,command-and-control|persistence,1,1
746c86fb-ccda-4816-8997-01386263acc4,rules,low,test,linux,process_creation,,discovery,1,1
00b90cc1-17ec-402c-96ad-3a8117d7a582,rules,medium,test,linux,process_creation,,command-and-control|exfiltration,1,1
b86d356d-6093-443d-971c-9b07db583c68,rules,medium,test,linux,process_creation,,command-and-control,1,1
11701de9-d5a5-44aa-8238-84252f131895,rules,low,test,linux,process_creation,,discovery,1,1
5cd16c8f-44a6-4654-81e7-a84d6db507d4,rules,high,experimental,linux,process_creation,,execution|stealth,1,1
312b42b1-bded-4441-8b58-163a3af58775,rules,medium,test,linux,process_creation,,stealth,1,0
8344c0e5-5783-47cc-9cf9-a0f7fd03e6cf,rules,medium,test,linux,process_creation,,discovery,1,0
cfec9d29-64ec-4a0f-9ffe-0fdb856d5446,rules,medium,test,linux,process_creation,,reconnaissance,1,0
1182f3b3-e716-4efa-99ab-d2685d04360f,rules,high,test,linux,process_creation,,impact,1,1
d7821ff1-4527-4e33-9f84-d0d57fa2fb66,rules,medium,test,linux,process_creation,,reconnaissance,1,1
a015e032-146d-4717-8944-7a1884122111,rules,high,test,linux,process_creation,,execution|resource-development,1,0
43e26eb5-cd58-48d1-8ce9-a273f5d298d8,rules,low,test,linux,process_creation,,discovery,1,1
ea3ecad2-db86-4a89-ad0b-132a10d2db55,rules,medium,test,linux,process_creation,,execution|stealth,1,1
d292e0af-9a18-420c-9525-ec0ac3936892,rules,high,test,linux,process_creation,,execution,1,0
3e102cd9-a70d-4a7a-9508-403963092f31,rules,low,test,linux,process_creation,,discovery,1,1
880973f3-9708-491c-a77b-2a35a1921158,rules,medium,test,linux,process_creation,,stealth,1,1
0f79c4d2-4e1f-4683-9c36-b5469a665e06,rules,medium,test,linux,process_creation,,reconnaissance,1,1
0cf7a157-8879-41a2-8f55-388dd23746b7,rules,high,test,linux,process_creation,,credential-access|reconnaissance,1,1
f0025a69-e1b7-4dda-a53c-db21fa2d4071,rules,high,experimental,linux,process_creation,,collection|credential-access|execution,1,1
86157017-c2b1-4d4a-8c33-93b8e67e4af4,rules,medium,test,linux,process_creation,,impact,1,1
2fade0b6-7423-4835-9d4f-335b39b83867,rules,high,test,linux,process_creation,,execution,1,0
30bcce26-51c5-49f2-99c8-7b59e3af36c7,rules,medium,test,linux,process_creation,,execution,1,0
42df45e7-e6e9-43b5-8f26-bec5b39cc239,rules,informational,stable,linux,process_creation,,discovery,1,1
4c519226-f0cd-4471-bd2f-6fbb2bb68a79,rules,low,test,linux,process_creation,,discovery,1,1
e7bd1cfa-b446-4c88-8afb-403bcd79e3fa,rules,informational,test,linux,process_creation,,discovery,1,1
c172b7b5-f3a1-4af2-90b7-822c63df86cb,rules,high,experimental,linux,process_creation,,impact|persistence,1,0
31545105-3444-4584-bebf-c466353230d2,rules,medium,test,linux,process_creation,,stealth,1,1
0326c3c8-7803-4a0f-8c5c-368f747f7c3e,rules,high,test,linux,process_creation,,privilege-escalation|stealth,1,0
22236d75-d5a0-4287-bf06-c93b1770860f,rules,high,test,linux,process_creation,,stealth,1,0
08f26069-6f80-474b-8d1f-d971c6fedea0,rules,medium,test,linux,process_creation,,impact,1,1
6a50f16c-3b7b-42d1-b081-0fdd3ba70a73,rules,medium,test,linux,process_creation,,persistence|privilege-escalation,1,1
7ab8f73a-fcff-428b-84aa-6a5ff7877dea,rules,high,test,linux,process_creation,,discovery|execution,1,0
818f7b24-0fba-4c49-a073-8b755573b9c7,rules,high,test,linux,process_creation,,persistence,1,1
cf610c15-ed71-46e1-bdf8-2bd1a99de6c4,rules,medium,test,linux,process_creation,,command-and-control,1,0
4e25af4b-246d-44ea-8563-e42aacab006b,rules,medium,test,linux,process_creation,,execution,1,0
23c43900-e732-45a4-8354-63e4a6c187ce,rules,medium,test,macos,file_event,,persistence|privilege-escalation,1,1
dfe8b941-4e54-4242-b674-6b613d521962,rules,low,test,macos,file_event,,persistence|privilege-escalation,1,1
1bc2e6c5-0885-472b-bed6-be5ea8eace55,rules,medium,test,macos,process_creation,,execution,1,1
719c22d7-c11a-4f2c-93a6-2cfdd5412f68,rules,low,test,macos,process_creation,,stealth,1,1
95361ce5-c891-4b0a-87ca-e24607884a96,rules,high,test,macos,process_creation,,stealth,1,1
88c0f9d8-30a8-4120-bb6b-ebb54abcf2a0,rules,medium,test,macos,process_creation,,stealth,1,0
3b2c1059-ae5f-40b6-b5d4-6106d3ac20fe,rules,medium,test,macos,process_creation,,command-and-control|credential-access|stealth,1,1
acf61bd8-d814-4272-81f0-a7a269aa69aa,rules,medium,test,macos,process_creation,,defense-impairment,1,1
7794fa3c-edea-4cff-bec7-267dd4770fd7,rules,medium,test,macos,process_creation,,collection|execution,1,1
51719bf5-e4fd-4e44-8ba8-b830e7ac0731,rules,low,test,macos,process_creation,,persistence,1,1
b22a5b36-2431-493a-8be1-0bae56c28ef3,rules,medium,test,macos,process_creation,,stealth,1,1
b120b587-a4c2-4b94-875d-99c9807d6955,rules,medium,test,macos,process_creation,,credential-access,1,1
3603f18a-ec15-43a1-9af2-d196c8a7fec6,rules,medium,test,macos,process_creation,,discovery,1,0
53821412-17b0-4147-ade0-14faae67d54b,rules,low,test,macos,process_creation,,discovery,1,1
ff39f1a6-84ac-476f-a1af-37fcdf53d7c0,rules,medium,test,macos,process_creation,,defense-impairment,1,1
b743623c-2776-40e0-87b1-682b975d0ca5,rules,medium,test,macos,process_creation,,initial-access|persistence|privilege-escalation|stealth,1,1
5d0fdb62-f225-42fb-8402-3dfe64da468a,rules,medium,test,macos,process_creation,,initial-access|persistence|privilege-escalation|stealth,1,1
821bcf4d-46c7-4b87-bc57-9509d3ba7c11,rules,medium,test,macos,process_creation,,initial-access|persistence|privilege-escalation|stealth,1,0
089dbdf6-b960-4bcc-90e3-ffc3480c20f6,rules,informational,test,macos,process_creation,,discovery,1,1
53b1b378-9b06-4992-b972-dde6e423d2b4,rules,high,test,macos,process_creation,,credential-access,1,0
60f1ce20-484e-41bd-85f4-ac4afec2c541,rules,low,test,macos,process_creation,,collection|credential-access,1,1
1cf98dc2-fcb0-47c9-8aea-654c9284d1ae,rules,medium,test,macos,process_creation,,exfiltration,1,1
bf241472-f014-4f01-a869-96f99330ca8c,rules,medium,test,macos,process_creation,,collection|initial-access,1,1
e0cfaecd-602d-41af-988d-f6ccebb2af26,rules,medium,test,macos,process_creation,,command-and-control|execution,1,1
2d5e7a8b-f484-4a24-945d-7f0efd52eab0,rules,medium,test,macos,process_creation,,discovery,1,1
2316929c-01aa-438c-970f-099145ab1ee6,rules,medium,test,macos,process_creation,,execution,1,1
be2e3a5c-9cc7-4d02-842a-68e9cb26ec49,rules,low,test,macos,process_creation,,execution,1,1
f1408a58-0e94-4165-b80a-da9f96cf6fc3,rules,high,test,macos,process_creation,,execution,1,0
ae9d710f-dcd1-4f75-a0a5-93a73b5dda0e,rules,medium,test,macos,process_creation,,execution|persistence|privilege-escalation,1,1
ddf36b67-e872-4507-ab2e-46bda21b842c,rules,low,test,macos,process_creation,,discovery,1,1
89bb1f97-c7b9-40e8-b52b-7d6afbd67276,rules,informational,test,macos,process_creation,,discovery,1,1
84bae5d4-b518-4ae0-b331-6d4afd34d00f,rules,low,test,macos,process_creation,,discovery,1,1
adc9bcc4-c39c-4f6b-a711-1884017bf043,rules,informational,test,macos,process_creation,,credential-access|discovery,1,1
6d8a7cf1-8085-423b-b87d-7e880faabbdf,rules,medium,test,macos,process_creation,,command-and-control,1,1
69483748-1525-4a6c-95ca-90dc8d431b68,rules,high,test,macos,process_creation,,execution|persistence,1,0
b9d9b652-d8ed-4697-89a2-a1186ee680ac,rules,high,test,macos,process_creation,,execution,1,0
234dc5df-40b5-49d1-bf53-0d44ce778eca,rules,medium,test,macos,process_creation,,execution|stealth,1,0
65d506d3-fcfe-4071-b4b2-bcefe721bbbb,rules,high,test,macos,process_creation,,persistence|privilege-escalation,1,0
22c45af6-f590-4d44-bab3-b5b2d2a2b6d9,rules,medium,experimental,macos,process_creation,,command-and-control,1,1
bd3b5eaa-439d-4a42-8f35-a49f5c8a2582,rules,high,experimental,macos,process_creation,,command-and-control|stealth,1,0
f459ccb4-9805-41ea-b5b2-55e279e2424a,rules,low,test,macos,process_creation,,initial-access|persistence,1,1
10227522-8429-47e6-a301-f2b2d014e7ad,rules,informational,test,macos,process_creation,,discovery,1,1
7c3b43d8-d794-47d2-800a-d277715aa460,rules,medium,test,macos,process_creation,,execution|persistence|privilege-escalation,1,1
0877ed01-da46-4c49-8476-d49cdd80dfa7,rules,low,test,macos,process_creation,,collection,1,1
0ed75b9c-c73b-424d-9e7d-496cd565fbe0,rules,medium,test,macos,process_creation,,discovery,1,1
b6e2a2e3-2d30-43b1-a4ea-071e36595690,rules,low,test,macos,process_creation,,stealth,1,1
7f2bb9d5-6395-4de5-969c-70c11fbe6b12,rules,low,test,macos,process_creation,,exfiltration,1,1
0250638a-2b28-4541-86fc-ea4c558fa0c6,rules,medium,test,macos,process_creation,,execution|initial-access,1,1
6e4dcdd1-e48b-42f7-b2d8-3b413fc58cb4,rules,medium,test,macos,process_creation,,defense-impairment|execution|initial-access|persistence,1,0
85de3a19-b675-4a51-bfc6-b11a5186c971,rules,medium,test,macos,process_creation,,discovery,1,0
508a9374-ad52-4789-b568-fc358def2c65,rules,medium,test,macos,process_creation,,credential-access,1,1
13db8d2e-7723-4c2c-93c1-a4d36994f7ef,rules,medium,test,macos,process_creation,,command-and-control|execution,1,0
7ed2c9f7-c59d-4c82-a7e2-f859aa676099,rules,medium,test,macos,process_creation,,impact,1,1
58800443-f9fc-4d55-ae0c-98a3966dfb97,rules,informational,test,macos,process_creation,,discovery,1,1
a753a6af-3126-426d-8bd0-26ebbcb92254,rules,medium,test,macos,process_creation,,execution,1,0
5de06a6f-673a-4fc0-8d48-bcfe3837b033,rules,medium,test,macos,process_creation,,discovery,1,1
652c098d-dc11-4ba6-8566-c20e89042f2b,rules,medium,test,macos,process_creation,,initial-access|persistence|privilege-escalation|stealth,1,1
d7329412-13bd-44ba-a072-3387f804a106,rules,low,test,macos,process_creation,,initial-access|persistence|privilege-escalation|stealth,1,0
6ff08e55-ea53-4f27-94a1-eff92e6d9d5c,rules,medium,test,macos,process_creation,,discovery|stealth,1,1
9a7a0393-2144-4626-9bf1-7c2f5a7321db,rules,informational,test,macos,process_creation,,discovery,1,1
4809c683-059b-4935-879d-36835986f8cf,rules,medium,test,macos,process_creation,,discovery|stealth,1,1
40b1fbe2-18ea-4ee7-be47-0294285811de,rules,informational,test,macos,process_creation,,impact,1,1
09a910bf-f71f-4737-9c40-88880ba5913d,rules,high,test,macos,process_creation,,stealth,1,0
452df256-da78-427a-866f-49fa04417d74,rules,medium,test,macos,process_creation,,impact,1,1
2c95fa8a-8b8d-4787-afce-7117ceb8e3da,rules,medium,test,macos,process_creation,,impact,1,1
9acf45ed-3a26-4062-bf08-56857613eb52,rules,medium,test,macos,process_creation,,impact,1,1
f68c4a4f-19ef-4817-952c-50dce331f4b0,rules,high,test,macos,process_creation,,command-and-control,1,0
f5141b6d-9f42-41c6-a7bf-2a780678b29b,rules,low,test,macos,process_creation,,defense-impairment,1,1
47d65ac0-c06f-4ba2-a2e3-d263139d0f51,rules,medium,test,macos,process_creation,,command-and-control,1,0
ceb407f6-8277-439b-951f-e4210e3ed956,rules,high,test,cisco,,aaa,stealth,1,1
cd072b25-a418-4f98-8ebc-5093fb38fe1a,rules,low,test,cisco,,aaa,collection|credential-access|discovery,1,1
1f978c6a-4415-47fb-aca5-736a44d7ca3d,rules,high,test,cisco,,aaa,credential-access|defense-impairment,1,1
9e8f6035-88bf-4a63-96b6-b17c0508257e,rules,high,test,cisco,,aaa,defense-impairment,1,0
9705a6a1-6db6-4a16-a987-15b7151e299b,rules,low,test,cisco,,aaa,discovery,1,1
d94a35f0-7a29-45f6-90a0-80df6159967c,rules,medium,test,cisco,,aaa,impact,1,1
ef0ff092-a24a-4fbc-beea-06c08d53e085,rules,medium,experimental,cisco,,aaa,credential-access|defense-impairment|persistence,1,1
71d65515-c436-43c0-841b-236b1f32c21e,rules,medium,test,cisco,,aaa,impact|stealth,1,1
b094d9fb-b1ad-4650-9f1a-fb7be9f1d34b,rules,medium,test,cisco,,aaa,credential-access,1,1
6d844f0f-1c18-41af-8f19-33e7654edfc3,rules,high,test,cisco,,aaa,persistence|privilege-escalation,1,1
671ffc77-50a7-464f-9e3d-9ea2b493b26b,rules,medium,test,cisco,,aaa,execution|impact|persistence|privilege-escalation,1,1
5e51acb2-bcbe-435b-99c6-0e3cd5e2aa59,rules,low,test,cisco,,aaa,collection|command-and-control|exfiltration|lateral-movement,1,1
b9e1f193-d236-4451-aaae-2f3d2102120d,rules,medium,test,cisco,,aaa,credential-access|discovery,1,1
56fa3cd6-f8d6-4520-a8c7-607292971886,rules,low,test,cisco,,bgp,collection|credential-access|initial-access|persistence|privilege-escalation|stealth,1,1
50e606bf-04ce-4ca7-9d54-3449494bbd4b,rules,low,test,cisco,,ldp,collection|credential-access|initial-access|persistence|privilege-escalation|stealth,1,1
aff715fa-4dd5-497a-8db3-910bea555566,rules,high,test,,dns,,initial-access|reconnaissance,1,1
2975af79-28c4-4d2f-a951-9095f229df29,rules,critical,test,,dns,,command-and-control,1,0
b593fd50-7335-4682-a36c-4edcb68e4641,rules,high,stable,,dns,,exfiltration|impact,1,1
4153a907-2451-4e4f-a578-c52bb6881432,rules,medium,test,,dns,,command-and-control|exfiltration,1,0
c64c5175-5189-431b-a55e-6d9882158251,rules,medium,test,,dns,,command-and-control,1,1
8ae51330-899c-4641-8125-e39f2e07da72,rules,high,test,,dns,,command-and-control,1,0
3eaf6218-3bed-4d8a-8707-274096f12a18,rules,high,test,,dns,,command-and-control,1,1
d7fb8f0e-bd5f-45c2-b467-19571c490d7e,rules,low,stable,,firewall,,credential-access,1,0
cd0a4943-0edd-42cf-b50c-06f77a10d4c1,rules,medium,experimental,fortigate,,event,persistence,1,1
5c8d7b41-3812-432f-a0bb-4cfb7c31827e,rules,medium,experimental,fortigate,,event,defense-impairment,1,1
f24ab7a8-f09a-4319-82c1-915586aa642b,rules,medium,experimental,fortigate,,event,defense-impairment,1,1
ddbbe845-1d74-43a8-8231-2156d180234d,rules,medium,experimental,fortigate,,event,persistence,1,1
2bfb6216-0c31-4d20-8501-2629b29a3fa2,rules,medium,experimental,fortigate,,event,initial-access|persistence,1,1
69ffc84e-8b1a-4024-8351-e018f66b8275,rules,medium,experimental,fortigate,,event,persistence|privilege-escalation,1,1
8b5dacf2-aeb7-459d-b133-678eb696d410,rules,medium,experimental,fortigate,,event,initial-access|persistence,1,1
a557ffe6-ac54-43d2-ae69-158027082350,rules,low,test,huawei,,bgp,collection|credential-access|initial-access|persistence|privilege-escalation|stealth,1,1
a7c0ae48-8df8-42bf-91bd-2ea57e2f9d43,rules,low,test,juniper,,bgp,collection|credential-access|initial-access|persistence|privilege-escalation|stealth,1,1
b640c0b8-87f8-4daa-aef8-95a24261dd1d,rules,medium,test,zeek,,dce_rpc,execution|persistence|privilege-escalation,1,1
53389db6-ba46-48e3-a94c-e0f2cefe1583,rules,medium,test,zeek,,dce_rpc,persistence|privilege-escalation,1,1
4096842a-8f9f-4d36-92b4-d0b2a62f9b2a,rules,medium,test,zeek,,dce_rpc,collection|credential-access,1,1
bae2865c-5565-470d-b505-9496c87d0c30,rules,medium,test,zeek,,smb_files,lateral-movement,1,1
7100f7e3-92ce-4584-b7b7-01b40d3d4118,rules,high,test,zeek,,x509,command-and-control,1,0
5588576c-5898-4fac-bcdd-7475a60e8f43,rules,high,experimental,zeek,,dns,collection|credential-access|persistence|privilege-escalation,1,0
bf74135c-18e8-4a72-a926-0e4f47888c19,rules,low,test,zeek,,dns,execution|impact,1,1
fa7703d6-0ee8-4949-889c-48c84bc15b6f,rules,low,test,zeek,,dns,command-and-control,1,0
ede05abc-2c9e-4624-9944-9ff17fdc0bf5,rules,medium,test,zeek,,dns,command-and-control,1,1
a8322756-015c-42e7-afb1-436e85ed3ff5,rules,medium,test,zeek,,dns,exfiltration,1,0
aac2fd97-bcba-491b-ad66-a6edf89c71bf,rules,medium,test,zeek,,http,command-and-control,1,0
68c2c604-92ad-468b-bf4a-aac49adad08c,rules,medium,experimental,zeek,,http,command-and-control|initial-access,1,1
705072a5-bb6f-4ced-95b6-ecfa6602090b,rules,low,test,zeek,,http,exfiltration,1,0
1fc0809e-06bf-4de3-ad52-25e5263b7623,rules,high,test,zeek,,rdp,lateral-movement,1,1
dde85b37-40cd-4a94-b00c-0b8794f956b5,rules,medium,test,zeek,,smb_files,execution|lateral-movement|persistence|privilege-escalation,1,0
92dae1ed-1c9d-4eff-a567-33acbd95b00e,rules,high,test,zeek,,smb_files,credential-access,1,0
021310d9-30a6-480a-84b7-eaa69aeb92bb,rules,high,test,zeek,,smb_files,lateral-movement,1,1
f1b3a22a-45e6-4004-afb5-4291f9c21166,rules,high,test,zeek,,smb_files,lateral-movement,1,0
286b47ed-f6fe-40b3-b3a8-35129acd43bc,rules,medium,test,zeek,,smb_files,collection,1,1
2e69f167-47b5-4ae7-a390-47764529eff5,rules,medium,test,zeek,,smb_files,credential-access,1,1
503fe26e-b5f2-4944-a126-eab405cc06e5,rules,medium,test,zeek,,kerberos,credential-access,1,1
1da8ce0b-855d-4004-8860-7d64d42063b1,rules,high,test,,,apache,impact,1,0
e9a2b582-3f6a-48ac-b4a1-6849cdc50b3c,rules,medium,test,,,apache,initial-access|lateral-movement,1,1
59ec40bb-322e-40ab-808d-84fa690d7e56,rules,high,test,,,nginx,impact,1,1
195c1119-ef07-4909-bb12-e66f5e07bf3c,rules,medium,test,,proxy,,command-and-control,1,1
00d0b5ab-1f55-4120-8e83-487c0a7baf19,rules,low,test,,proxy,,execution|initial-access,1,1
b5de2919-b74a-4805-91a7-5049accbaefe,rules,low,test,,proxy,,execution|initial-access,1,1
e09aed7a-09e0-4c9a-90dd-f0d52507347e,rules,high,test,,proxy,,command-and-control,1,1
b59c98c6-95e8-4d65-93ee-f594dfb96b17,rules,medium,test,,proxy,,initial-access,1,1
1712bafe-be05-4a0e-89d4-17a3ed151bf5,rules,medium,experimental,,proxy,,reconnaissance,1,1
304810ed-8853-437f-9e36-c4975c3dfd7e,rules,critical,test,,proxy,,command-and-control,1,0
f3f21ce1-cdef-4bfc-8328-ed2e826f5fac,rules,high,test,,proxy,,command-and-control,1,0
b923f7d6-ac89-4a50-a71a-89fb846b4aa8,rules,high,test,,proxy,,command-and-control,1,1
1a9bb21a-1bb5-42d7-aa05-3219c7c8f47d,rules,medium,test,,proxy,,discovery|reconnaissance,1,1
2b1ee7e4-89b6-4739-b7bb-b811b6607e5e,rules,critical,test,,proxy,,command-and-control,1,0
5468045b-4fcc-4d1a-973c-c9c9578edacb,rules,high,test,,proxy,,command-and-control,1,1
4922a5dd-6743-4fc2-8e81-144374280997,rules,high,test,,proxy,,execution|initial-access|stealth,1,1
eb6c2004-1cef-427f-8885-9042974e5eb6,rules,low,test,,proxy,,collection|credential-access,1,1
b494b165-6634-483d-8c47-2026a6c52372,rules,medium,test,,proxy,,command-and-control,1,1
6ec820f2-e963-4801-9127-d8b2dce4d31b,rules,high,test,,proxy,,command-and-control,1,0
d443095b-a221-4957-a2c4-cd1756c9b747,rules,medium,test,,proxy,,command-and-control,1,0
8ccd35a2-1c7c-468b-b568-ac6cdf80eec3,rules,high,test,,proxy,,command-and-control|execution|persistence|stealth,1,0
9eb68894-7476-4cd6-8752-23b51f5883a7,rules,high,test,,proxy,,command-and-control|execution|persistence|stealth,1,1
fa935401-513b-467b-81f4-f9e77aa0dd78,rules,high,test,,proxy,,command-and-control,1,0
21e44d78-95e7-421b-a464-ffd8395659c4,rules,medium,test,,proxy,,command-and-control,1,0
fdd1bfb5-f60b-4a35-910e-f36ed3d0b32f,rules,high,test,,proxy,,command-and-control,1,0
c42a3073-30fb-48ae-8c99-c23ada84b103,rules,high,test,,proxy,,credential-access|initial-access,1,0
5c84856b-55a5-45f1-826f-13f37250cf4e,rules,high,test,,proxy,,command-and-control,1,0
c8557060-9221-4448-8794-96320e6f3e74,rules,medium,test,,proxy,,command-and-control,1,1
2c03648b-e081-41a5-b9fb-7d854a915091,rules,medium,test,,proxy,,exfiltration,1,1
7195a772-4b3f-43a4-a210-6a003d65caa1,rules,high,test,,proxy,,command-and-control,1,0
894a8613-cf12-48b3-8e57-9085f54aa0c3,rules,medium,test,,proxy,,command-and-control,1,0
1ae64f96-72b6-48b3-ad3d-e71dff6c6398,rules,high,test,,proxy,,initial-access|resource-development,1,0
85254a62-22be-4239-b79c-2ec17e566c37,rules,medium,test,,webserver,,execution|initial-access,1,1
7cb02516-6d95-4ffc-8eee-162075e111ac,rules,medium,test,,webserver,,initial-access,1,0
583aa0a2-30b1-4d62-8bf3-ab73689efe6c,rules,high,test,,webserver,,initial-access,1,1
412d55bc-7737-4d25-9542-5b396867ce55,rules,high,test,,webserver,,initial-access,1,1
7745c2ea-24a5-4290-b680-04359cb84b35,rules,medium,test,,webserver,,initial-access,1,1
953d460b-f810-420a-97a2-cfca4c98e602,rules,medium,test,,webserver,,discovery,1,0
5513deaf-f49a-46c2-a6c8-3f111b5cb453,rules,high,test,,webserver,,initial-access,1,1
ada3bc4f-f0fd-42b9-ba91-e105e8af7342,rules,high,test,,webserver,,stealth,1,1
19aa4f58-94ca-45ff-bc34-92e533c0994a,rules,medium,test,,webserver,,initial-access,1,0
9f6a34b4-2688-4eb7-a7f5-e39fef573d0e,rules,high,test,,webserver,,exfiltration|persistence,1,1
2ea44a60-cfda-11ea-87d0-0242ac130003,rules,high,test,,webserver,,persistence,1,1
7ff9db12-1b94-4a79-ba68-a2402c5d6729,rules,high,test,,webserver,,persistence,1,1
65354b83-a2ea-4ea6-8414-3ab38be0d409,rules,high,test,,webserver,,initial-access,1,1
78bc5783-81d9-4d73-ac97-59f6db4f72a8,rules,high,test,windows,,application,resource-development,1,1
a18e0862-127b-43ca-be12-1a542c75c7c5,rules,high,experimental,windows,,application,credential-access,1,1
545a5da6-f103-4919-a519-e9aec1026ee4,rules,high,test,windows,,application,defense-impairment|stealth,1,1
e6e88853-5f20-4c4a-8d26-cd469fd8d31f,rules,medium,test,windows,,application,credential-access,1,1
94dc4390-6b7c-4784-8ffc-335334404650,rules,medium,test,windows,,application,execution,1,1
48d91a3a-2363-43ba-a456-ca71ac3da5c2,rules,critical,test,windows,,application,credential-access|execution|impact|lateral-movement|privilege-escalation|stealth,1,0
9703792d-fd9a-456d-a672-ff92efe4806a,rules,medium,test,windows,,application,stealth,1,0
b4c8da4a-1c12-46b0-8a2b-0a8521d03442,rules,high,test,windows,,application,execution|lateral-movement,1,0
570ae5ec-33dc-427c-b815-db86228ad43e,rules,low,test,windows,,application,impact,1,0
c7c8aa1c-5aff-408e-828b-998e3620b341,rules,medium,test,windows,,application,execution,1,1
5594e67a-7f92-4a04-b65d-1a42fd824a60,rules,medium,test,windows,,application,stealth,1,0
87261fb2-69d0-42fe-b9de-88c6b5f65a43,rules,high,test,windows,,application,command-and-control,1,1
08200f85-2678-463e-9c32-88dce2f073d1,rules,high,test,windows,,application,persistence,1,1
00321fee-ca72-4cce-b011-5415af3b9960,rules,medium,experimental,windows,,application,exfiltration|impact,1,1
350dfb37-3706-4cdc-9e2e-5e24bc3a46df,rules,high,test,windows,,application,defense-impairment,1,1
218d2855-2bba-4f61-9c85-81d0ea63ac71,rules,low,test,windows,,application,credential-access,1,1
ebfe73c2-5bc9-4ed9-aaa8-8b54b2b4777d,rules,medium,test,windows,,application,credential-access,1,0
b3d57a5c-c92e-4b48-9a79-5f124b7cf964,rules,high,test,windows,,application,persistence,1,1
7f103213-a04e-4d59-8261-213dddf22314,rules,high,test,windows,,application,execution,1,0
d08dd86f-681e-4a00-a92c-1db218754417,rules,high,test,windows,,application,execution,1,1
076ebe48-cc05-4d8f-9d41-89245cd93a14,rules,low,test,windows,,application,execution,1,1
5d19eb78-5b5b-4ef2-a9f0-4bfa94d58a13,rules,low,test,windows,,application,execution,1,1
6c82cf5c-090d-4d57-9188-533577631108,rules,high,test,windows,,application,defense-impairment|stealth,1,1
401e5d00-b944-11ea-8f9a-00163ecd60ae,rules,medium,test,windows,,applocker,execution,1,1
557e3bd3-7f21-495d-8d50-7c8bdfb8041c,rules,medium,experimental,windows,,applocker,execution,1,1
d29a20b2-be4b-4827-81f2-3d8a59eab5fc,rules,low,test,windows,,appmodel-runtime,execution|stealth,1,1
6ae53108-c3a0-4bee-8f45-c7591a2c337f,rules,medium,test,windows,,appxdeployment-server,stealth,1,1
8b48ad89-10d8-4382-a546-50588c410f0d,rules,high,test,windows,,appxdeployment-server,stealth,1,1
898d5fc9-fbc3-43de-93ad-38e97237c344,rules,medium,test,windows,,appxdeployment-server,stealth,1,1
5cdeaf3d-1489-477c-95ab-c318559fc051,rules,high,test,windows,,appxdeployment-server,stealth,1,0
e54279c7-4910-4e2c-902c-c56a25b549f6,rules,medium,experimental,windows,,appxdeployment-server,defense-impairment|execution,1,1
09d3b48b-be17-47f5-bf4e-94e7e75d09ce,rules,medium,test,windows,,appxdeployment-server,stealth,1,1
e021bbb5-407f-41f5-9dc9-1864c45a7a51,rules,medium,test,windows,,appxdeployment-server,defense-impairment,1,1
c977cb50-3dff-4a9f-b873-9290f56132f1,rules,medium,test,windows,,appxdeployment-server,stealth,1,0
9a025188-6f2d-42f8-bb2f-d3a83d24a5af,rules,medium,experimental,windows,,appxdeployment-server,defense-impairment|execution,1,1
b5aa7d60-c17e-4538-97de-09029d6cd76b,rules,medium,test,windows,,appxpackaging-om,execution|stealth,1,0
1ff315dc-2a3a-4b71-8dde-873818d25d39,rules,low,test,windows,,bits-client,execution|persistence|stealth,1,1
fe3a2d49-f255-4d10-935c-bda7391108eb,rules,low,test,windows,,bits-client,execution|persistence|stealth,1,1
b85e5894-9b19-4d86-8c87-a2f3b81f0521,rules,medium,test,windows,,bits-client,execution|persistence|stealth,1,1
d635249d-86b5-4dad-a8c7-d7272b788586,rules,high,test,windows,,bits-client,execution|persistence|stealth,1,0
90f138c1-f578-4ac3-8c49-eecfd847c8b7,rules,high,test,windows,,bits-client,execution|persistence|stealth,1,0
6d44fb93-e7d2-475c-9d3d-54c9c1e33427,rules,medium,test,windows,,bits-client,execution|persistence|stealth,1,1
f8a56cb7-a363-44ed-a82f-5926bb44cd05,rules,high,test,windows,,bits-client,execution|persistence|stealth,1,0
e2b5163d-7deb-4566-9af3-40afea6858c3,rules,medium,test,windows,,capi2,credential-access,1,1
58c0bff0-40a0-46e8-b5e8-b734b84d2017,rules,medium,test,windows,,certificateservicesclient-lifecycle-system,credential-access,1,1
f8931561-97f5-4c46-907f-0a4a592e47a7,rules,low,experimental,windows,,codeintegrity-operational,execution,1,1
5daf11c3-022b-4969-adb9-365e6c078c7c,rules,high,test,windows,,codeintegrity-operational,privilege-escalation,1,0
e4be5675-4a53-426a-8c81-a8bb2387e947,rules,high,test,windows,,codeintegrity-operational,persistence|privilege-escalation,1,0
9b72b82d-f1c5-4632-b589-187159bc6ec1,rules,high,test,windows,,codeintegrity-operational,persistence|privilege-escalation,1,0
320fccbf-5e32-4101-82b8-2679c5f007c6,rules,high,test,windows,,codeintegrity-operational,privilege-escalation,1,0
6f156c48-3894-4952-baf0-16193e9067d2,rules,high,test,windows,,codeintegrity-operational,privilege-escalation,1,0
881b7725-47cc-4055-8000-425823344c59,rules,high,test,windows,,codeintegrity-operational,privilege-escalation,1,0
951f8d29-f2f6-48a7-859f-0673ff105e6f,rules,high,test,windows,,codeintegrity-operational,privilege-escalation,1,0
c92c24e7-f595-493f-9c98-53d5142f5c18,rules,high,test,windows,,codeintegrity-operational,privilege-escalation,1,0
2f8cd7a0-9d5a-4f62-9f8b-2c951aa0dd1f,rules,high,test,windows,,codeintegrity-operational,privilege-escalation,1,0
50cb47b8-2c33-4b23-a2e9-4600657d9746,rules,high,test,windows,,diagnosis-scripted,execution,1,1
29f171d7-aa47-42c7-9c7b-3c87938164d9,rules,high,test,windows,,dns-client,exfiltration,1,1
0d18728b-f5bf-4381-9dcf-915539fff6c2,rules,critical,test,windows,,dns-client,command-and-control,1,0
66474410-b883-415f-9f8d-75345a0a66a6,rules,medium,test,windows,,dns-client,exfiltration,1,1
8b69fd42-9dad-4674-abef-7fdef43ef92a,rules,medium,test,windows,,dns-client,command-and-control,1,1
8384bd26-bde6-4da9-8e5d-4174a7a47ca2,rules,high,test,windows,,dns-client,command-and-control,1,0
090ffaad-c01a-4879-850c-6d57da98452d,rules,low,test,windows,,dns-client,exfiltration,1,1
6d444368-6da1-43fe-b2fc-44202430480e,rules,medium,test,windows,,dns-server,reconnaissance,1,0
cbe51394-cd93-4473-b555-edf0144952d9,rules,high,test,windows,,dns-server,execution|persistence|privilege-escalation|stealth,1,0
1a4bd6e3-4c6e-405d-a9a3-53a116e341d4,rules,low,test,windows,,driver-framework,initial-access,1,1
cde0a575-7d3d-4a49-9817-b8004a7bf105,rules,medium,test,windows,,firewall-as,defense-impairment,0,0
9e2575e7-2cb9-4da1-adc8-ed94221dca5e,rules,high,test,windows,,firewall-as,defense-impairment,1,0
eca81e8d-09e1-4d04-8614-c91f44fd0519,rules,medium,test,windows,,firewall-as,defense-impairment,1,1
79609c82-a488-426e-abcf-9f341a39365d,rules,high,test,windows,,firewall-as,defense-impairment,0,0
c187c075-bb3e-4c62-b4fa-beae0ffc211f,rules,medium,test,windows,,firewall-as,defense-impairment,0,0
7ec15688-fd24-4177-ba43-1a950537ee39,rules,low,test,windows,,firewall-as,defense-impairment,0,0
04b60639-39c0-412a-9fbe-e82499c881a3,rules,low,test,windows,,firewall-as,defense-impairment,0,0
00bb5bd5-1379-4fcf-a965-a5b6f7478064,rules,low,test,windows,,firewall-as,defense-impairment,0,0
a5b40a90-baf5-4bf7-a6f7-373494881d22,rules,medium,test,windows,,iis-configuration,defense-impairment|persistence,1,1
e8ebd53a-30c2-45bd-81bb-74befba07bdb,rules,high,test,windows,,iis-configuration,defense-impairment|persistence,1,0
dd857d3e-0c6e-457b-9b48-e82ae7f86bd7,rules,medium,test,windows,,iis-configuration,defense-impairment|persistence,1,1
9e1a1fdf-ee58-40ce-8e15-b66ca5a80e1f,rules,low,test,windows,,iis-configuration,defense-impairment|persistence,1,1
31d68132-4038-47c7-8f8e-635a39a7c174,rules,medium,test,windows,,ldap,discovery,0,0
7ac407cc-0f48-4328-aede-de1d2e6fef41,rules,medium,test,windows,,lsa-server,credential-access|privilege-escalation,1,1
550d3350-bb8a-4ff3-9533-2ba533f4a1c0,rules,critical,test,windows,,msexchange-management,resource-development,1,0
b7bc7038-638b-4ffd-880c-292c692209ef,rules,critical,test,windows,,msexchange-management,persistence,1,0
516376b4-05cd-4122-bae0-ad7641c38d48,rules,critical,test,windows,,msexchange-management,persistence,1,0
09570ae5-889e-43ea-aac0-0e1221fb3d95,rules,high,test,windows,,msexchange-management,stealth,1,0
9db37458-4df2-46a5-95ab-307e7f29e675,rules,high,test,windows,,msexchange-management,persistence,1,0
4fe151c2-ecf9-4fae-95ae-b88ec9c2fca6,rules,medium,test,windows,,msexchange-management,persistence,1,1
c7d16cae-aaf3-42e5-9c1c-fb8553faa6fa,rules,high,test,windows,,msexchange-management,persistence,1,1
98c3bcf1-56f2-49dc-9d8d-c66cf190238b,rules,low,test,windows,,ntlm,lateral-movement,1,0
9c8acf1a-cbf9-4db6-b63c-74baabe03e59,rules,medium,test,windows,,ntlm,credential-access,1,1
ce5678bb-b9aa-4fb5-be4b-e57f686256ad,rules,medium,test,windows,,ntlm,command-and-control,1,1
3ce8e9a4-bc61-4c9b-8e69-d7e2492a8781,rules,medium,test,windows,,openssh,lateral-movement,1,1
02f7c9c1-1ae8-4c6a-8add-04693807f92f,rules,medium,test,windows,,security,privilege-escalation|stealth,1,0
0f63e1ef-1eb9-4226-9d54-8927ca08520a,rules,low,test,windows,,security,initial-access|lateral-movement|persistence|privilege-escalation|stealth,1,1
2111118f-7e46-4fc8-974a-59fd8ec95196,rules,critical,test,windows,,security,privilege-escalation,1,0
c43c26be-2e87-46c7-8661-284588c5a53e,rules,low,stable,windows,,security,persistence|privilege-escalation,1,0
02c39d30-02b5-45d2-b435-8aebfe5a8629,rules,low,stable,windows,,security,persistence|privilege-escalation,1,0
192a0330-c20b-4356-90b6-7b7049ae0b87,rules,high,test,windows,,security,lateral-movement,1,1
8eef149c-bd26-49f2-9e5a-9b00e3af499b,rules,medium,stable,windows,,security,lateral-movement,1,1
51e33403-2a37-4d66-a574-1fda1782cc31,rules,high,test,windows,,security,lateral-movement,1,0
b237c54b-0f15-4612-a819-44b735e0de27,rules,low,stable,windows,,security,persistence|privilege-escalation,1,0
259a9cdf-c4dd-4fa2-b243-2269e5ab18a2,rules,medium,test,windows,,security,credential-access|initial-access|persistence|privilege-escalation|stealth,1,1
78d5cab4-557e-454f-9fb9-a222bd0d5edc,rules,high,test,windows,,security,credential-access|initial-access|persistence|privilege-escalation|stealth,1,1
f88e112a-21aa-44bd-9b01-6ee2a2bbbed1,rules,medium,test,windows,,security,initial-access|persistence|privilege-escalation|stealth,1,1
def8b624-e08f-4ae1-8612-1ba21190da6b,rules,low,test,windows,,security,lateral-movement,1,1
749c9f5e-b353-4b90-a9c1-05243357ca4b,rules,high,test,windows,,security,credential-access|privilege-escalation,1,0
16f5d8ca-44bd-47c8-acbe-6fc95a16c12f,rules,high,test,windows,,security,collection|credential-access|privilege-escalation,1,0
5af54681-df95-4c26-854f-2565e13cfab0,rules,low,stable,windows,,security,execution,1,1
bacf58c6-e199-4040-a94f-95dea0f1e45a,rules,high,test,windows,,security,defense-impairment,1,0
ff151c33-45fa-475d-af4f-c2f93571f4fe,rules,medium,test,windows,,security,discovery,1,0
1d2ab8ac-1a01-423b-9c39-001510eae8e8,rules,medium,test,windows,,security,discovery,1,0
2c99737c-585d-4431-b61a-c911d86ff32f,rules,high,test,windows,,security,persistence|privilege-escalation,1,1
35ba1d85-724d-42a3-889f-2e2362bcaf23,rules,high,test,windows,,security,discovery,1,1
028c7842-4243-41cd-be6f-12f3cf1a26c7,rules,critical,test,windows,,security,defense-impairment,1,0
611eab06-a145-4dfa-a295-3ccc5c20f59a,rules,medium,test,windows,,security,credential-access,1,1
17d619c1-e020-4347-957e-1d1207455c93,rules,medium,test,windows,,security,credential-access,1,0
ab6bffca-beff-4baa-af11-6733f296d57a,rules,medium,test,windows,,security,discovery,1,1
5ee3a654-372f-11ec-8d3d-0242ac130003,rules,low,test,windows,,security,credential-access|privilege-escalation,1,1
bfbd3291-de87-4b7c-88a2-d6a5deb28668,rules,high,test,windows,,security,credential-access|privilege-escalation,1,1
20d96d95-5a20-4cf1-a483-f3bda8a7c037,rules,low,test,windows,,security,defense-impairment,1,0
098d7118-55bc-4912-a836-dc6483a8d150,rules,low,test,windows,,security,lateral-movement,1,1
311b6ce2-7890-4383-a8c2-663a9f6b43cd,rules,high,test,windows,,security,persistence|privilege-escalation,1,0
300bac00-e041-4ee2-9c36-e262656a6ecc,rules,high,test,windows,,security,persistence|privilege-escalation,1,0
f6de9536-0441-4b3f-a646-f4e00f300ffd,rules,high,test,windows,,security,defense-impairment,1,0
24549159-ac1b-479c-8175-d42aea947cae,rules,high,test,windows,,security,collection|discovery|execution|lateral-movement,1,1
f6de6525-4509-495a-8a82-1f8b0ed73a00,rules,medium,test,windows,,security,execution|lateral-movement|persistence|privilege-escalation,1,0
d99b79d2-0a6f-4f46-ad8b-260b6e17f982,rules,high,test,windows,,security,defense-impairment,1,1
8cd538a4-62d5-4e83-810b-12d41e428d6e,rules,medium,test,windows,,security,collection,1,0
d7a95147-145f-4678-b85d-d1ff4a3bb3f6,rules,high,test,windows,,security,execution|lateral-movement|persistence|privilege-escalation,1,0
470ec5fa-7b4e-4071-b200-4c753100f49b,rules,informational,stable,windows,,security,stealth,1,1
214e8f95-100a-4e04-bb31-ef6cba8ce07e,rules,medium,test,windows,,security,lateral-movement,1,1
c39f0c81-7348-4965-ab27-2fde35a1b641,rules,high,test,windows,,security,lateral-movement,1,0
e5ac86dd-2da1-454b-be74-05d26c769d7d,rules,medium,experimental,windows,,security,defense-impairment|privilege-escalation,1,1
c9eb55c3-b468-40ab-9089-db2862e42137,rules,medium,test,windows,,security,initial-access,1,0
69aeb277-f15f-4d2d-b32a-55e883609563,rules,low,test,windows,,security,defense-impairment,1,0
ab4561b1-6c7e-48a7-ad08-087cfb9ce8f1,rules,high,test,windows,,security,defense-impairment,1,0
a4c90ea1-2634-4ca0-adbb-35eae169b6fc,rules,high,test,windows,,security,defense-impairment|persistence,1,0
4ac1f50b-3bd0-4968-902d-868b4647937e,rules,high,test,windows,,security,credential-access,1,0
39a94fd1-8c9a-4ff6-bf22-c058762f8014,rules,medium,test,windows,,security,credential-access,1,1
e3c6d245-7b8f-4e2a-c17f-a9d0e5b38f62,rules,medium,experimental,windows,,security,privilege-escalation|stealth,1,1
f69a87ea-955e-4fb4-adb2-bb9fd6685632,rules,low,test,windows,,security,initial-access|lateral-movement,1,0
a8f29a7b-b137-4446-80a0-b804272f3da2,rules,high,test,windows,,security,execution|lateral-movement|persistence|privilege-escalation,1,1
7b449a5e-1db5-4dd0-a2dc-4e3a67282538,rules,high,test,windows,,security,persistence,1,0
98054878-5eab-434c-85d4-72d4e5a3361b,rules,high,test,windows,,security,defense-impairment,1,0
7b14c76a-c602-4ae6-9717-eff868153fc0,rules,high,test,windows,,security,privilege-escalation|stealth,1,0
0ee4d8a5-4e67-4faf-acfa-62a78457d1f2,rules,high,test,windows,,security,persistence,1,1
32d56ea1-417f-44ff-822b-882873f5f43b,rules,high,test,windows,,security,lateral-movement,1,0
252902e3-5830-4cf6-bf21-c22083dfd5cf,rules,high,test,windows,,security,credential-access,1,0
4edf51e1-cb83-4e1a-bc39-800e396068e3,rules,high,test,windows,,security,execution|stealth,1,0
fd0f5778-d3cb-4c9a-9695-66759d04702a,rules,high,test,windows,,security,stealth,1,0
0c718a5e-4284-4fb9-b4d9-b9a50b3a1974,rules,high,test,windows,,security,execution|stealth,1,0
dcf2db1f-f091-425b-a821-c05875b8925a,rules,high,test,windows,,security,execution|stealth,1,0
7a922f1b-2635-4d6c-91ef-af228b198ad3,rules,medium,test,windows,,security,execution|stealth,1,0
f241cf1b-3a6b-4e1a-b4f9-133c00dd95ca,rules,medium,test,windows,,security,execution|stealth,1,0
80b708f3-d034-40e4-a6c8-d23b7a7db3d1,rules,high,test,windows,,security,execution|stealth,1,0
1a0a2ff1-611b-4dac-8216-8a7b47c618a6,rules,high,test,windows,,security,execution|stealth,1,0
9b8d9203-4e0f-4cd9-bb06-4cc4ea6d0e9a,rules,high,test,windows,,security,execution|stealth,1,0
cd0f7229-d16f-42de-8fe3-fba365fbcb3a,rules,high,test,windows,,security,execution|stealth,1,0
4c54ba8f-73d2-4d40-8890-d9cf1dca3d30,rules,high,test,windows,,security,execution|stealth,1,0
0248a7bc-8a9a-4cd8-a57e-3ae8e073a073,rules,medium,test,windows,,security,initial-access,1,1
d04ae2b8-ad54-4de0-bd87-4bc1da66aa59,rules,medium,test,windows,,security,credential-access,1,1
3e2f1b2c-4d5e-11ee-be56-0242ac120002,rules,medium,experimental,windows,,security,,1,1
b07e58cf-cacc-4135-8473-ccb2eba63dd2,rules,high,experimental,windows,,security,collection|credential-access|persistence|privilege-escalation,1,0
52d8b0c6-53d6-439a-9e41-52ad442ad9ad,rules,high,test,windows,,security,lateral-movement,1,1
962fe167-e48d-4fd6-9974-11e5b9a5d6d1,rules,medium,test,windows,,security,credential-access,1,0
f0d1feba-4344-4ca9-8121-a6c97bd6df52,rules,high,test,windows,,security,credential-access|execution,1,1
1de68c67-af5c-4097-9c85-fe5578e09e67,rules,critical,test,windows,,security,credential-access,1,0
72124974-a68b-4366-b990-d30e0b2a190d,rules,high,test,windows,,security,lateral-movement,1,1
6fb63b40-e02a-403e-9ffd-3bcc1d749442,rules,high,test,windows,,security,execution|lateral-movement,1,1
ecbc5e16-58e0-4521-9c60-eb9a7ea4ad34,rules,high,test,windows,,security,privilege-escalation|stealth,1,0
d3abac66-f11c-4ed0-8acb-50cc29c97eed,rules,high,test,windows,,security,defense-impairment|persistence,1,0
35bc7e28-ee6b-492f-ab04-da58fcf6402e,rules,medium,test,windows,,security,persistence|privilege-escalation,1,1
cfeed607-6aa4-4bbd-9627-b637deb723c8,rules,medium,test,windows,,security,stealth,1,0
8e5c03fa-b7f0-11ea-b242-07e0576828d9,rules,medium,test,windows,,security,lateral-movement,1,1
12ba6a38-adb3-4d6b-91ba-a7fb248e3199,rules,medium,test,windows,,security,discovery,0,0
7b687634-ab20-11ea-bb37-0242ac130002,rules,medium,test,windows,,security,credential-access|discovery,1,0
1ce8c8a3-2723-48ed-8246-906ac91061a6,rules,high,test,windows,,security,credential-access,1,1
6a53d871-682d-40b6-83e0-b7c1a6c4e3a5,rules,high,test,windows,,security,credential-access,1,1
32e19d25-4aed-4860-a55a-be99cb0bf7ed,rules,medium,test,windows,,security,credential-access|defense-impairment,1,1
2a926e6a-4b81-4011-8a96-e36cc8c04302,rules,high,test,windows,,security,execution,1,0
45545954-4016-43c6-855e-eae8f1c369dc,rules,high,test,windows,,security,lateral-movement,1,0
5bed80b6-b3e8-428e-a3ae-d3c757589e41,rules,high,test,windows,,security,command-and-control|lateral-movement,1,1
12e6d621-194f-4f59-90cc-1959e21e69f7,rules,high,test,windows,,security,credential-access|lateral-movement|privilege-escalation,1,0
11d00fff-5dc3-428c-8184-801f292faec0,rules,low,test,windows,,security,execution|persistence|privilege-escalation|stealth,1,1
13acf386-b8c6-4fe0-9a6e-c4756b974698,rules,high,test,windows,,security,execution,1,1
5a44727c-3b85-4713-8c44-4401d5499629,rules,high,test,windows,,security,credential-access,1,0
f8748f2c-89dc-4d95-afb0-5a2dfdbad332,rules,high,test,windows,,security,credential-access|discovery,1,0
13addce7-47b2-4ca0-a98f-1de964d1d669,rules,medium,test,windows,,security,discovery,1,0
dae8171c-5ec6-4396-b210-8466585b53e9,rules,medium,test,windows,,security,privilege-escalation,1,0
39a80702-d7ca-4a83-b776-525b1f86a36d,rules,medium,test,windows,,security,defense-impairment|impact|stealth,1,1
c8b00925-926c-47e3-beea-298fd563728e,rules,medium,test,windows,,security,execution|persistence|privilege-escalation,1,1
c4e92a97-a9ff-4392-9d2d-7a4c642768ca,rules,high,test,windows,,security,persistence|privilege-escalation,1,0
5d6c375a-18ae-4952-b4f6-8b803f6c8555,rules,medium,experimental,windows,,security,credential-access,1,1
b210394c-ba12-4f89-9117-44a2464b9511,rules,high,test,windows,,security,lateral-movement,1,0
0255a820-e564-4e40-af2b-6ac61160335c,rules,medium,stable,windows,,security,persistence|privilege-escalation,1,1
2632954e-db1c-49cb-9936-67d1ef1d17d2,rules,medium,stable,windows,,security,persistence|privilege-escalation|stealth,1,1
39698b3f-da92-4bc6-bfb5-645a98386e45,rules,critical,test,windows,,security,initial-access|persistence|privilege-escalation|stealth,1,0
53ad8e36-f573-46bf-97e4-15ba5bf4bb51,rules,high,stable,windows,,security,persistence|privilege-escalation,1,1
9eb99343-d336-4020-a3cd-67f3819e68ee,rules,medium,test,windows,,security,initial-access|persistence|privilege-escalation|stealth,1,1
1c480e10-7ee1-46d4-8ed2-85f9789e3ce4,rules,medium,test,windows,,security,defense-impairment|privilege-escalation,1,1
123e4e6d-b123-48f8-b261-7214938acaf0,rules,medium,test,windows,,security,defense-impairment|persistence|privilege-escalation,1,1
f7644214-0eb0-4ace-9455-331ec4c09253,rules,high,test,windows,,security,credential-access,1,1
d00a9a72-2c09-4459-ad03-5e0a23351e36,rules,high,test,windows,,security,command-and-control,1,1
1bbf25b9-8038-4154-a50b-118f2a32be27,rules,high,test,windows,,security,persistence,1,0
941e5c45-cda7-4864-8cea-bbb7458d194a,rules,medium,test,windows,,security,initial-access|lateral-movement|persistence|privilege-escalation|stealth,1,1
aa1697b7-d611-4f9a-9cb2-5125b4ccfd5c,rules,high,test,windows,,security,credential-access,1,0
4a1b6da0-d94f-4fc3-98fc-2d9cb9e5ee76,rules,medium,test,windows,,security,credential-access,1,1
968eef52-9cff-4454-8992-1e74b9cbad6c,rules,high,test,windows,,security,discovery,1,1
00ba9da1-b510-4f6b-b258-8d338836180f,rules,medium,test,windows,,security,stealth,1,1
54f0434b-726f-48a1-b2aa-067df14516e4,rules,high,test,windows,,security,command-and-control|stealth,1,1
571498c8-908e-40b4-910b-d2369159a3da,rules,high,test,windows,,security,initial-access|stealth,1,1
eca91c7c-9214-47b9-b4c5-cb1d7e4f2350,rules,medium,test,windows,,security,credential-access|lateral-movement,1,1
f598ea0c-c25a-4f72-a219-50c44411c791,rules,high,test,windows,,security,credential-access|defense-impairment|persistence,1,1
c462f537-a1e3-41a6-b5fc-b2c2cef9bf82,rules,high,test,windows,,security,lateral-movement,1,0
91c945bc-2ad1-4799-a591-4d00198a1215,rules,medium,test,windows,,security,collection,1,1
496a0e47-0a33-4dca-b009-9e6ca3591f39,rules,medium,test,windows,,security,credential-access,1,1
3a734d25-df5c-4b99-8034-af1ddb5883a4,rules,high,test,windows,,security,execution|persistence|privilege-escalation,1,0
7595ba94-cf3b-4471-aa03-4f6baa9e5fad,rules,high,test,windows,,security,execution|persistence|privilege-escalation,1,0
614cf376-6651-47c4-9dcc-6b9527f749f4,rules,high,test,windows,,security,execution|persistence|privilege-escalation,1,0
faa031b5-21ed-4e02-8881-2591f98d82ed,rules,low,test,windows,,security,stealth,1,1
586a8d6b-6bfe-4ad9-9d78-888cd2fe50c3,rules,medium,test,windows,,security,lateral-movement|persistence,1,0
9a4ff3b8-6187-4fd2-8e8b-e0eae1129495,rules,high,test,windows,,security,discovery,1,0
18beca67-ab3e-4ee3-ba7a-a46ca8d7d0cc,rules,high,test,windows,,security,defense-impairment|persistence,1,0
9c8afa4d-0022-48f0-9456-3712466f9701,rules,low,test,windows,,security,exfiltration,1,1
25cde13e-8e20-4c29-b949-4e795b76f16f,rules,high,test,windows,,security,credential-access,1,0
910ab938-668b-401b-b08c-b596e80fdca5,rules,medium,test,windows,,security,credential-access,1,1
c265cf08-3f99-46c1-8d59-328247057d57,rules,medium,stable,windows,,security,initial-access|persistence|privilege-escalation|stealth,1,1
6daac7fc-77d1-449a-a71a-e6b4d59a0e54,rules,high,test,windows,,security,credential-access|lateral-movement|privilege-escalation,1,0
66b6be3d-55d0-4f47-9855-d69df21740ea,rules,low,test,windows,,security,persistence,1,1
f63508a0-c809-4435-b3be-ed819394d612,rules,medium,test,windows,,security,defense-impairment,1,1
0badd08f-c6a3-4630-90d3-6875cca440be,rules,informational,test,windows,,security,impact,1,0
e9faba72-4974-4ab2-a4c5-46e25ad59e9b,rules,informational,test,windows,,security,credential-access,1,1
46a68649-f218-4f86-aea1-16a759d81820,rules,medium,test,windows,,security,defense-impairment,1,1
e9c8808f-4cfb-4ba9-97d4-e5f3beaa244d,rules,medium,test,windows,,security,defense-impairment,1,0
f033f3f3-fd24-4995-97d8-a3bb17550a88,rules,medium,test,windows,,security,persistence|privilege-escalation,1,1
f6c68d5f-e101-4b86-8c84-7d96851fd65c,rules,high,test,windows,,security,execution|lateral-movement,1,0
411742ad-89b0-49cb-a7b0-3971b5c1e0a4,rules,informational,stable,windows,,security,impact,1,0
0b0ea3cc-99c8-4730-9c53-45deee2a4c86,rules,high,test,windows,,security-mitigations,execution|persistence|privilege-escalation|stealth,1,0
8289bf8c-4aca-4f5a-9db3-dc3d7afe5c10,rules,high,test,windows,,security-mitigations,execution|persistence|privilege-escalation|stealth,1,0
b55d23e5-6821-44ff-8a6e-67218891e49f,rules,high,test,windows,,microsoft-servicebus-client,persistence,1,1
83c161b6-ca67-4f33-8ad0-644a0737cf07,rules,medium,test,windows,,shell-core,execution,1,1
71886b70-d7b4-4dbf-acce-87d2ca135262,rules,medium,test,windows,,smbclient-security,credential-access,1,1
8d91f6e4-9f3b-4c21-ae41-2c5b7d9f7a12,rules,medium,experimental,windows,,smbserver-connectivity,lateral-movement,1,1
4d7f1827-1637-4def-8d8a-fd254f9454df,rules,high,test,windows,,system,defense-impairment,1,0
e9d4ab66-a532-4ef7-a502-66a9e4a34f5d,rules,medium,test,windows,,system,lateral-movement,1,1
d22df9cd-2aee-4089-93c7-9dc4eae77f2c,rules,medium,experimental,windows,,system,collection|credential-access|execution|impact|initial-access|privilege-escalation,1,1
994bfd6d-0a2e-481e-a861-934069fcf5f5,rules,low,test,windows,,system,credential-access|defense-impairment,1,0
13fc89a9-971e-4ca6-b9dc-aa53a445bf40,rules,high,test,windows,,system,execution|persistence|privilege-escalation|stealth,1,0
75edd3fd-7146-48e5-9848-3013d7f0282c,rules,high,test,windows,,system,execution|persistence|privilege-escalation|stealth,1,0
bc2e25ed-b92b-4daa-b074-b502bdd1982b,rules,high,test,windows,,system,collection|credential-access|execution,1,0
a62b37e0-45d3-48d9-a517-90c1a1b0186b,rules,medium,test,windows,,system,defense-impairment,1,1
100ef69e-3327-481c-8e5c-6d80d9507556,rules,high,test,windows,,system,defense-impairment,1,1
993c2665-e6ef-40e3-a62a-e1a97686af79,rules,medium,test,windows,,system,privilege-escalation,1,1
b1e0b3f5-b62e-41be-886a-daffde446ad4,rules,low,test,windows,,system,credential-access,1,0
39f919f3-980b-4e6f-a975-8af7e507ef2b,rules,high,test,windows,,system,credential-access,1,0
f512acbf-e662-4903-843e-97ce4652b740,rules,low,test,windows,,system,credential-access,1,1
882fbe50-d8d7-4e29-ae80-0648a8556866,rules,medium,experimental,windows,,system,collection|credential-access,0,0
13cfeb75-9e33-4d04-b0f7-ab8faaa95a59,rules,informational,stable,windows,,system,impact|resource-development,1,0
18f37338-b9bd-4117-a039-280c81f7a596,rules,critical,stable,windows,,system,lateral-movement,0,0
a0cb7110-edf0-47a4-9177-541a4083128a,rules,high,test,windows,,system,privilege-escalation,1,0
f14719ce-d3ab-4e25-9ce6-2899092260b0,rules,high,test,windows,,system,impact,1,0
5a105d34-05fc-401e-8553-272b45c1522d,rules,critical,test,windows,,system,execution|lateral-movement|persistence|privilege-escalation,1,0
6c0a7755-6d31-44fa-80e1-133e57752680,rules,medium,stable,windows,,system,defense-impairment,1,1
52a85084-6989-40c3-8f32-091e12e13f09,rules,high,test,windows,,system,execution|lateral-movement,1,0
f7385ee2-0e0c-11eb-adc1-0242ac120002,rules,high,test,windows,,system,execution|stealth,1,0
51aa9387-1c53-4153-91cc-d73c59ae1ca9,rules,high,test,windows,,system,stealth,1,0
72862bf2-0eb1-11eb-adc1-0242ac120002,rules,high,test,windows,,system,execution|stealth,1,0
8ca7004b-e620-4ecb-870e-86129b5b8e75,rules,high,test,windows,,system,execution|stealth,1,0
175997c5-803c-4b08-8bb0-70b099f47595,rules,medium,test,windows,,system,execution|stealth,1,0
11b52f18-aaec-4d60-9143-5dd8cc4706b9,rules,medium,test,windows,,system,execution|stealth,1,0
487c7524-f892-4054-b263-8a0ace63fc25,rules,high,test,windows,,system,execution|stealth,1,0
63e3365d-4824-42d8-8b82-e56810fefa0c,rules,high,test,windows,,system,execution|stealth,1,0
7e9c7999-0f9b-4d4a-a6ed-af6d553d4af4,rules,high,test,windows,,system,execution|stealth,1,0
641a4bfb-c017-44f7-800c-2aee0184ce9b,rules,high,test,windows,,system,execution|stealth,1,0
14bcba49-a428-42d9-b943-e2ce0f0f7ae6,rules,high,test,windows,,system,execution|stealth,1,0
e97d9903-53b2-41fc-8cb9-889ed4093e80,rules,high,test,windows,,system,persistence|privilege-escalation,1,0
4976aa50-8f41-45c6-8b15-ab3fc10e79ed,rules,high,test,windows,,system,credential-access|execution,1,1
843544a7-56e0-4dcc-a44f-5cc266dd97d6,rules,high,test,windows,,system,privilege-escalation|stealth,1,0
25b9c01c-350d-4b95-bed1-836d04a4f324,rules,critical,test,windows,,system,persistence|privilege-escalation,1,0
a2e5019d-a658-4c6a-92bf-7197b54e2cae,rules,high,test,windows,,system,execution,1,0
530a6faa-ff3d-4022-b315-50828e77eef5,rules,medium,test,windows,,system,persistence,1,1
a27e5fa9-c35e-4e3d-b7e0-1ce2af66ad12,rules,medium,test,windows,,system,execution,1,0
d26ce60c-2151-403c-9a42-49420d87b5e4,rules,high,test,windows,,system,execution,1,0
e0d1ad53-c7eb-48ec-a87a-72393cc6cedc,rules,medium,test,windows,,system,command-and-control,1,1
2d510d8d-912b-45c5-b1df-36faa3d8c3f4,rules,medium,test,windows,,system,persistence,1,1
de7ce410-b3fb-4e8a-b38c-3b999e2c3420,rules,medium,test,windows,,system,execution,1,0
ee9ca27c-9bd7-4cee-9b01-6e906be7cae3,rules,medium,test,windows,,system,persistence|privilege-escalation,1,1
b98a10af-1e1e-44a7-bab2-4cc026917648,rules,medium,test,windows,,system,persistence|privilege-escalation,1,1
c4ff1eac-84ad-44dd-a6fb-d56a92fc43a9,rules,high,test,windows,,system,execution|persistence|privilege-escalation,1,0
9e36ed87-4986-482e-8e3b-5c23ffff11bf,rules,medium,test,windows,,system,execution,1,0
1a31b18a-f00c-4061-9900-f735b96c99fc,rules,medium,test,windows,,system,execution|persistence|privilege-escalation,1,0
85cce894-dd8b-4427-a958-5cc47a4dc9b9,rules,medium,test,windows,,system,persistence,1,1
31c51af6-e7aa-4da7-84d4-8f32cc580af2,rules,high,test,windows,,system,execution|persistence|privilege-escalation,1,0
71c276aa-49cd-43d2-b920-2dcd3e6962d5,rules,high,test,windows,,system,persistence|privilege-escalation,1,0
1d61f71d-59d2-479e-9562-4ff5f4ead16b,rules,high,test,windows,,system,persistence|privilege-escalation,1,0
42c575ea-e41e-41f1-b248-8093c3e82a28,rules,medium,test,windows,,system,execution,1,0
4bb79b62-ef12-4861-981d-2aab43fab642,rules,medium,test,windows,,system,command-and-control,1,1
8e4cf0e5-aa5d-4dc3-beff-dc26917744a9,rules,medium,test,windows,,system,exfiltration,1,1
26481afe-db26-4228-b264-25a29fe6efc7,rules,medium,test,windows,,system,persistence|privilege-escalation,1,0
acfa2210-0d71-4eeb-b477-afab494d596c,rules,low,test,windows,,system,stealth,1,1
d6b5520d-3934-48b4-928c-2aa3f92d6963,rules,high,test,windows,,system,stealth,1,1
56abae0c-6212-4b97-adc0-0b559bb950c3,rules,high,test,windows,,system,stealth,1,1
91c49341-e2ef-40c0-ac45-49ec5c3fe26c,rules,high,test,windows,,system,persistence,1,0
5e993621-67d4-488a-b9ae-b420d08b96cb,rules,medium,test,windows,,system,persistence|privilege-escalation,1,0
1b2ae822-6fe1-43ba-aa7c-d1a3b3d1d5f2,rules,high,test,windows,,system,persistence|privilege-escalation,1,0
70f00d10-60b2-4f34-b9a0-dc3df3fe762a,rules,high,test,windows,,system,persistence|privilege-escalation,1,0
424273ea-7cf8-43a6-b712-375f925e481f,rules,medium,test,windows,,taskscheduler,execution|persistence|privilege-escalation,1,0
f0767f15-0fb3-44b9-851e-e8d9a6d0005d,rules,medium,test,windows,,taskscheduler,execution|persistence|privilege-escalation,1,1
9e3cb244-bdb8-4632-8c90-6079c8f4f16d,rules,high,test,windows,,taskscheduler,impact,1,0
64d51a51-32a6-49f0-9f3d-17e34d640272,rules,high,test,windows,,terminalservices-localsessionmanager,command-and-control,1,0
06d71506-7beb-4f22-8888-e2e5e2ca7fd8,rules,high,test,windows,,,credential-access|lateral-movement,1,1
360a1340-398a-46b6-8d06-99b905dc69d2,rules,high,stable,windows,,windefend,defense-impairment,1,0
a0a278fe-2c0e-4de2-ac3c-c68b08a9ba98,rules,high,test,windows,,windefend,credential-access,1,1
97b9ce1e-c5ab-11ea-87d0-0242ac130003,rules,high,test,windows,,windefend,execution|lateral-movement,1,0
1321dc4e-a1fe-481d-a016-52c45f0c8b4f,rules,medium,stable,windows,,windefend,defense-impairment,1,1
a3ab73f1-bd46-4319-8f06-4b20d0617886,rules,high,test,windows,,windefend,defense-impairment,1,0
91903aba-1088-42ee-b680-d6d94fe002b0,rules,low,stable,windows,,windefend,defense-impairment,1,1
2afe6582-e149-11ea-87d0-0242ac130003,rules,informational,test,windows,,windefend,defense-impairment,1,1
bc275be9-0bec-4d77-8c8f-281a2df6710f,rules,high,stable,windows,,windefend,defense-impairment,1,0
ea9bf0fa-edec-4fb8-8b78-b119f2528186,rules,high,stable,windows,,windefend,execution,1,0
b28e58e4-2a72-4fae-bdee-0fbe904db642,rules,high,stable,windows,,windefend,defense-impairment,1,1
dd80db93-6ec2-4f4c-a017-ad40da6ffe81,rules,medium,stable,windows,,windefend,defense-impairment,1,1
bc92ca75-cd42-4d61-9a37-9d5aa259c88b,rules,high,test,windows,,windefend,defense-impairment,1,1
801bd44f-ceed-4eb6-887c-11544633c0aa,rules,high,stable,windows,,windefend,defense-impairment,1,1
49e5bc24-8b86-49f1-b743-535f332c2856,rules,high,stable,windows,,windefend,defense-impairment,1,1
57b649ef-ff42-4fb0-8bf6-62da243a1708,rules,high,stable,windows,,windefend,execution,1,0
686c0b4b-9dd3-4847-9077-d6c1bbe36fcb,rules,high,stable,windows,,windefend,defense-impairment,1,0
d4f1a2b3-7c8e-4d5f-b6a9-1e0c2d3f4e5b,rules,medium,test,windows,,wmi,defense-impairment,1,0
0b7889b4-5577-4521-a60a-3376ee7f9f7b,rules,medium,test,windows,,wmi,persistence|privilege-escalation,1,1
2e4e488a-6164-4811-9ea1-f960c7359c40,rules,high,test,windows,create_remote_thread,,execution|privilege-escalation|stealth,1,0
6309645e-122d-4c5b-bb2b-22e4f9c2fa42,rules,high,test,windows,create_remote_thread,,privilege-escalation|stealth,1,0
77564cc2-7382-438b-a7f6-395c2ae53b9a,rules,high,test,windows,create_remote_thread,,credential-access,1,0
c0aac16a-b1e7-4330-bab0-3c27bb4987c7,rules,high,test,windows,create_remote_thread,,credential-access,1,0
fb656378-f909-47c1-8747-278bf09f4f4f,rules,high,test,windows,create_remote_thread,,credential-access,1,0
99b97608-3e21-4bfe-8217-2a127c396a0e,rules,medium,test,windows,create_remote_thread,,execution|stealth,1,0
f239b326-2f41-4d6b-9dfa-c846a60ef505,rules,high,stable,windows,create_remote_thread,,credential-access,1,1
02d1d718-dd13-41af-989d-ea85c7fab93f,rules,high,test,windows,create_remote_thread,,privilege-escalation|stealth,1,1
66d31e5f-52d6-40a4-9615-002d3789a119,rules,medium,test,windows,create_remote_thread,,privilege-escalation|stealth,1,1
a1a144b7-5c9b-4853-a559-2172be8d4a03,rules,medium,test,windows,create_remote_thread,,privilege-escalation|stealth,1,0
c15e99a3-c474-48ab-b9a7-84549a7a9d16,rules,high,test,windows,create_remote_thread,,execution|stealth,1,0
b69888d4-380c-45ce-9cf9-d9ce46e67821,rules,medium,test,windows,create_stream_hash,,stealth,1,1
573df571-a223-43bc-846e-3f98da481eca,rules,medium,test,windows,create_stream_hash,,stealth,1,1
52182dfb-afb7-41db-b4bc-5336cb29b464,rules,high,test,windows,create_stream_hash,,stealth,1,1
ae02ed70-11aa-4a22-b397-c0d0e8f6ea99,rules,medium,test,windows,create_stream_hash,,stealth,1,0
19b041f6-e583-40dc-b842-d6fa8011493f,rules,high,test,windows,create_stream_hash,,stealth,1,0
0d7a9363-af70-4e7b-a3b7-1a176b7fbe84,rules,high,test,windows,create_stream_hash,,stealth,1,0
025bd229-fd1f-4fdb-97ab-20006e1a5368,rules,high,test,windows,create_stream_hash,,stealth,1,0
a3f5c081-e75b-43a0-9f5b-51f26fe5dba2,rules,high,test,windows,create_stream_hash,,persistence|stealth,1,0
0bb4bbeb-fe52-4044-b40c-430a04577ebe,rules,high,test,windows,create_stream_hash,,stealth,1,1
065cceea-77ec-4030-9052-fc0affea7110,rules,high,test,windows,dns_query,,exfiltration,1,1
7cff77e1-9663-46a3-8260-17f2e1aa9d0a,rules,medium,test,windows,dns_query,,command-and-control,1,0
a1d9eec5-33b2-4177-8d24-27fe754d0812,rules,medium,test,windows,dns_query,,command-and-control,1,1
f8c1e80b-c73a-476a-ae24-6c72528b1521,rules,medium,experimental,windows,dns_query,,command-and-control,1,1
1cb0c6ce-3d00-44fc-ab9c-6d6d577bf20b,rules,medium,test,windows,dns_query,,command-and-control,1,1
a21bcd7e-38ec-49ad-b69a-9ea17e69509e,rules,low,test,windows,dns_query,,discovery,1,0
e043f529-8514-4205-8ab0-7f7d2927b400,rules,medium,test,windows,dns_query,,command-and-control,1,1
c082c2b0-525b-4dbc-9a26-a57dc4692074,rules,high,experimental,windows,dns_query,,command-and-control|execution,1,0
2074e137-1b73-4e2d-88ba-5a3407dbdce0,rules,medium,experimental,windows,dns_query,,collection|credential-access|initial-access,1,1
7bd3902d-8b8b-4dd4-838a-c6862d40150d,rules,high,test,windows,dns_query,,persistence,1,1
e7a21b5f-d8c4-4ae5-b8d9-93c5d3f28e1c,rules,high,experimental,windows,dns_query,,collection|credential-access|persistence|privilege-escalation,1,0
f356a9c4-effd-4608-bbf8-408afd5cd006,rules,critical,test,windows,dns_query,,command-and-control,1,0
613c03ba-0779-4a53-8a1f-47f914a4ded3,rules,medium,test,windows,dns_query,,exfiltration,1,1
df68f791-ad95-447f-a271-640a0dab9cf8,rules,low,test,windows,dns_query,,collection|credential-access,1,0
882e858a-3233-4ba8-855e-2f3d3575803d,rules,low,experimental,windows,dns_query,,command-and-control|initial-access|lateral-movement,1,1
36e037c4-c228-4866-b6a3-48eb292b9955,rules,medium,test,windows,dns_query,,execution|stealth,1,0
4d07b1f4-cb00-4470-b9f8-b0191d48ff52,rules,medium,test,windows,dns_query,,command-and-control,1,1
ec82e2a5-81ea-4211-a1f8-37a0286df2c2,rules,medium,test,windows,dns_query,,reconnaissance,1,1
778ba9a8-45e4-4b80-8e3e-34a419f0b85e,rules,medium,test,windows,dns_query,,command-and-control,1,1
b55ca2a3-7cff-4dda-8bdd-c7bfa63bf544,rules,high,test,windows,dns_query,,command-and-control,1,0
1cbbeaaf-3c8c-4e4c-9d72-49485b6a176b,rules,low,test,windows,dns_query,,exfiltration,1,1
b3e6418f-7c7a-4fad-993a-93b65027a9f1,rules,medium,test,windows,dns_query,,command-and-control,1,1
05296024-fe8a-4baf-8f3d-9a5f5624ceb2,rules,high,test,windows,driver_load,,persistence|privilege-escalation,1,0
39b64854-5497-4b57-a448-40977b8c9679,rules,medium,test,windows,driver_load,,persistence|privilege-escalation,1,1
67add051-9ee7-4ad3-93ba-42935615ae8d,rules,high,test,windows,driver_load,,persistence|privilege-escalation,1,1
10cb6535-b31d-4512-9962-513dcbc42cc1,rules,medium,test,windows,driver_load,,persistence|privilege-escalation,1,1
2c4523d5-d481-4ed0-8ec3-7fbf0cb41a75,rules,high,test,windows,driver_load,,persistence|privilege-escalation,1,1
7aaaf4b8-e47c-4295-92ee-6ed40a6f60c8,rules,high,test,windows,driver_load,,persistence|privilege-escalation,1,0
72cd00d6-490c-4650-86ff-1d11f491daa1,rules,low,test,windows,driver_load,,persistence|privilege-escalation,1,1
295c9289-acee-4503-a571-8eacaef36b28,rules,high,test,windows,driver_load,,persistence|privilege-escalation,1,0
1a42dfa6-6cb2-4df9-9b48-295be477e835,rules,high,test,windows,driver_load,,persistence|privilege-escalation,1,0
679085d5-f427-4484-9f58-1dc30a7c426d,rules,high,test,windows,driver_load,,collection|credential-access|defense-impairment,1,1
407aecb1-e762-4acf-8c7b-d087bcff3bb6,rules,medium,test,windows,file_access,,credential-access,1,1
7a2a22ea-a203-4cd3-9abf-20eb1c5c6cd2,rules,medium,test,windows,file_access,,credential-access,1,0
f41b0311-44f9-44f0-816d-dd45e39d4bc8,rules,medium,test,windows,file_access,,credential-access,1,1
46612ae6-86be-4802-bc07-39b59feb1309,rules,medium,test,windows,file_access,,credential-access,1,0
d51694fe-484a-46ac-92d6-969e76d60d10,rules,medium,test,windows,file_access,,credential-access,1,0
a1dfd976-4852-41d4-9507-dc6590a3ccd0,rules,low,experimental,windows,file_access,,credential-access|discovery,1,1
65744385-8541-44a6-8630-ffc824d7d4cc,rules,medium,test,windows,file_access,,credential-access,1,0
9f383dc0-fdeb-4d56-acbc-9f9f4f8f20f3,rules,high,test,windows,file_change,,initial-access|persistence,1,0
06125661-3814-4e03-bfa2-1e4411c60ac3,rules,medium,test,windows,file_delete,,impact,1,1
63c779ba-f638-40a0-a593-ddd45e8b1ddc,rules,medium,test,windows,file_delete,,stealth,1,0
a55349d8-9588-4c5a-8e3b-1925fe2a4ffe,rules,high,test,windows,file_delete,,stealth,1,1
3eb8c339-a765-48cc-a150-4364c04652bf,rules,medium,test,windows,file_delete,,stealth,1,1
f01d1f70-cd41-42ec-9c0b-26dd9c22bf29,rules,medium,test,windows,file_delete,,stealth,1,1
ff301988-c231-4bd0-834c-ac9d73b86586,rules,medium,test,windows,file_delete,,stealth,1,0
0a1f9d29-6465-4776-b091-7f43b26e4c89,rules,high,test,windows,file_delete,,stealth,1,0
b1decb61-ed83-4339-8e95-53ea51901720,rules,low,test,windows,file_delete,,stealth,1,0
270185ff-5f50-4d6d-a27f-24c3b8c9fef8,rules,medium,test,windows,file_delete,,stealth,1,1
6ddab845-b1b8-49c2-bbf7-1a11967f64bc,rules,medium,test,windows,file_delete,,stealth,1,1
8f0b1fb1-9bd4-4e74-8cdf-a8de4d2adfd0,rules,high,test,windows,file_delete,,initial-access|persistence,1,0
3109530e-ab47-4cc6-a953-cac5ebcc93ae,rules,medium,test,windows,file_delete,,stealth,1,1
75bf09fa-1dd7-4d18-9af9-dd9e492562eb,rules,medium,test,windows,file_event,,command-and-control,1,1
fed85bf9-e075-4280-9159-fbe8a023d6fa,rules,medium,test,windows,file_event,,discovery,1,1
0b9ad457-2554-44c1-82c2-d56a99c42377,rules,medium,test,windows,file_event,,command-and-control,1,0
2d367498-5112-4ae5-a06a-96e7bc33a211,rules,high,test,windows,file_event,,command-and-control,1,0
e890acee-d488-420e-8f20-d9b19b3c3d43,rules,high,experimental,windows,file_event,,command-and-control|execution|initial-access|persistence|stealth,1,0
4c7f49ee-2638-43bb-b85b-ce676c30b260,rules,medium,test,windows,file_event,,execution,1,1
02773bed-83bf-469f-b7ff-e676e7d78bab,rules,high,test,windows,file_event,,discovery|execution,1,1
9e4b7d3a-6f2c-4e9a-8d1b-3c5e7a9f2b4d,rules,medium,experimental,windows,file_event,,command-and-control|lateral-movement,1,1
65236ec7-ace0-4f0c-82fd-737b04fd4dcb,rules,medium,test,windows,file_event,,defense-impairment,1,1
df6ecb8b-7822-4f4b-b412-08f524b4576c,rules,medium,test,windows,file_event,,execution|persistence|privilege-escalation|stealth,1,0
6c0ce3b6-85e2-49d4-9c3f-6e008ce9796e,rules,low,experimental,windows,file_event,,command-and-control|execution,1,1
ee63c85c-6d51-4d12-ad09-04e25877a947,rules,medium,test,windows,file_event,,persistence|privilege-escalation,1,1
97aa2e88-555c-450d-85a6-229bcd87efb8,rules,medium,test,windows,file_event,,persistence|privilege-escalation,1,0
13c02350-4177-4e45-ac17-cf7ca628ff5e,rules,medium,test,windows,file_event,,stealth,1,1
d5866ddf-ce8f-4aea-b28e-d96485a20d3d,rules,medium,test,windows,file_event,,stealth,1,1
8c3c76ca-8f8b-4b1d-aaf3-81aebcd367c9,rules,high,test,windows,file_event,,persistence|privilege-escalation,1,0
8fbf3271-1ef6-4e94-8210-03c2317947f6,rules,high,test,windows,file_event,,credential-access,1,1
002bdb95-0cf1-46a6-9e08-d38c128a6127,rules,high,test,windows,file_event,,execution,1,0
f0e2b768-5220-47dd-b891-d57b96fc0ec1,rules,medium,test,windows,file_event,,execution,1,0
e4a74e34-ecde-4aab-b2fb-9112dd01aed0,rules,low,test,windows,file_event,,stealth,1,0
2f7979ae-f82b-45af-ac1d-2b10e93b0baa,rules,critical,test,windows,file_event,,lateral-movement,1,0
81315b50-6b60-4d8f-9928-3466e1022515,rules,medium,test,windows,file_event,,persistence|privilege-escalation,1,1
b6f91281-20aa-446a-b986-38a92813a18f,rules,high,test,windows,file_event,,execution|persistence|privilege-escalation|stealth,1,0
aba15bdd-657f-422a-bab3-ac2d2a0d6f1c,rules,medium,test,windows,file_event,,stealth,1,1
15904280-565c-4b73-9303-3291f964e7f9,rules,medium,test,windows,file_event,,persistence,1,0
bd1212e5-78da-431e-95fa-c58e3237a8e6,rules,high,test,windows,file_event,,persistence,1,0
6b269392-9eba-40b5-acb6-55c882b20ba6,rules,medium,test,windows,file_event,,initial-access|persistence,1,0
5d756aee-ad3e-4306-ad95-cb1abec48de2,rules,medium,test,windows,file_event,,command-and-control,1,0
3b8f4c92-6a51-4d7e-9c3a-8e2d1f5a7b09,rules,high,experimental,windows,file_event,,collection|credential-access|initial-access,1,1
736ffa74-5f6f-44ca-94ef-1c0df4f51d2a,rules,high,test,windows,file_event,,credential-access,1,0
93d94efc-d7ad-4161-ad7d-1638c4f908d8,rules,critical,test,windows,file_event,,credential-access,1,1
6ea858a8-ba71-4a12-b2cc-5d83312404c7,rules,high,test,windows,file_event,,credential-access,1,1
bb09dd3e-2b78-4819-8e35-a7c1b874e449,rules,critical,test,windows,file_event,,command-and-control,1,0
3ab79e90-9fab-4cdf-a7b2-6522bc742adb,rules,high,test,windows,file_event,,command-and-control,1,0
9e099d99-44c2-42b6-a6d8-54c3545cab29,rules,critical,test,windows,file_event,,credential-access,1,0
efc21479-9e83-41da-8cf1-122e06ba8db3,rules,high,experimental,windows,file_event,,discovery|execution|lateral-movement,1,0
cad1fe90-2406-44dc-bd03-59d0b58fe722,rules,high,test,windows,file_event,,credential-access,1,0
602a1f13-c640-4d73-b053-be9a2fa58b96,rules,high,test,windows,file_event,,execution|persistence|privilege-escalation|stealth,1,1
847def9e-924d-4e90-b7c4-5f581395a2b4,rules,critical,test,windows,file_event,,credential-access,1,0
6e2a900a-ced9-4e4a-a9c2-13e706f9518a,rules,high,test,windows,file_event,,credential-access,1,0
e074832a-eada-4fd7-94a1-10642b130e16,rules,high,test,windows,file_event,,credential-access,1,1
03f4ca17-de95-428d-a75a-4ee78b047256,rules,high,experimental,windows,file_event,,credential-access,1,0
dbbd9f66-2ed3-4ca2-98a4-6ea985dd1a1c,rules,medium,test,windows,file_event,,execution|initial-access|persistence|privilege-escalation|stealth,1,0
9711de76-5d4f-4c50-a94f-21e4e8f8384d,rules,medium,test,windows,file_event,,command-and-control,1,0
1908fcc1-1b92-4272-8214-0fbaf2fa5163,rules,high,test,windows,file_event,,execution|persistence|privilege-escalation|stealth,1,0
2f9356ae-bf43-41b8-b858-4496d83b2acb,rules,high,test,windows,file_event,,initial-access,1,1
4358e5a5-7542-4dcb-b9f3-87667371839b,rules,medium,test,windows,file_event,,initial-access,1,1
f92a6f1e-a512-4a15-9735-da09e78d7273,rules,medium,test,windows,file_event,,discovery,1,0
a5a2d357-1ab8-4675-a967-ef9990a59391,rules,high,test,windows,file_event,,credential-access,1,0
6902955a-01b7-432c-b32a-6f5f81d8f625,rules,high,test,windows,file_event,,credential-access,1,1
c3e76af5-4ce0-4a14-9c9a-25ceb8fda182,rules,high,test,windows,file_event,,credential-access,1,0
0bcfabcb-7929-47f4-93d6-b33fb67d34d1,rules,high,test,windows,file_event,,execution,0,0
805c55d9-31e6-4846-9878-c34c75054fe9,rules,high,test,windows,file_event,,initial-access,1,0
318557a5-150c-4c8d-b70e-a9910e199857,rules,high,test,windows,file_event,,persistence|privilege-escalation,1,0
c61daa90-3c1e-4f18-af62-8f288b5c9aaf,rules,high,test,windows,file_event,,stealth,1,0
e0b06658-7d1d-4cd3-bf15-03467507ff7c,rules,high,test,windows,file_event,,stealth,1,1
d7b50671-d1ad-4871-aa60-5aa5b331fe04,rules,high,test,windows,file_event,,execution|stealth,1,0
c048f047-7e2a-4888-b302-55f509d4a91d,rules,medium,test,windows,file_event,,stealth,1,1
54127bd4-f541-4ac3-afdb-ea073f63f692,rules,medium,test,windows,file_event,,persistence,1,1
0b8baa3f-575c-46ee-8715-d6f28cc7d33c,rules,low,test,windows,file_event,,credential-access,1,0
4e7050dd-e548-483f-b7d6-527ab4fa784d,rules,high,test,windows,file_event,,credential-access,1,0
11b1ed55-154d-4e82-8ad7-83739298f720,rules,high,test,windows,file_event,,credential-access,1,0
3a8da4e0-36c1-40d2-8b29-b3e890d5172a,rules,high,test,windows,file_event,,credential-access,1,0
8e1cb247-6cf6-42fa-b440-3f27d57e9936,rules,high,test,windows,file_event,,persistence,1,1
91174a41-dc8f-401b-be89-7bfc140612a0,rules,low,test,windows,file_event,,initial-access,1,1
0e29e3a7-1ad8-40aa-b691-9f82ecd33d66,rules,low,test,windows,file_event,,initial-access,1,1
b1c50487-1967-4315-a026-6491686d860e,rules,high,test,windows,file_event,,initial-access,1,0
7fd164ba-126a-4d9c-9392-0d4f7c243df0,rules,medium,test,windows,file_event,,stealth,1,1
fcc6d700-68d9-4241-9a1a-06874d621b06,rules,high,test,windows,file_event,,stealth,1,1
8c31f563-f9a7-450c-bfa8-35f8f32f1f61,rules,medium,test,windows,file_event,,command-and-control|persistence|privilege-escalation,1,1
c3edc6a5-d9d4-48d8-930e-aab518390917,rules,high,test,windows,file_event,,persistence,1,1
fabb0e80-030c-4e3e-a104-d09676991ac3,rules,high,experimental,windows,file_event,,initial-access,1,1
117d3d3a-755c-4a61-b23e-9171146d094c,rules,high,test,windows,file_event,,command-and-control|persistence|privilege-escalation,1,0
3d2a2d59-929c-4b78-8c1a-145dfe9e07b1,rules,medium,test,windows,file_event,,stealth,1,1
0e20c89d-2264-44ae-8238-aeeaba609ece,rules,high,test,windows,file_event,,persistence,1,1
c7a74c80-ba5a-486e-9974-ab9e682bc5e4,rules,high,test,windows,file_event,,execution,1,0
a10a2c40-2c4d-49f8-b557-1a946bc55d9d,rules,high,test,windows,file_event,,resource-development,1,1
6e90ae7a-7cd3-473f-a035-4ebb72d961da,rules,high,test,windows,file_event,,execution,1,0
bbb7e38c-0b41-4a11-b306-d2a457b7ac2b,rules,medium,test,windows,file_event,,execution,1,0
7047d730-036f-4f40-b9d8-1c63e36d5e62,rules,medium,test,windows,file_event,,persistence,1,1
576426ad-0131-4001-ae01-be175da0c108,rules,low,test,windows,file_event,,persistence,1,1
f331aa1f-8c53-4fc3-b083-cc159bc971cb,rules,high,test,windows,file_event,,execution,1,0
e36941d0-c0f0-443f-bc6f-cb2952eb69ea,rules,low,test,windows,file_event,,persistence,1,0
e8a52bbd-bced-459f-bd93-64db45ce7657,rules,medium,test,windows,file_event,,persistence,1,1
e3845023-ca9a-4024-b2b2-5422156d5527,rules,medium,test,windows,file_event,,persistence,1,0
92fa78e7-4d39-45f1-91a3-8b23f3f1088d,rules,high,test,windows,file_event,,persistence|privilege-escalation,1,1
1027d292-dd87-4a1a-8701-2abe04d7783c,rules,medium,test,windows,file_event,,stealth,1,0
34986307-b7f4-49be-92f3-e7a4d01ac5db,rules,medium,test,windows,file_event,,exfiltration,1,1
fccfb43e-09a7-4bd2-8b37-a5a7df33386d,rules,high,test,windows,file_event,,stealth,1,0
130c9e58-28ac-4f83-8574-0a4cc913b97e,rules,high,test,windows,file_event,,stealth,1,0
145095eb-e273-443b-83d0-f9b519b7867b,rules,high,test,windows,file_event,,stealth,1,0
7eff1a7f-dd45-4c20-877a-f21e342a7611,rules,medium,test,windows,file_event,,execution,1,0
fec96f39-988b-4586-b746-b93d59fd1922,rules,medium,test,windows,file_event,,command-and-control,1,0
0afecb6e-6223-4a82-99fb-bf5b981e92a5,rules,low,test,windows,file_event,,execution,1,1
a6976974-ea6f-4e97-818e-ea08625c52cb,rules,high,test,windows,file_event,,persistence|privilege-escalation,1,0
4e87b8e2-2ee9-4b2a-a715-4727d297ece0,rules,high,test,windows,file_event,,credential-access,1,1
760e75d8-c3b5-409b-a9bf-6130b4c4603f,rules,medium,test,windows,file_event,,stealth,1,0
1277f594-a7d1-4f28-a2d3-73af5cbeab43,rules,high,test,windows,file_event,,execution,1,0
b8fd0e93-ff58-4cbd-8f48-1c114e342e62,rules,high,test,windows,file_event,,stealth,1,0
2aa0a6b4-a865-495b-ab51-c28249537b75,rules,medium,test,windows,file_event,,persistence|privilege-escalation,1,1
e15b518d-b4ce-4410-a9cd-501f23ce4a18,rules,high,test,windows,file_event,,stealth,1,0
409f8a98-4496-4aaa-818a-c931c0a8b832,rules,medium,test,windows,file_event,,execution|privilege-escalation|stealth,1,0
5f87308a-0a5b-4623-ae15-d8fa1809bc60,rules,medium,test,windows,file_event,,stealth,1,0
fc4f4817-0c53-4683-a4ee-b17a64bc1039,rules,high,test,windows,file_event,,command-and-control,1,1
3d0ed417-3d94-4963-a562-4a92c940656a,rules,medium,test,windows,file_event,,resource-development,1,1
b4926b47-a9d7-434c-b3a0-adc3fa0bd13e,rules,high,test,windows,file_event,,stealth,1,0
7892ec59-c5bb-496d-8968-e5d210ca3ac4,rules,high,test,windows,file_event,,credential-access,1,0
7280c9f3-a5af-45d0-916a-bc01cb4151c9,rules,high,test,windows,file_event,,initial-access|persistence,1,0
74babdd6-a758-4549-9632-26535279e654,rules,high,test,windows,file_event,,stealth,1,0
89c42960-f244-4dad-9151-ae9b1a3287a2,rules,medium,experimental,windows,file_event,,initial-access|persistence,1,0
1f0489be-b496-4ddf-b3a9-5900f2044e9c,rules,high,experimental,windows,file_event,,initial-access|persistence,1,0
0c3fac91-5627-46e8-a6a8-a0d7b9b8ae1b,rules,high,test,windows,file_event,,persistence|privilege-escalation|stealth,1,0
a8f866e1-bdd4-425e-a27a-37619238d9c7,rules,medium,test,windows,file_event,,stealth,1,0
4f1707b1-b50b-45b4-b5a2-3978b5a5d0d6,rules,medium,test,windows,file_event,,stealth,1,1
654fcc6d-840d-4844-9b07-2c3300e54a26,rules,high,test,windows,file_event,,stealth,1,0
f0540f7e-2db3-4432-b9e0-3965486744bc,rules,high,test,windows,file_event,,stealth,1,0
1cf465a1-2609-4c15-9b66-c32dbe4bfd67,rules,high,experimental,windows,file_event,,command-and-control|stealth,1,0
7d604714-e071-49ff-8726-edeb95a70679,rules,high,test,windows,file_event,,stealth,1,0
3215aa19-f060-4332-86d5-5602511f3ca8,rules,medium,test,windows,file_event,,stealth,1,1
b5b78988-486d-4a80-b991-930eff3ff8bf,rules,medium,test,windows,file_event,,persistence|privilege-escalation,1,1
3da70954-0f2c-4103-adff-b7440368f50e,rules,medium,test,windows,file_event,,defense-impairment,1,1
b447f7de-1e53-4cbf-bfb4-f1f6d0b04e4e,rules,high,experimental,windows,file_event,,execution,1,1
cd8b36ac-8e4a-4c2f-a402-a29b8fbd5bca,rules,high,test,windows,file_event,,persistence|stealth,1,0
a7f3c891-2e4d-4b6a-9f8c-d5e2a1b04c73,rules,high,experimental,windows,file_event,,credential-access|privilege-escalation,1,1
979baf41-ca44-4540-9d0c-4fcef3b5a3a4,rules,high,test,windows,file_event,,execution|stealth,1,1
ce7066a6-508a-42d3-995b-2952c65dc2ce,rules,medium,test,windows,file_event,,stealth,1,0
28208707-fe31-437f-9a7f-4b1108b94d2e,rules,high,test,windows,file_event,,execution|persistence|privilege-escalation,1,1
5b40a734-99b6-4b98-a1d0-1cea51a08ab2,rules,high,test,windows,file_event,,execution,1,1
80e1f67a-4596-4351-98f5-a9c3efabac95,rules,high,test,windows,file_event,,execution|persistence|privilege-escalation,1,0
162ab1e4-6874-4564-853c-53ec3ab8be01,rules,medium,test,windows,file_event,,command-and-control,1,1
3a9fa2ec-30bc-4ebd-b49e-7c9cff225502,rules,medium,test,windows,file_event,,persistence|privilege-escalation,1,1
1d2de8a6-4803-4fde-b85b-f58f3aa7a705,rules,medium,experimental,windows,file_event,,defense-impairment,1,1
9b64de98-9db3-4033-bd7a-f51430105f00,rules,medium,test,windows,file_event,,persistence|privilege-escalation,1,1
34746e8c-5fb8-415a-b135-0abc167e912a,rules,medium,test,windows,file_event,,execution,1,0
0a1255c5-d732-4b62-ac02-b5152d34fb83,rules,medium,experimental,windows,file_event,,discovery,1,1
814ddeca-3d31-4265-8e07-8cc54fb44903,rules,high,test,windows,file_event,,privilege-escalation|stealth,1,1
16fe46bb-4f64-46aa-817d-ff7bec4a2352,rules,medium,test,windows,file_event,,privilege-escalation|stealth,1,1
059c5af9-5131-4d8d-92b2-de4ad6146712,rules,high,test,windows,file_event,,privilege-escalation|stealth,1,1
de46c52b-0bf8-4936-a327-aace94f94ac6,rules,high,test,windows,file_event,,persistence|privilege-escalation,1,1
a05baa88-e922-4001-bc4d-8738135f27de,rules,medium,test,windows,file_event,,persistence|privilege-escalation,1,1
259e5a6a-b8d2-4c38-86e2-26c5e651361d,rules,low,test,windows,file_event,,execution,1,0
304afd73-55a5-4bb9-8c21-0b1fc84ea9e4,rules,high,test,windows,file_event,,execution|lateral-movement|persistence|privilege-escalation,1,0
07a99744-56ac-40d2-97b7-2095967b0e03,rules,high,test,windows,file_event,,persistence|privilege-escalation|stealth,1,0
69ca12af-119d-44ed-b50f-a47af0ebc364,rules,high,test,windows,file_event,,credential-access,1,1
52753ea4-b3a0-4365-910d-36cff487b789,rules,high,test,windows,file_event,,command-and-control,1,0
62ed5b55-f991-406a-85d9-e8e8fdf18789,rules,high,test,windows,file_event,,privilege-escalation,1,0
93a19907-d4f9-4deb-9f91-aac4692776a6,rules,high,test,windows,file_event,,privilege-escalation,1,0
63e4f530-65dc-49cc-8f80-ccfa95c69d43,rules,high,test,windows,file_event,,privilege-escalation|stealth,1,0
48ea844d-19b1-4642-944e-fe39c2cc1fec,rules,high,test,windows,file_event,,execution|privilege-escalation,1,0
bdd8157d-8e85-4397-bb82-f06cc9c71dbb,rules,high,test,windows,file_event,,privilege-escalation,1,0
41bb431f-56d8-4691-bb56-ed34e390906f,rules,high,test,windows,file_event,,privilege-escalation,1,0
7fff6773-2baa-46de-a24a-b6eec1aba2d1,rules,high,test,windows,file_event,,privilege-escalation,1,0
155dbf56-e0a4-4dd0-8905-8a98705045e8,rules,high,test,windows,file_event,,privilege-escalation,1,0
68578b43-65df-4f81-9a9b-92f32711a951,rules,high,test,windows,file_event,,privilege-escalation,1,0
8468111a-ef07-4654-903b-b863a80bbc95,rules,medium,test,windows,file_event,,resource-development,1,1
56e05d41-ce99-4ecd-912d-93f019ee0b71,rules,medium,test,windows,file_event,,command-and-control,1,0
d102b8f5-61dc-4e68-bd83-9a3187c67377,rules,high,test,windows,file_event,,command-and-control,1,0
39f1f9f2-9636-45de-98f6-a4046aa8e4b9,rules,medium,test,windows,file_event,,persistence,1,1
28a452f3-786c-4fd8-b8f2-bddbe9d616d1,rules,medium,test,windows,file_event,,execution|persistence|privilege-escalation|stealth,1,0
74a2b37d-fea4-41e0-9ac7-c9fbcf1f60cc,rules,high,experimental,windows,file_event,,persistence|privilege-escalation,1,0
d353dac0-1b41-46c2-820c-d7d2561fc6ed,rules,medium,test,windows,file_event,,stealth,1,0
33f41cdd-35ac-4ba8-814b-c6a4244a1ad4,rules,high,test,windows,file_event,,persistence|privilege-escalation,1,1
8d5aca11-22b3-4f22-b7ba-90e60533e1fb,rules,critical,test,windows,file_event,,execution|lateral-movement,1,0
614a7e17-5643-4d89-b6fe-f9df1a79641c,rules,critical,test,windows,file_event,,execution|lateral-movement,1,0
e94b9ddc-eec5-4bb8-8a58-b9dc5f4e185f,rules,high,test,windows,file_event,,persistence|stealth,1,1
4aafb0fa-bff5-4b9d-b99e-8093e659c65f,rules,medium,test,windows,file_event,,lateral-movement|persistence|privilege-escalation,1,0
ab90dab8-c7da-4010-9193-563528cfa347,rules,medium,test,windows,file_executable_detected,,stealth,1,0
e3f673b3-65d1-4d80-9146-466f8b63fa99,rules,medium,test,windows,file_rename,,impact,1,1
fb4e2211-6d08-426b-8e6f-0d4a161e3b1d,rules,medium,experimental,windows,image_load,,execution,1,0
75e508f7-932d-4ebc-af77-269237a84ce1,rules,high,test,windows,image_load,,stealth,1,0
6ec86d9e-912e-4726-91a2-209359b999b9,rules,medium,test,windows,image_load,,defense-impairment,1,0
50f852e6-af22-4c78-9ede-42ef36aa3453,rules,low,test,windows,image_load,,execution|persistence|privilege-escalation|stealth,1,1
8cde342c-ba48-4b74-b615-172c330f2e93,rules,high,test,windows,image_load,,credential-access,1,0
9ae01559-cf7e-4f8e-8e14-4c290a1b4784,rules,medium,test,windows,image_load,,collection|credential-access,1,1
bdc64095-d59a-42a2-8588-71fd9c9d9abc,rules,high,test,windows,image_load,,credential-access,1,0
84b0a8f3-680b-4096-a45b-e9a89221727c,rules,high,test,windows,image_load,,execution,1,0
b48492dc-c5ef-4572-8dff-32bc241c15c8,rules,high,test,windows,image_load,,defense-impairment|impact,1,1
3669afd2-9891-4534-a626-e5cf03810a61,rules,low,test,windows,image_load,,defense-impairment|impact,1,1
ec8c4047-fad9-416a-8c81-0f479353d7f6,rules,high,test,windows,image_load,,stealth,1,0
092bc4b9-3d1d-43b4-a6b4-8c8acd83522f,rules,medium,test,windows,image_load,,execution,1,1
e76c8240-d68f-4773-8880-5c6f63595aaf,rules,high,test,windows,image_load,,credential-access|stealth,1,1
e5f5c693-52d7-4de5-88ae-afbfbce85595,rules,medium,experimental,windows,image_load,,execution|persistence|privilege-escalation|stealth,1,1
333cdbe8-27bb-4246-bf82-b41a0dca4b70,rules,high,test,windows,image_load,,impact,1,0
37774c23-25a1-4adb-bb6d-8bb9fd59c0f8,rules,high,test,windows,image_load,,impact,1,0
48bfd177-7cf2-412b-ad77-baf923489e82,rules,medium,test,windows,image_load,,impact,1,0
49329257-089d-46e6-af37-4afce4290685,rules,high,test,windows,image_load,,defense-impairment,1,1
75c505b1-711d-4f68-a357-8c3fe37dbf2d,rules,high,test,windows,image_load,,command-and-control,1,0
f354eba5-623b-450f-b073-0b5b2773b6aa,rules,critical,test,windows,image_load,,lateral-movement,1,0
857c8db3-c89b-42fb-882b-f681c7cf4da2,rules,medium,test,windows,image_load,,credential-access,1,1
ff0f2b05-09db-4095-b96d-1b75ca24894a,rules,medium,test,windows,image_load,,execution,1,0
d13c43f0-f66b-4279-8b2c-5912077c1780,rules,medium,test,windows,image_load,,execution,1,0
90217a70-13fc-48e4-b3db-0d836c5824ac,rules,high,test,windows,image_load,,execution,1,1
af4c4609-5755-42fe-8075-4effb49f5d44,rules,medium,test,windows,image_load,,execution,1,1
9a0b8719-cd3c-4f0a-90de-765a4cb3f5ed,rules,medium,test,windows,image_load,,execution,1,1
bb2ba6fb-95d4-4a25-89fc-30bb736c021a,rules,medium,test,windows,image_load,,stealth,1,0
e6ce8457-68b1-485b-9bdd-3c2b5d679aa9,rules,high,test,windows,image_load,,execution,1,1
f40017b3-cb2e-4335-ab5d-3babf679c1de,rules,medium,test,windows,image_load,,execution,1,0
b439f47d-ef52-4b29-9a2f-57d8a96cb6b8,rules,medium,test,windows,image_load,,lateral-movement|persistence|privilege-escalation,1,1
4f6edb78-5c21-42ab-a558-fd2a6fc1fd57,rules,low,test,windows,image_load,,execution|persistence|privilege-escalation|stealth,1,1
799a5f48-0ac1-4e0f-9152-71d137d48c2a,rules,high,test,windows,image_load,,execution,1,0
552b6b65-df37-4d3e-a258-f2fc4771ae54,rules,medium,test,windows,image_load,,execution|persistence|privilege-escalation|stealth,1,1
ee6cea48-c5b6-4304-a332-10fc6446f484,rules,high,test,windows,image_load,,execution|persistence|privilege-escalation|stealth,1,0
90ae0469-0cee-4509-b67f-e5efcef040f7,rules,high,test,windows,image_load,,execution|persistence|privilege-escalation|stealth,1,0
952ed57c-8f99-453d-aee0-53a49c22f95d,rules,medium,test,windows,image_load,,execution|persistence|privilege-escalation|stealth,1,0
1fbc0671-5596-4e17-8682-f020a0b995dc,rules,medium,test,windows,image_load,,execution|persistence|privilege-escalation|stealth,1,1
3735d5ac-d770-4da0-99ff-156b180bc600,rules,medium,test,windows,image_load,,execution|persistence|privilege-escalation|stealth,1,1
72ca7c75-bf85-45cd-aca7-255d360e423c,rules,medium,test,windows,image_load,,execution|persistence|privilege-escalation|stealth,1,0
caa02837-f659-466f-bca6-48bde2826ab4,rules,medium,test,windows,image_load,,execution|persistence|privilege-escalation|stealth,1,0
6360757a-d460-456c-8b13-74cf0e60cceb,rules,high,test,windows,image_load,,execution|persistence|privilege-escalation|stealth,1,0
0fa66f66-e3f6-4a9c-93f8-4f2610b00171,rules,medium,test,windows,image_load,,privilege-escalation|stealth,1,0
2b140a5c-dc02-4bb8-b6b1-8bdb45714cde,rules,high,test,windows,image_load,,execution|persistence|privilege-escalation|stealth,1,0
9ca2bf31-0570-44d8-a543-534c47c33ed7,rules,medium,test,windows,image_load,,execution|persistence|privilege-escalation|stealth,1,1
6414b5cd-b19d-447e-bb5e-9f03940b5784,rules,medium,test,windows,image_load,,execution|persistence|privilege-escalation|stealth,1,1
fef394cd-f44d-4040-9b18-95d92fe278c0,rules,medium,test,windows,image_load,,execution|persistence|privilege-escalation|stealth,1,1
edd3ddc3-386f-4ba5-9ada-4376b2cfa7b5,rules,high,test,windows,image_load,,execution|persistence|privilege-escalation|stealth,1,0
e4903324-1a10-4ed3-981b-f6fe3be3a2c2,rules,high,test,windows,image_load,,execution|persistence|privilege-escalation|stealth,1,0
4fc0deee-0057-4998-ab31-d24e46e0aba4,rules,high,test,windows,image_load,,execution|persistence|privilege-escalation|stealth,1,1
b6188d2f-b3c4-4d2c-a17d-9706e0851af0,rules,medium,test,windows,image_load,,execution|persistence|privilege-escalation|stealth,1,1
e49b5745-1064-4ac1-9a2e-f687bc2dd37e,rules,medium,test,windows,image_load,,execution|persistence|privilege-escalation|stealth,1,0
4c21b805-4dd7-469f-b47d-7383a8fcb437,rules,high,test,windows,image_load,,execution|persistence|privilege-escalation|stealth,1,0
7a3b6d1f-4a2b-4f8c-9d7e-e9f8cbf21a35,rules,high,experimental,windows,image_load,,execution|persistence|privilege-escalation|stealth,1,0
68654bf0-4412-43d5-bfe8-5eaa393cd939,rules,medium,test,windows,image_load,,execution|persistence|privilege-escalation|stealth,1,0
d2451be2-b582-4e15-8701-4196ac180260,rules,high,test,windows,image_load,,execution|persistence|privilege-escalation|stealth,1,0
bf9808c4-d24f-44a2-8398-b65227d406b6,rules,medium,test,windows,image_load,,execution|persistence|privilege-escalation|stealth,1,1
d2605a99-2218-4894-8fd3-2afb7946514d,rules,medium,test,windows,image_load,,execution|persistence|privilege-escalation|stealth,1,0
948a0953-f287-4806-bbcb-3b2e396df89f,rules,high,test,windows,image_load,,execution|persistence|privilege-escalation|stealth,1,0
5ba243e5-8165-4cf7-8c69-e1d3669654c1,rules,medium,test,windows,image_load,,execution|persistence|privilege-escalation|stealth,1,1
cdb15e19-c2d0-432a-928e-e49c8c60dcf2,rules,medium,test,windows,image_load,,execution|persistence|privilege-escalation|stealth,1,1
6b98b92b-4f00-4f62-b4fe-4d1920215771,rules,high,test,windows,image_load,,execution|persistence|privilege-escalation|stealth,1,0
829a3bdf-34da-4051-9cf4-8ed221a8ae4f,rules,high,test,windows,image_load,,execution|persistence|privilege-escalation|stealth,1,0
d36f7c12-14a3-4d48-b6b8-774b9c66f44d,rules,medium,test,windows,image_load,,execution|persistence|privilege-escalation|stealth,1,1
6e78b74f-c762-4800-82ad-f66787f10c8a,rules,high,test,windows,image_load,,execution|persistence|privilege-escalation|stealth,1,0
259dda31-b7a3-444f-b7d8-17f96e8a7d0d,rules,medium,test,windows,image_load,,execution|persistence|privilege-escalation|stealth,1,0
0e0bc253-07ed-43f1-816d-e1b220fe8971,rules,high,test,windows,image_load,,execution|persistence|privilege-escalation|stealth,1,0
f64c9b2d-b0ad-481d-9d03-7fc75020892a,rules,medium,test,windows,image_load,,execution|persistence|privilege-escalation|stealth,1,1
ee4c5d06-3abc-48cc-8885-77f1c20f4451,rules,high,test,windows,image_load,,execution|persistence|privilege-escalation|stealth,1,0
844f8eb2-610b-42c8-89a4-47596e089663,rules,medium,test,windows,image_load,,execution|persistence|privilege-escalation|stealth,1,1
24b6cf51-6122-469e-861a-22974e9c1e5b,rules,high,test,windows,image_load,,execution|persistence|privilege-escalation|stealth,1,0
a2edbce1-95c8-4291-8676-0d45146862b3,rules,medium,test,windows,image_load,,execution|persistence|privilege-escalation|stealth,1,0
f9df325d-d7bc-4a32-8a1a-2cc61dcefc63,rules,medium,test,windows,image_load,,execution|persistence|privilege-escalation|stealth,1,0
828af599-4c53-4ed2-ba4a-a9f835c434ea,rules,high,test,windows,image_load,,execution|persistence|privilege-escalation|stealth,1,0
d7a63acb-1284-49bc-bfea-7771146c8b1c,rules,high,experimental,windows,image_load,,execution|persistence|privilege-escalation|stealth,1,0
2092cacb-d77b-4f98-ab0d-32b32f99a054,rules,medium,test,windows,image_load,,execution|persistence|privilege-escalation|stealth,1,0
70e8e9b4-6a93-4cb7-8cde-da69502e7aff,rules,medium,test,windows,image_load,,execution|persistence|privilege-escalation|stealth,1,1
98ffaed4-aec2-4e04-9b07-31492fe68b3d,rules,medium,test,windows,image_load,,execution|persistence|privilege-escalation|stealth,1,0
273a8dd8-3742-4302-bcc7-7df5a80fe425,rules,high,test,windows,image_load,,execution|persistence|privilege-escalation|stealth,1,0
9313dc13-d04c-46d8-af4a-a930cc55d93b,rules,high,test,windows,image_load,,execution|persistence|privilege-escalation|stealth,1,0
71b31e99-9ad0-47d4-aeb5-c0ca3928eeeb,rules,high,test,windows,image_load,,execution|persistence|privilege-escalation|stealth,1,0
db77ce78-7e28-4188-9337-cf30e2b3ba9f,rules,medium,test,windows,image_load,,execution|persistence|privilege-escalation|stealth,1,1
418dc89a-9808-4b87-b1d7-e5ae0cb6effc,rules,high,test,windows,image_load,,execution|persistence|privilege-escalation|stealth,1,0
e2e01011-5910-4267-9c3b-4149ed5479cf,rules,medium,test,windows,image_load,,execution|persistence|privilege-escalation|stealth,1,0
6e8fe0a8-ba0b-4a93-8f9e-82657e7a5984,rules,high,experimental,windows,image_load,,lateral-movement|stealth,1,0
060d5ad4-3153-47bb-8382-43e5e29eda92,rules,medium,test,windows,image_load,,execution|persistence|privilege-escalation|stealth,1,0
9e9a9002-56c4-40fd-9eff-e4b09bfa5f6c,rules,medium,test,windows,image_load,,stealth,1,0
c9e5f013-4a6f-4d8c-9b0e-f7a4c3d26e95,rules,medium,experimental,windows,image_load,,defense-impairment|persistence,1,1
cbb56d62-4060-40f7-9466-d8aaf3123f83,rules,low,test,windows,image_load,,stealth,1,1
4508a70e-97ef-4300-b62b-ff27992990ea,rules,high,test,windows,image_load,,execution|privilege-escalation|stealth,1,0
b5de0c9a-6f19-43e0-af4e-55ad01f550af,rules,medium,test,windows,image_load,,stealth,1,0
ea5c131b-380d-49f9-aeb3-920694da4d4b,rules,high,stable,windows,image_load,,execution|persistence|privilege-escalation|stealth,1,1
9ed5959a-c43c-4c59-84e3-d28628429456,rules,high,test,windows,image_load,,privilege-escalation,1,0
a5ea83a7-05a5-44c1-be2e-addccbbd8c03,rules,high,test,windows,image_load,,execution|persistence|privilege-escalation|stealth,1,1
a9c73e8b-3b2d-4c45-8ef2-5f9a9c9998ad,rules,medium,experimental,windows,image_load,,execution|stealth,1,1
416bc4a2-7217-4519-8dc7-c3271817f1d5,rules,high,experimental,windows,image_load,,credential-access|defense-impairment,1,0
0cbe38c0-270c-41d9-ab79-6e5a9a669290,rules,high,experimental,windows,image_load,,execution|persistence|privilege-escalation|stealth,1,0
05936ce2-ee05-4dae-9d03-9a391cf2d2c6,rules,high,test,windows,image_load,,persistence|privilege-escalation,1,1
06ce37c2-61ab-4f05-9ff5-b1a96d18ae32,rules,medium,test,windows,image_load,,stealth,1,1
7707a579-e0d8-4886-a853-ce47e4575aaa,rules,high,test,windows,image_load,,execution|lateral-movement,1,0
ad1f4bb9-8dfb-4765-adb6-2a7cfb6c0f94,rules,medium,test,windows,image_load,,execution|lateral-movement,1,0
5205613d-2a63-4412-a895-3a2458b587b3,rules,high,test,windows,network_connection,,stealth,1,0
b3ad3c0f-c949-47a1-a30e-b0491ccae876,rules,medium,test,windows,network_connection,,discovery,1,1
0dba975d-a193-4ed1-a067-424df57570d1,rules,high,test,windows,network_connection,,command-and-control,1,0
efafe0bf-4238-479e-af8f-797bd3490d2d,rules,high,test,windows,network_connection,,stealth,1,0
37e4024a-6c80-4d8f-b95d-2e7e94f3a8d1,rules,high,test,windows,network_connection,,command-and-control|execution,1,1
5c80b618-0dbb-46e6-acbb-03d90bcb6d83,rules,medium,test,windows,network_connection,,command-and-control,1,0
9e02c8ec-02b9-43e8-81eb-34a475ba7965,rules,medium,test,windows,network_connection,,command-and-control|exfiltration,1,1
7cd1dcdc-6edf-4896-86dc-d1f19ad64903,rules,medium,test,windows,network_connection,,command-and-control|exfiltration,1,1
fa5b1358-b040-4403-9868-15f7d9ab6329,rules,high,stable,windows,network_connection,,impact,1,0
297ae038-edc2-4b2e-bb3e-7c5fc94dd5c7,rules,high,test,windows,network_connection,,command-and-control,1,1
9501f8e6-8e3d-48fc-a8a6-1089dd5d7ef4,rules,medium,test,windows,network_connection,,command-and-control|exfiltration,1,1
25eabf56-22f0-4915-a1ed-056b8dae0a68,rules,high,test,windows,network_connection,,command-and-control|exfiltration,1,1
edf3485d-dac4-4d50-90e4-b0e5813f7e60,rules,medium,test,windows,network_connection,,discovery,1,1
7e9cf7b6-e827-11ed-a05b-0242ac120003,rules,medium,experimental,windows,network_connection,,command-and-control,1,1
3ab65069-d82a-4d44-a759-466661a082d1,rules,high,test,windows,network_connection,,command-and-control,1,1
fdeebdf0-9f3f-4d08-84a6-4c4d13e39fe4,rules,low,test,windows,network_connection,,exfiltration,1,1
18249279-932f-45e2-b37a-8925f2597670,rules,high,test,windows,network_connection,,command-and-control|exfiltration,1,1
1d08ac94-400d-4469-a82f-daee9a908849,rules,high,test,windows,network_connection,,command-and-control|exfiltration,1,1
7e9cf7b6-e827-11ed-a05b-15959c120003,rules,low,test,windows,network_connection,,command-and-control,1,1
07837ab9-60e1-481f-a74d-c31fb496a94c,rules,medium,test,windows,network_connection,,command-and-control|exfiltration,1,1
c3dbbc9f-ef1d-470a-a90a-d343448d5875,rules,medium,test,windows,network_connection,,command-and-control|exfiltration,1,1
4b657234-038e-4ad5-997c-4be42340bce4,rules,medium,test,windows,network_connection,,command-and-control|exfiltration,1,1
a66bc059-c370-472c-a0d7-f8fd1bf9d583,rules,high,test,windows,network_connection,,execution,1,0
2fdaf50b-9fd5-449f-ba69-f17248119af6,rules,high,experimental,windows,network_connection,,command-and-control|execution,1,0
8d7e392e-9b28-49e1-831d-5949c6281228,rules,high,test,windows,network_connection,,command-and-control,1,0
e81528db-fc02-45e8-8e98-4e84aba1f10b,rules,high,test,windows,network_connection,,command-and-control|execution|privilege-escalation|stealth,1,1
75e33ce3-ae32-4dcc-9aa8-a2a3029d6f84,rules,medium,test,windows,network_connection,,execution,1,1
3b5ba899-9842-4bc2-acc2-12308498bf42,rules,medium,test,windows,network_connection,,command-and-control|stealth,1,1
bef0bc5a-b9ae-425d-85c6-7b2d705980c6,rules,medium,test,windows,network_connection,,discovery,1,1
ed74fe75-7594-4b4b-ae38-e38e3fd2eb23,rules,high,test,windows,network_connection,,lateral-movement,1,1
5f699bc5-5446-4a4a-a0b7-5ef2885a3eb4,rules,high,test,windows,network_connection,,command-and-control|lateral-movement,1,0
b1e5da3b-ca8e-4adf-915c-9921f3d85481,rules,high,test,windows,network_connection,,command-and-control|lateral-movement,1,0
0531e43a-d77d-47c2-b89f-5fe50321c805,rules,medium,test,windows,network_connection,,stealth,1,0
c7e91a02-d771-4a6d-a700-42587e0b1095,rules,medium,test,windows,network_connection,,execution|stealth,1,0
d58ba5c6-0ed7-4b9d-a433-6878379efda9,rules,medium,experimental,windows,network_connection,,command-and-control|persistence,1,1
cdc8da7d-c303-42f8-b08c-b4ab47230263,rules,medium,test,windows,network_connection,,execution|stealth,1,1
50e54b8d-ad73-43f8-96a1-5191685b17a4,rules,high,test,windows,network_connection,,execution|stealth,1,0
20384606-a124-4fec-acbb-8bd373728613,rules,high,test,windows,network_connection,,stealth,1,0
e0f8ab85-0ac9-423b-a73a-81b3c7b1aa97,rules,high,test,windows,network_connection,,command-and-control,1,1
7b434893-c57d-4f41-908d-6a17bf1ae98f,rules,high,test,windows,network_connection,,command-and-control,1,0
4b89abaa-99fe-4232-afdd-8f9aa4d20382,rules,high,test,windows,network_connection,,command-and-control|persistence,1,0
6d8c3d20-a5e1-494f-8412-4571d716cf5c,rules,medium,test,windows,network_connection,,command-and-control|persistence,1,0
e54979bd-c5f9-4d6c-967b-a04b19ac4c74,rules,medium,test,windows,network_connection,,credential-access|lateral-movement,1,1
9f2cc74d-78af-4eb2-bb64-9cd1d292b87b,rules,medium,test,windows,network_connection,,execution|privilege-escalation|stealth,1,0
9976fa64-2804-423c-8a5b-646ade840773,rules,medium,test,windows,network_connection,,exfiltration,1,1
c539afac-c12a-46ed-b1bd-5a5567c9f045,rules,high,test,windows,network_connection,,execution|lateral-movement,1,1
7610a4ea-c06d-495f-a2ac-0a696abcfd3b,rules,medium,test,windows,network_connection,,command-and-control|execution|stealth,1,1
786cdae8-fefb-4eb2-9227-04e34060db01,rules,medium,test,windows,network_connection,,command-and-control|stealth,1,1
08249dc0-a28d-4555-8ba5-9255a198e08c,rules,medium,test,windows,network_connection,,command-and-control,1,1
992a6cae-db6a-43c8-9cec-76d7195c96fc,rules,high,test,windows,network_connection,,command-and-control,1,1
c649a6c7-cd8c-4a78-9c04-000fc76df954,rules,medium,test,windows,network_connection,,stealth,1,0
1ea13e8c-03ea-409b-877d-ce5c3d2c1cb3,rules,medium,test,windows,pipe_created,,collection,1,0
d5601f8c-b26f-4ab0-9035-69e11a8d4ad2,rules,critical,test,windows,pipe_created,,privilege-escalation|stealth,1,0
0e7163d4-9e19-4fa7-9be6-000c61aad77a,rules,critical,test,windows,pipe_created,,privilege-escalation|stealth,1,0
85adeb13-4fc9-4e68-8a4a-c7cb2c336eb7,rules,high,test,windows,pipe_created,,privilege-escalation|stealth,1,1
4d0083b3-580b-40da-9bba-626c19fe4033,rules,high,test,windows,pipe_created,,privilege-escalation|stealth,1,0
1f7025a6-e747-4130-aac4-961eb47015f1,rules,critical,test,windows,pipe_created,,privilege-escalation,1,0
637f689e-b4a5-4a86-be0e-0100a0a33ba2,rules,high,test,windows,pipe_created,,privilege-escalation|stealth,1,1
961d0ba2-3eea-4303-a930-2cf78bbfcc5e,rules,critical,test,windows,pipe_created,,credential-access,1,1
0adc67e0-a68f-4ffd-9c43-28905aad5d6a,rules,critical,test,windows,pipe_created,,credential-access|privilege-escalation|stealth,1,0
58cb02d5-78ce-4692-b3e1-dce850aae41a,rules,medium,test,windows,pipe_created,,execution,1,1
ac7102b4-9e1e-4802-9b4f-17c5524c015c,rules,informational,test,windows,pipe_created,,execution,1,0
f318b911-ea88-43f4-9281-0de23ede628e,rules,medium,test,windows,pipe_created,,execution|lateral-movement,1,1
f6451de4-df0a-41fa-8d72-b39f54a08db5,rules,medium,test,windows,pipe_created,,execution,1,0
d36f87ea-c403-44d2-aa79-1a0ac7c24456,rules,medium,test,windows,pipe_created,,execution|lateral-movement,1,1
493fb4ab-cdcc-4c4f-818c-0e363bd1e4bb,rules,medium,test,windows,pipe_created,,execution,1,0
fe3ac066-98bb-432a-b1e7-a5229cb39d4a,rules,critical,test,windows,pipe_created,,privilege-escalation|stealth,1,0
41504465-5e3a-4a5b-a5b4-2a0baadd4463,rules,medium,test,windows,pipe_created,,execution,1,1
999bff6d-dc15-44c9-9f5c-e1051bfc86e1,rules,medium,test,windows,ps_classic_start,,execution,1,0
87df9ee1-5416-453a-8a08-e8d4a51e9ce1,rules,high,stable,windows,ps_classic_start,,impact,1,1
6331d09b-4785-4c13-980f-f96661356249,rules,medium,test,windows,ps_classic_start,,execution,1,0
3236fcd0-b7e3-4433-b4f8-86ad61a9af2d,rules,low,test,windows,ps_classic_start,,command-and-control|execution,1,1
c70e019b-1479-4b65-b0cc-cd0c6093a599,rules,high,test,windows,ps_classic_start,,execution,1,0
c5b20776-639a-49bf-94c7-84f912b91c15,rules,medium,test,windows,ps_classic_start,,command-and-control|execution,1,0
60167e5c-84b2-4c95-a7ac-86281f27c445,rules,low,test,windows,ps_classic_start,,execution|lateral-movement,1,1
f65e22f9-819e-4f96-9c7b-498364ae7a25,rules,high,test,windows,,powershell-classic,stealth,1,0
30a8cb77-8eb3-4cfb-8e79-ad457c5a4592,rules,low,test,windows,ps_classic_start,,execution|stealth,1,0
b366adb4-d63d-422d-8a2c-186463b5ded0,rules,low,test,windows,ps_classic_start,,discovery,1,0
71ff406e-b633-4989-96ec-bc49d825a412,rules,medium,test,windows,,powershell-classic,collection,1,0
ec19ebab-72dc-40e1-9728-4c0b805d722c,rules,high,test,windows,ps_classic_provider_start,,defense-impairment,1,1
df9a0e0e-fedb-4d6c-8668-d765dfc92aa7,rules,medium,test,windows,,powershell-classic,execution|lateral-movement,1,0
74176142-4684-4d8a-8b0a-713257e7df8e,rules,medium,test,windows,ps_module,,discovery|impact|reconnaissance,1,1
64e8e417-c19a-475a-8d19-98ea705394cc,rules,medium,test,windows,ps_module,,execution,1,1
8d31a8ce-46b5-4dd6-bdc3-680931f1db86,rules,critical,test,windows,ps_module,,execution,1,1
f99276ad-d122-4989-a09a-d00904a5f9d2,rules,medium,test,windows,ps_module,,stealth,1,1
1ddc1472-8e52-4f7d-9f11-eab14fc171f5,rules,informational,test,windows,ps_module,,stealth,1,0
41025fd7-0466-4650-a813-574aaacbe7f4,rules,high,test,windows,ps_module,,execution,1,0
b140afd9-474b-4072-958e-2ebb435abd68,rules,high,test,windows,ps_module,,credential-access,1,0
4cbd4f12-2e22-43e3-882f-bff3247ffb78,rules,medium,test,windows,ps_module,,collection,1,0
9fe55ea2-4cd6-4491-8a54-dd6871651b51,rules,high,test,windows,ps_module,,lateral-movement,1,0
a136cde0-61ad-4a61-9b82-8dc490e60dd2,rules,high,test,windows,ps_module,,execution|stealth,1,0
2f211361-7dce-442d-b78a-c04039677378,rules,high,test,windows,ps_module,,execution|stealth,1,0
9ac8b09b-45de-4a07-9da1-0de8c09304a3,rules,high,test,windows,ps_module,,execution|stealth,1,0
6bfb8fa7-b2e7-4f6c-8d9d-824e5d06ea9e,rules,high,test,windows,ps_module,,execution|stealth,1,0
7034cbbb-cc55-4dc2-8dad-36c0b942e8f1,rules,medium,test,windows,ps_module,,execution|stealth,1,0
a23791fe-8846-485a-b16b-ca691e1b03d4,rules,medium,test,windows,ps_module,,execution|stealth,1,0
c72aca44-8d52-45ad-8f81-f96c4d3c755e,rules,high,test,windows,ps_module,,execution|stealth,1,0
ebdf49d8-b89c-46c9-8fdf-2c308406f6bd,rules,high,test,windows,ps_module,,execution|stealth,1,0
07ad2ea8-6a55-4ac6-bf3e-91b8e59676eb,rules,high,test,windows,ps_module,,execution|stealth,1,0
88a22f69-62f9-4b8a-aa00-6b0212f2f05a,rules,high,test,windows,ps_module,,execution|stealth,1,0
f3c89218-8c3d-4ba9-9974-f1d8e6a1b4a6,rules,high,test,windows,ps_module,,execution|stealth,1,0
7d0d0329-0ef1-4e84-a9f5-49500f9d7c6c,rules,high,test,windows,ps_module,,discovery|execution,1,0
96b9f619-aa91-478f-bacb-c3e50f8df575,rules,high,test,windows,ps_module,,execution|lateral-movement,1,1
38a7625e-b2cb-485d-b83d-aff137d859f4,rules,high,test,windows,ps_module,,stealth,1,0
815bfc17-7fc6-4908-a55e-2f37b98cedb4,rules,low,test,windows,ps_module,,discovery,1,1
de41232e-12e8-49fa-86bc-c05c7e722df9,rules,medium,test,windows,ps_module,,execution,1,1
aff815cc-e400-4bf0-a47a-5d8a2407d4e1,rules,low,test,windows,ps_module,,discovery,1,0
bbb80e91-5746-4fbe-8898-122e2cafdbf4,rules,high,test,windows,ps_module,,execution,1,1
8ff28fdd-e2fa-4dfa-aeda-ef3d61c62090,rules,high,test,windows,ps_module,,execution,1,0
cef24b90-dddc-4ae1-a09a-8764872f69fc,rules,low,test,windows,ps_module,,discovery,1,1
e3818659-5016-4811-a73c-dde4679169d2,rules,medium,test,windows,ps_module,,initial-access|persistence|privilege-escalation|stealth,1,1
6942bd25-5970-40ab-af49-944247103358,rules,low,test,windows,ps_module,,discovery,1,1
daf7eb81-35fd-410d-9d7a-657837e602bb,rules,medium,test,windows,ps_module,,collection,1,0
fe5ce7eb-dad8-467c-84a9-31ec23bd644a,rules,medium,test,windows,ps_module,,stealth,1,1
91e69562-2426-42ce-a647-711b8152ced6,rules,high,test,windows,ps_script,,credential-access|discovery|execution|impact|reconnaissance,1,1
fc028194-969d-4122-8abe-0470d5b8f12f,rules,medium,test,windows,ps_script,,credential-access,1,0
9e620995-f2d8-4630-8430-4afd89f77604,rules,medium,test,windows,ps_script,,discovery|impact|reconnaissance,1,1
4368354e-1797-463c-bc39-a309effbe8d7,rules,high,test,windows,ps_script,,impact,1,0
155c7fd5-47b4-49b2-bbeb-eb4fab335429,rules,medium,test,windows,ps_script,,execution,1,1
bf72941a-cba0-41ea-b18c-9aca3925690d,rules,high,test,windows,ps_script,,discovery|execution,1,0
e50d5d26-0cf6-4045-b82b-13c0a4e316be,rules,medium,experimental,windows,ps_script,,persistence,1,1
e0d6c087-2d1c-47fd-8799-3904103c5a98,rules,high,test,windows,ps_script,,defense-impairment|execution,1,0
fa2559c8-1197-471d-9cdd-05a0273d4522,rules,medium,test,windows,ps_script,,defense-impairment,1,0
3ceb2083-a27f-449a-be33-14ec1b7cc973,rules,critical,test,windows,ps_script,,command-and-control|execution|impact,1,0
96c982fe-3d08-4df4-bed2-eb14e02f21c8,rules,medium,test,windows,ps_script,,discovery,1,1
e4f93c99-396f-47c8-bb0f-201b1fa69034,rules,medium,test,windows,ps_script,,exfiltration,1,0
c1dda054-d638-4c16-afc8-53e007f3fbc5,rules,medium,test,windows,ps_script,,collection,1,0
d4a11f63-2390-411c-9adf-d791fd152830,rules,medium,test,windows,ps_script,,collection,1,0
26b692dc-1722-49b2-b496-a8258aa6371d,rules,medium,test,windows,ps_script,,stealth,1,1
bde47d4b-9987-405c-94c7-b080410e8ea7,rules,high,test,windows,ps_script,,stealth,1,0
363eccc0-279a-4ccf-a3ab-24c2e63b11fb,rules,medium,test,windows,ps_script,,execution|persistence|privilege-escalation,1,0
db885529-903f-4c5d-9864-28fe199e6370,rules,medium,test,windows,ps_script,,discovery,1,1
63bf8794-9917-45bc-88dd-e1b5abc0ecfd,rules,high,test,windows,ps_script,,credential-access|defense-impairment|persistence,1,0
23590215-4702-4a70-8805-8dc9e58314a2,rules,medium,test,windows,ps_script,,execution|persistence|privilege-escalation|stealth,1,1
243de76f-4725-4f2e-8225-a8a69b15ad61,rules,medium,test,windows,ps_script,,execution|persistence,1,1
02122374-b74e-495c-b285-9e4da973f3d6,rules,medium,experimental,windows,ps_script,,initial-access|persistence|privilege-escalation|stealth,1,0
afd12fed-b0ec-45c9-a13d-aa86625dac81,rules,high,test,windows,ps_script,,credential-access|ds0005,1,1
d93129cd-1ee0-479f-bc03-ca6f129882e3,rules,medium,test,windows,ps_script,,discovery|stealth,1,0
1f6399cf-2c80-4924-ace1-6fcff3393480,rules,medium,test,windows,ps_script,,discovery,1,0
b29a93fb-087c-4b5b-a84d-ee3309e69d08,rules,medium,test,windows,ps_script,,persistence,1,1
602f5669-6927-4688-84db-0d4b7afb2150,rules,high,test,windows,ps_script,,stealth,1,1
99c4658d-2c5e-4d87-828d-7c066ca537c3,rules,high,test,windows,ps_script,,defense-impairment,1,0
ddcd88cb-7f62-4ce5-86f9-1704190feb0a,rules,medium,test,windows,ps_script,,stealth,1,1
3c7d1587-3b13-439f-9941-7d14313dbdfe,rules,medium,test,windows,ps_script,,command-and-control,1,1
846c7a87-8e14-4569-9d49-ecfd4276a01c,rules,high,test,windows,ps_script,,execution,1,1
99c49d9c-34ea-45f7-84a7-4751ae6b2cbc,rules,medium,test,windows,ps_script,,credential-access,1,0
991a9744-f2f0-44f2-bd33-9092eba17dc3,rules,medium,test,windows,ps_script,,lateral-movement,1,1
55c925c1-7195-426b-a136-a9396800e29b,rules,medium,test,windows,ps_script,,stealth,1,1
603c6630-5225-49c1-8047-26c964553e0e,rules,medium,test,windows,ps_script,,credential-access,1,0
115fdba9-f017-42e6-84cf-d5573bf2ddf8,rules,high,test,windows,ps_script,,defense-impairment|stealth,1,0
aa7a3fce-bef5-4311-9cc1-5f04bb8c308c,rules,medium,test,windows,ps_script,,credential-access,1,1
df69cb1d-b891-4cd9-90c7-d617d90100ce,rules,medium,test,windows,ps_script,,command-and-control,1,1
95afc12e-3cbb-40c3-9340-84a032e596a3,rules,medium,test,windows,ps_script,,execution|persistence|privilege-escalation|stealth,1,1
36bed6b2-e9a0-4fff-beeb-413a92b86138,rules,low,test,windows,ps_script,,discovery,1,0
8c3a6607-b7dc-4f0d-a646-ef38c00b76ee,rules,low,test,windows,ps_script,,discovery,1,0
060c3ef1-fd0a-4091-bf46-e7d625f60b73,rules,medium,test,windows,ps_script,,credential-access,1,1
e0565f5d-d420-4e02-8a68-ac00d864f9cf,rules,low,test,windows,ps_script,,discovery,1,0
904e8e61-8edf-4350-b59c-b905fc8e810c,rules,medium,test,windows,ps_script,,discovery,1,1
3245cd30-e015-40ff-a31d-5cadd5f377ec,rules,high,test,windows,ps_script,,credential-access|lateral-movement,1,0
851fd622-b675-4d26-b803-14bc7baa517a,rules,high,test,windows,ps_script,,credential-access|discovery|execution|privilege-escalation,1,1
f5d1def8-1de0-4a0e-9794-1f6f27dd605c,rules,medium,test,windows,ps_script,,discovery,1,1
4c4af3cd-2115-479c-8193-6b8bfce9001c,rules,medium,test,windows,ps_script,,exfiltration,1,1
21f9162c-5f5d-4b01-89a8-b705bd7d10ab,rules,medium,test,windows,ps_script,,execution,1,0
975b2262-9a49-439d-92a6-0709cccdf0b2,rules,medium,test,windows,ps_script,,persistence|stealth,1,1
7b836d7f-179c-4ba4-90a7-a7e60afb48e6,rules,medium,test,windows,ps_script,,lateral-movement,1,1
d59d7842-9a21-4bc6-ba98-64bfe0091355,rules,high,test,windows,ps_script,,exfiltration,1,1
73e67340-0d25-11eb-adc1-0242ac120002,rules,high,test,windows,ps_script,,execution|stealth,1,0
1b9dc62e-6e9e-42a3-8990-94d7a10007f7,rules,high,test,windows,ps_script,,execution|stealth,1,0
779c8c12-0eb1-11eb-adc1-0242ac120002,rules,high,test,windows,ps_script,,execution|stealth,1,0
0adfbc14-0ed1-11eb-adc1-0242ac120002,rules,high,test,windows,ps_script,,execution|stealth,1,0
20e5497e-331c-4cd5-8d36-935f6e2a9a07,rules,medium,test,windows,ps_script,,execution|stealth,1,0
e6cb92b4-b470-4eb8-8a9d-d63e8583aae0,rules,medium,test,windows,ps_script,,execution|stealth,1,0
86b896ba-ffa1-4fea-83e3-ee28a4c915c7,rules,high,test,windows,ps_script,,execution|stealth,1,0
db92dd33-a3ad-49cf-8c2c-608c3e30ace0,rules,high,test,windows,ps_script,,execution|stealth,1,0
e55a5195-4724-480e-a77e-3ebe64bd3759,rules,high,test,windows,ps_script,,execution|stealth,1,0
a5a30a6e-75ca-4233-8b8c-42e0f2037d3b,rules,high,test,windows,ps_script,,execution|stealth,1,0
e54f5149-6ba3-49cf-b153-070d24679126,rules,high,test,windows,ps_script,,execution|stealth,1,0
34f90d3c-c297-49e9-b26d-911b05a4866c,rules,medium,test,windows,ps_script,,collection|credential-access,1,0
4fdc44df-bfe9-4fcc-b041-68f5a2d3031c,rules,medium,test,windows,ps_script,,persistence|privilege-escalation,1,1
4a241dea-235b-4a7e-8d76-50d817b146c4,rules,critical,test,windows,ps_script,,exfiltration,1,0
89819aa4-bbd6-46bc-88ec-c7f7fe30efa6,rules,high,test,windows,ps_script,,discovery|execution,1,0
f62176f3-8128-4faa-bf6c-83261322e5eb,rules,medium,test,windows,ps_script,,execution,1,1
cd185561-4760-45d6-a63e-a51325112cae,rules,high,test,windows,ps_script,,credential-access,1,0
9b111d8e-92e0-4153-88bc-daefc1333aba,rules,low,experimental,windows,ps_script,,initial-access|persistence|privilege-escalation|stealth,1,1
b7216a7d-687e-4c8d-82b1-3080b2ad961f,rules,medium,test,windows,ps_script,,defense-impairment|privilege-escalation,1,0
78aa1347-1517-4454-9982-b338d6df8343,rules,medium,test,windows,ps_script,,execution,1,1
f772cee9-b7c2-4cb2-8f07-49870adc02e0,rules,high,test,windows,ps_script,,execution,1,0
8c521530-5169-495d-a199-0a3a881ad24e,rules,high,test,windows,ps_script,,execution|stealth,1,0
36fbec91-fa1b-4d5d-8df1-8d8edcb632ad,rules,high,test,windows,ps_script,,persistence,1,0
da34e323-1e65-42db-83be-a6725ac2caa3,rules,medium,test,windows,ps_script,,credential-access|discovery,1,1
189e3b02-82b2-4b90-9662-411eb64486d4,rules,high,test,windows,ps_script,,credential-access,1,1
cdfa73b6-3c9d-4bb8-97f8-ddbd8921f5c5,rules,medium,experimental,windows,ps_script,,credential-access|discovery|reconnaissance,1,1
5f9c7f1a-7c21-4c39-b2f3-8d8006e0e51f,rules,high,test,windows,ps_script,,execution|persistence,1,1
dcd74b95-3f36-4ed9-9598-0490951643aa,rules,high,test,windows,ps_script,,execution,1,0
ca8b77a9-d499-4095-b793-5d5f330d450e,rules,high,test,windows,ps_script,,credential-access|execution,1,0
afd3df04-948d-46f6-ae44-25966c44b97f,rules,high,test,windows,ps_script,,execution,1,0
b7ec41a4-042c-4f31-a5db-d0fcde9fa5c5,rules,high,test,windows,ps_script,,execution,1,0
a0edd39f-a0c6-4c17-8141-261f958e8d8f,rules,medium,test,windows,ps_script,,execution,1,1
cacef8fc-9d3d-41f7-956d-455c6e881bc5,rules,high,test,windows,ps_script,,stealth,1,0
a861d835-af37-4930-bcd6-5b178bfb54df,rules,high,test,windows,ps_script,,credential-access,1,0
fbc5e92f-3044-4e73-a5c6-1c4359b539de,rules,medium,test,windows,ps_script,,exfiltration,1,1
42821614-9264-4761-acfc-5772c3286f76,rules,medium,test,windows,ps_script,,defense-impairment,1,1
902cedee-0398-4e3a-8183-6f3a89773a96,rules,medium,test,windows,ps_script,,defense-impairment,1,1
d2e3f2f6-7e09-4bf2-bc5d-90186809e7fb,rules,low,test,windows,ps_script,,exfiltration,1,0
7d416556-6502-45b2-9bad-9d2f05f38997,rules,medium,test,windows,ps_script,,discovery,1,0
cae80281-ef23-44c5-873b-fd48d2666f49,rules,low,test,windows,ps_script,,defense-impairment,1,0
3bf1d859-3a7e-44cb-8809-a99e066d3478,rules,high,test,windows,ps_script,,defense-impairment,1,0
61d0475c-173f-4844-86f7-f3eebae1c66b,rules,medium,test,windows,ps_script,,execution,1,1
16b37b70-6fcf-4814-a092-c36bd3aafcbd,rules,high,test,windows,ps_script,,execution|privilege-escalation|stealth,1,0
402e1e1d-ad59-47b6-bf80-1ee44985b3a7,rules,high,test,windows,ps_script,,execution,1,0
2650dd1a-eb2a-412d-ac36-83f06c4f2282,rules,medium,test,windows,ps_script,,discovery,1,1
a699b30e-d010-46c8-bbd1-ee2e26765fe9,rules,medium,test,windows,ps_script,,stealth,1,0
2f77047c-e6e9-4c11-b088-a3de399524cd,rules,high,test,windows,ps_script,,defense-impairment|persistence|privilege-escalation,1,0
88f0884b-331d-403d-a3a1-b668cf035603,rules,low,test,windows,ps_script,,discovery,1,0
e8314f79-564d-4f79-bc13-fbc0bf2660d8,rules,low,test,windows,ps_script,,execution|stealth,1,0
0f017df3-8f5a-414f-ad6b-24aff1128278,rules,medium,test,windows,ps_script,,defense-impairment,1,1
162e69a7-7981-4344-84a9-0f1c9a217a52,rules,medium,test,windows,ps_script,,discovery,1,1
403c2cc0-7f6b-4925-9423-bfa573bed7eb,rules,medium,test,windows,ps_script,,execution,1,1
b5522a23-82da-44e5-9c8b-e10ed8955f88,rules,medium,test,windows,ps_script,,execution,1,1
bd5971a7-626d-46ab-8176-ed643f694f68,rules,medium,test,windows,ps_script,,credential-access,1,0
03409c93-a7c7-49ba-9a4c-a00badf2a153,rules,medium,test,windows,ps_script,,stealth,1,1
bbb9495b-58fc-4016-b9df-9a3a1b67ca82,rules,low,test,windows,ps_script,,discovery,1,1
4096a49c-7de4-4da0-a230-c66ccd56ea5a,rules,low,test,windows,ps_script,,discovery,1,1
eb2fd349-ec67-4caa-9143-d79c7fb34441,rules,low,test,windows,ps_script,,discovery,1,1
af4c87ce-bdda-4215-b998-15220772e993,rules,low,test,windows,ps_script,,discovery,1,1
84c174ab-d3ef-481f-9c86-a50d0b8e3edb,rules,high,test,windows,ps_script,,credential-access,1,1
8bc063d5-3a3a-4f01-a140-bc15e55e8437,rules,medium,test,windows,ps_script,,persistence|privilege-escalation,1,1
42d36aa1-3240-4db0-8257-e0118dcdd9cd,rules,medium,test,windows,ps_script,,stealth,1,1
ed965133-513f-41d9-a441-e38076a0798f,rules,high,test,windows,ps_script,,execution,1,1
ae7fbf8e-f3cb-49fd-8db4-5f3bed522c71,rules,high,test,windows,ps_script,,execution,1,0
d4488827-73af-4f8d-9244-7b7662ef046e,rules,medium,test,windows,ps_script,,command-and-control,1,0
70ad982f-67c8-40e0-a955-b920c2fa05cb,rules,medium,test,windows,ps_script,,stealth,1,1
965e2db9-eddb-4cf6-a986-7a967df651e4,rules,medium,test,windows,ps_script,,collection|credential-access,1,0
1f49f2ab-26bc-48b3-96cc-dcffbc93eadf,rules,medium,test,windows,ps_script,,execution,1,0
fa6a5a45-3ee2-4529-aa14-ee5edc9e29cb,rules,low,test,windows,ps_script,,discovery,1,1
2837e152-93c8-43d2-85ba-c3cd3c2ae614,rules,medium,test,windows,ps_script,,collection,1,0
29e1c216-6408-489d-8a06-ee9d151ef819,rules,low,test,windows,ps_script,,defense-impairment,1,1
66a4d409-451b-4151-94f4-a55d559c49b0,rules,medium,test,windows,ps_script,,stealth,1,1
1883444f-084b-419b-ac62-e0d0c5b3693f,rules,low,test,windows,ps_script,,credential-access,1,0
1c563233-030e-4a07-af8c-ee0490a66d3a,rules,medium,test,windows,ps_script,,lateral-movement,1,0
bd33d2aa-497e-4651-9893-5c5364646595,rules,medium,test,windows,ps_script,,command-and-control,1,0
a9723fcc-881c-424c-8709-fd61442ab3c3,rules,medium,test,windows,ps_script,,collection,1,0
48a45d45-8112-416b-8a67-46e03a4b2107,rules,medium,test,windows,ps_script,,impact,1,0
22d80745-6f2c-46da-826b-77adaededd74,rules,high,test,windows,ps_script,,execution|persistence|privilege-escalation|stealth,1,1
96cd126d-f970-49c4-848a-da3a09f55c55,rules,low,test,windows,ps_script,,execution|stealth,1,0
95f0643a-ed40-467c-806b-aac9542ec5ab,rules,low,test,windows,ps_script,,discovery,1,0
195626f3-5f1b-4403-93b7-e6cfd4d6a078,rules,low,test,windows,ps_script,,command-and-control,1,1
0718cd72-f316-4aa2-988f-838ea8533277,rules,medium,test,windows,ps_script,,stealth,1,1
5947497f-1aa4-41dd-9693-c9848d58727d,rules,medium,test,windows,ps_script,,defense-impairment,1,1
c5ac6a1e-9407-45f5-a0ce-ca9a0806a287,rules,low,test,windows,ps_script,,impact,1,0
b26647de-4feb-4283-af6b-6117661283c5,rules,low,test,windows,ps_script,,discovery,1,0
c1337eb8-921a-4b59-855b-4ba188ddcc42,rules,high,test,windows,ps_script,,impact,1,0
313fbb0a-a341-4682-848d-6d6f8c4fab7c,rules,medium,test,windows,ps_script,,stealth,1,0
35f41cd7-c98e-469f-8a02-ec4ba0cc7a7e,rules,medium,test,windows,ps_script,,defense-impairment,1,1
b7a3c9a3-09ea-4934-8864-6a32cacd98d9,rules,medium,test,windows,ps_script,,collection,1,0
dddfebae-c46f-439c-af7a-fdb6bde90218,rules,medium,test,windows,ps_script,,stealth,1,1
ae2bdd58-0681-48ac-be7f-58ab4e593458,rules,high,test,windows,ps_script,,defense-impairment,1,1
14c71865-6cd3-44ae-adaa-1db923fae5f2,rules,high,test,windows,ps_script,,defense-impairment,1,1
adf876b3-f1f8-4aa9-a4e4-a64106feec06,rules,medium,test,windows,ps_script,,command-and-control,1,1
c6438007-e081-42ce-9483-b067fbef33c3,rules,medium,test,windows,ps_script,,stealth,1,1
c2993223-6da8-4b1a-88ee-668b8bf315e9,rules,medium,test,windows,ps_script,,discovery,1,1
05b3e303-faf0-4f4a-9b30-46cc13e69152,rules,medium,test,windows,ps_script,,persistence|privilege-escalation,1,1
953945c5-22fe-4a92-9f8a-a9edc1e522da,rules,high,test,windows,ps_script,,execution|persistence|privilege-escalation|stealth,1,1
2a0a169d-cc66-43ce-9ae2-6e678e54e46a,rules,medium,experimental,windows,ps_script,,defense-impairment|execution|persistence,1,1
976d6e6f-a04b-4900-9713-0134a353e38b,rules,high,test,windows,ps_script,,credential-access,1,1
1139d2e2-84b1-4226-b445-354492eba8ba,rules,medium,test,windows,ps_script,,execution,1,1
e2812b49-bae0-4b21-b366-7c142eafcde2,rules,medium,test,windows,ps_script,,defense-impairment,1,1
91109523-17f0-4248-a800-f81d9e7c081d,rules,medium,test,windows,ps_script,,stealth,1,0
03d83090-8cba-44a0-b02f-0b756a050306,rules,high,test,windows,ps_script,,execution|stealth,1,0
c1344fa2-323b-4d2e-9176-84b4d4821c88,rules,medium,test,windows,ps_script,,defense-impairment|execution,1,0
488b44e7-3781-4a71-888d-c95abfacf44d,rules,medium,test,windows,ps_script,,defense-impairment,1,0
851c506b-6b7c-4ce2-8802-c703009d03c0,rules,medium,test,windows,ps_script,,persistence|privilege-escalation,1,0
9e07f6e7-83aa-45c6-998e-0af26efd0a85,rules,medium,test,windows,ps_script,,persistence|privilege-escalation,1,0
09658312-bc27-4a3b-91c5-e49ab9046d1b,rules,medium,test,windows,ps_script,,execution,1,0
8028c2c3-e25a-46e3-827f-bbb5abf181d7,rules,high,test,windows,ps_script,,execution,1,1
504d63cb-0dba-4d02-8531-e72981aace2c,rules,medium,test,windows,ps_script,,defense-impairment,1,1
6c6c6282-7671-4fe9-a0ce-a2dcebdc342b,rules,medium,test,windows,ps_script,,execution,1,1
3b4b232a-af90-427c-a22f-30b0c0837b95,rules,high,stable,windows,process_access,,execution|stealth,1,1
09706624-b7f6-455d-9d02-adee024cee1d,rules,high,test,windows,process_access,,defense-impairment|execution,1,0
d0d2f720-d14f-448d-8242-51ff396a334e,rules,high,test,windows,process_access,,credential-access,1,0
b1bd3a59-c1fd-4860-9f40-4dd161a7d1f5,rules,high,test,windows,process_access,,credential-access|execution,1,0
7bdde3bf-2a42-4c39-aa31-a92b3e17afac,rules,high,test,windows,process_access,,execution|privilege-escalation|stealth,1,0
d29ada0f-af45-4f27-8f32-f7b77c3dbc4e,rules,high,test,windows,process_access,,defense-impairment,1,0
a49fa4d5-11db-418c-8473-1e014a8dd462,rules,high,test,windows,process_access,,credential-access,1,0
9bd012ee-0dff-44d7-84a0-aa698cfd87a3,rules,high,test,windows,process_access,,credential-access,1,1
5ef9853e-4d0e-4a70-846f-a9ca37d876da,rules,medium,test,windows,process_access,,credential-access,1,0
f8be3e82-46a3-4e4e-ada5-8e538ae8b9c9,rules,high,stable,windows,process_access,,credential-access,1,0
aa35a627-33fb-4d04-a165-d33b4afca3e8,rules,high,stable,windows,process_access,,credential-access|execution|lateral-movement,1,0
472159c5-31b9-4f56-b794-b766faa8b0a7,rules,high,test,windows,process_access,,credential-access,1,0
a18dd26b-6450-46de-8c91-9659150cf088,rules,medium,test,windows,process_access,,credential-access,1,1
e5b33f7d-eb93-48b6-9851-09e1e610b6d7,rules,high,test,windows,process_access,,credential-access,1,1
4be8b654-0c01-4c9d-a10c-6b28467fc651,rules,high,test,windows,process_access,,credential-access,1,0
a24e5861-c6ca-4fde-a93c-ba9256feddf0,rules,low,test,windows,process_access,,privilege-escalation|stealth,1,0
9f5c1d59-33be-4e60-bcab-85d2f566effd,rules,high,experimental,windows,process_access,,credential-access|defense-impairment,1,1
3f3f3506-1895-401b-9cc3-e86b16e630d0,rules,medium,test,windows,process_access,,execution,1,0
174afcfa-6e40-4ae9-af64-496546389294,rules,high,test,windows,process_access,,privilege-escalation,1,0
166e9c50-8cd9-44af-815d-d1f0c0e90dde,rules,high,test,windows,process_access,,defense-impairment,1,0
fb3722e4-1a06-46b6-b772-253e2e7db933,rules,medium,test,windows,process_access,,privilege-escalation,1,0
4f6c43e2-f989-4ea5-bcd8-843b49a0317c,rules,high,test,windows,process_access,,privilege-escalation,1,0
387df17d-3b04-448f-8669-9e7fd5e5fd8c,rules,high,experimental,windows,process_access,,defense-impairment,1,1
ec570e53-4c76-45a9-804d-dc3f355ff7a7,rules,medium,test,windows,process_creation,,collection,1,1
9fbf5927-5261-4284-a71d-f681029ea574,rules,medium,test,windows,process_creation,,collection,1,1
0f6da907-5854-4be6-859a-e9958747b0aa,rules,medium,test,windows,process_creation,,execution,1,1
631b22a4-70f4-4e2f-9ea8-42f84d9df6d8,rules,high,test,windows,process_creation,,stealth,1,0
b5746143-59d6-4603-8d06-acbd60e166ee,rules,medium,test,windows,process_creation,,stealth,1,0
4f2cd9b6-4a17-440f-bb2a-687abb65993a,rules,medium,test,windows,process_creation,,stealth,1,0
6120ac2a-a34b-42c0-a9bd-1fb9f459f348,rules,medium,test,windows,process_creation,,stealth,1,0
2f869d59-7f6a-4931-992c-cce556ff2d53,rules,high,test,windows,process_creation,,credential-access|execution,1,1
7efd2c8d-8b18-45b7-947d-adfe9ed04f61,rules,medium,test,windows,process_creation,,stealth,1,1
c0b40568-b1e9-4b03-8d6c-b096da6da9ab,rules,high,test,windows,process_creation,,stealth,1,0
7dbbcac2-57a0-45ac-b306-ff30a8bd2981,rules,high,experimental,windows,process_creation,,defense-impairment,1,0
9c7e131a-0f2c-4ae0-9d43-b04f4e266d43,rules,medium,test,windows,process_creation,,execution|stealth,1,0
8e95e73e-ba02-4a87-b4d7-0929b8053038,rules,high,experimental,windows,process_creation,,execution,1,0
a01b8329-5953-4f73-ae2d-aa01e1f35f00,rules,medium,test,windows,process_creation,,execution|stealth,1,0
9ccba514-7cb6-4c5c-b377-700758f2f120,rules,high,test,windows,process_creation,,execution|stealth,1,0
9f50fe98-fe5c-4a2d-86c7-fad7f63ed622,rules,high,test,windows,process_creation,,execution|stealth,1,0
60fc936d-2eb0-4543-8a13-911c750a1dfc,rules,high,test,windows,process_creation,,execution|persistence|privilege-escalation,1,1
f24bcaea-0cd1-11eb-adc1-0242ac120002,rules,medium,test,windows,process_creation,,stealth,1,1
4281cb20-2994-4580-aa63-c8b86d019934,rules,medium,test,windows,process_creation,,stealth,1,1
efec536f-72e8-4656-8960-5e85d091345b,rules,high,test,windows,process_creation,,stealth,1,0
c6c56ada-612b-42d1-9a29-adad3c5c2c1e,rules,high,test,windows,process_creation,,defense-impairment,1,1
0a13e132-651d-11eb-ae93-0242ac130002,rules,high,test,windows,process_creation,,defense-impairment,1,1
d7b81144-b866-48a4-9bcc-275dc69d870e,rules,high,experimental,windows,process_creation,,defense-impairment,1,0
c80e66d8-1780-48a9-b412-46663fd21ac0,rules,high,experimental,windows,process_creation,,execution|persistence|privilege-escalation,1,1
9f38c1db-e2ae-40bf-81d0-5b68f73fb512,rules,high,experimental,windows,process_creation,,lateral-movement|stealth,1,0
5edc2273-c26f-406c-83f3-f4d948e740dd,rules,medium,test,windows,process_creation,,stealth,1,0
2d22a514-e024-4428-9dba-41505bd63a5b,rules,medium,test,windows,process_creation,,stealth,1,0
1444443e-6757-43e4-9ea4-c8fc705f79a2,rules,high,stable,windows,process_creation,,impact,1,0
c9fbe8e9-119d-40a6-9b59-dd58a5d84429,rules,medium,test,windows,process_creation,,persistence|stealth,0,0
c615d676-f655-46b9-b913-78729021e5d7,rules,medium,test,windows,process_creation,,execution|exfiltration,1,1
811f459f-9231-45d4-959a-0266c6311987,rules,high,test,windows,process_creation,,execution|stealth,1,0
aaf46cdc-934e-4284-b329-34aa701e3771,rules,medium,test,windows,process_creation,,execution|stealth,1,0
7f2376f9-42ee-4dfc-9360-fecff9a88fc8,rules,low,test,windows,process_creation,,stealth,1,1
d059842b-6b9d-4ed1-b5c3-5b89143c6ede,rules,medium,test,windows,process_creation,,command-and-control|execution|persistence|stealth,1,1
99c840f2-2012-46fd-9141-c761987550ef,rules,high,test,windows,process_creation,,execution|persistence|stealth,1,0
8518ed3d-f7c9-4601-a26c-f361a4256a0c,rules,high,test,windows,process_creation,,command-and-control|execution|persistence|stealth,1,1
5b80a791-ad9b-4b75-bcc1-ad4e1e89c200,rules,high,test,windows,process_creation,,command-and-control|execution|persistence|stealth,1,0
2ddef153-167b-4e89-86b6-757a9e65dcac,rules,high,test,windows,process_creation,,command-and-control|execution|persistence|stealth,1,0
b9cbbc17-d00d-4e3d-a827-b06d03d2380d,rules,medium,test,windows,process_creation,,execution|persistence|stealth,1,0
3e8207c5-fcd2-4ea6-9418-15d45b4890e4,rules,high,test,windows,process_creation,,collection|credential-access|stealth,1,0
ef9dcfed-690c-4c5d-a9d1-482cd422225c,rules,low,test,windows,process_creation,,command-and-control|stealth,1,0
0e8cfe08-02c9-4815-a2f8-0d157b7ed33e,rules,high,test,windows,process_creation,,command-and-control|stealth,1,0
88d6e60c-759d-4ac1-a447-c0f1466c2d21,rules,medium,test,windows,process_creation,,persistence,1,1
1c526788-0abe-4713-862f-b520da5e5316,rules,high,test,windows,process_creation,,execution,1,0
27ba3207-dd30-4812-abbf-5d20c57d474e,rules,high,test,windows,process_creation,,persistence,1,0
94771a71-ba41-4b6e-a757-b531372eaab6,rules,medium,test,windows,process_creation,,command-and-control,1,0
b3d34dc5-2efd-4ae3-845f-8ec14921f449,rules,medium,test,windows,process_creation,,collection|credential-access,1,0
62f7c9bf-9135-49b2-8aeb-1e54a6ecc13c,rules,high,test,windows,process_creation,,command-and-control,1,0
737e618a-a410-49b5-bec3-9e55ff7fbc15,rules,high,test,windows,process_creation,,stealth,1,0
b5c7395f-e501-4a08-94d4-57fe7a9da9d2,rules,medium,test,windows,process_creation,,execution|stealth,1,1
ff992eac-6449-4c60-8c1d-91c9722a1d48,rules,medium,test,windows,process_creation,,defense-impairment,1,1
70ad0861-d1fe-491c-a45f-fa48148a300d,rules,medium,test,windows,process_creation,,command-and-control,1,0
b86f6dea-0b2f-41f5-bdcc-a057bd19cd6a,rules,high,test,windows,process_creation,,command-and-control|execution,1,0
242301bc-f92f-4476-8718-78004a6efd9f,rules,medium,test,windows,process_creation,,stealth,1,0
84232095-ecca-4015-b0d7-7726507ee793,rules,high,test,windows,process_creation,,stealth,1,0
4480827a-9799-4232-b2c4-ccc6c4e9e12b,rules,high,experimental,windows,process_creation,,command-and-control,1,0
d2125259-ddea-4c1c-9c22-977eb5b29cf0,rules,medium,test,windows,process_creation,,defense-impairment,1,1
cc9cbe82-7bc0-4ef5-bc23-bbfb83947be7,rules,high,test,windows,process_creation,,stealth,1,0
19b08b1c-861d-4e75-a1ef-ea0c1baf202b,rules,medium,test,windows,process_creation,,command-and-control|stealth,1,0
13e6fe51-d478-4c7e-b0f2-6da9b400a829,rules,high,test,windows,process_creation,,command-and-control|stealth,1,0
42a5f1e7-9603-4f6d-97ae-3f37d130d794,rules,high,test,windows,process_creation,,command-and-control|stealth,1,0
e62a9f0c-ca1e-46b2-85d5-a6da77f86d1a,rules,medium,test,windows,process_creation,,stealth,1,1
ea0cdc3e-2239-4f26-a947-4e8f8224e464,rules,high,test,windows,process_creation,,stealth,1,0
82a6714f-4899-4f16-9c1e-9a333544d4c3,rules,high,test,windows,process_creation,,stealth,1,0
3ffd6f51-e6c1-47b7-94b4-c1e61d4117c5,rules,medium,test,windows,process_creation,,stealth,1,1
6c6d9280-e6d0-4b9d-80ac-254701b64916,rules,high,test,windows,process_creation,,stealth,1,0
7090adee-82e2-4269-bd59-80691e7c6338,rules,medium,test,windows,process_creation,,discovery,1,1
c7942406-33dd-4377-a564-0f62db0593a3,rules,medium,test,windows,process_creation,,stealth,1,1
4b046706-5789-4673-b111-66f25fe99534,rules,medium,test,windows,process_creation,,impact,1,0
4c0aaedc-154c-4427-ada0-d80ef9c9deb6,rules,high,test,windows,process_creation,,credential-access|stealth,1,0
ddeff553-5233-4ae9-bbab-d64d2bd634be,rules,low,test,windows,process_creation,,collection,1,0
fadb84f0-4e84-4f6d-a1ce-9ef2bffb6ccd,rules,medium,test,windows,process_creation,,command-and-control,1,1
222129f7-f4dc-4568-b0d2-22440a9639ba,rules,medium,test,windows,process_creation,,command-and-control,1,1
7050bba1-1aed-454e-8f73-3f46f09ce56a,rules,medium,test,windows,process_creation,,command-and-control,1,1
9a019ffc-3580-4c9d-8d87-079f7e8d3fd4,rules,medium,test,windows,process_creation,,command-and-control,1,1
3d3aa6cd-6272-44d6-8afc-7e88dfef7061,rules,low,test,windows,process_creation,,persistence|privilege-escalation,1,1
ae6f14e6-14de-45b0-9f44-c0986f50dc89,rules,high,test,windows,process_creation,,persistence|privilege-escalation,1,0
044ba588-dff4-4918-9808-3f95e8160606,rules,high,test,windows,process_creation,,credential-access,1,0
21dd6d38-2b18-4453-9404-a0fe4a0cc288,rules,high,test,windows,process_creation,,command-and-control|stealth,1,0
379fa130-190e-4c3f-b7bc-6c8e834485f3,rules,low,test,windows,process_creation,,stealth,1,1
204b17ae-4007-471b-917b-b917b315c5db,rules,medium,test,windows,process_creation,,stealth,1,0
7c9340a9-e2ee-4e43-94c5-c54ebbea1006,rules,low,test,windows,process_creation,,discovery,1,0
a77c1610-fc73-4019-8e29-0f51efc04a51,rules,medium,test,windows,process_creation,,execution,1,0
1ac8666b-046f-4201-8aba-1951aaec03a3,rules,medium,test,windows,process_creation,,command-and-control|execution,1,0
5a6b7c8d-9e0f-1a2b-3c4d-5e6f7a8b9c0d,rules,medium,experimental,windows,process_creation,,stealth,1,1
e9b61244-893f-427c-b287-3e708f321c6b,rules,high,test,windows,process_creation,,persistence|privilege-escalation,1,0
40b19fa6-d835-400c-b301-41f3a2baacaf,rules,high,stable,windows,process_creation,,credential-access,1,1
f0507c0f-a3a2-40f5-acc6-7f543c334993,rules,high,test,windows,process_creation,,execution,1,0
a16980c2-0c56-4de0-9a79-17971979efdd,rules,high,test,windows,process_creation,,execution,1,1
bbc865e4-7fcd-45a6-8ff1-95ced28ec5b2,rules,high,test,windows,process_creation,,defense-impairment,1,0
087790e3-3287-436c-bccf-cbd0184a7db1,rules,high,test,windows,process_creation,,execution,1,1
ded2b07a-d12f-4284-9b76-653e37b6c8b0,rules,medium,test,windows,process_creation,,stealth,1,0
54786ddc-5b8a-11ed-9b6a-0242ac120002,rules,high,test,windows,process_creation,,stealth,1,0
8e0bb260-d4b2-4fff-bb8d-3f82118e6892,rules,medium,test,windows,process_creation,,stealth,1,1
41ca393d-538c-408a-ac27-cf1e038be80c,rules,low,test,windows,process_creation,,stealth,1,0
c73124a7-3e89-44a3-bdc1-25fe4df754b1,rules,high,test,windows,process_creation,,impact,1,1
241e802a-b65e-484f-88cd-c2dc10f9206d,rules,medium,test,windows,process_creation,,execution,1,0
2fdefcb3-dbda-401e-ae23-f0db027628bc,rules,critical,test,windows,process_creation,,persistence|privilege-escalation,1,0
1070db9a-3e5d-412e-8e7b-7183b616e1b3,rules,critical,test,windows,process_creation,,persistence|privilege-escalation,1,0
aa0b3a82-eacc-4ec3-9150-b5a9a3e3f82f,rules,medium,test,windows,process_creation,,command-and-control,1,0
4b991083-3d0e-44ce-8fc4-b254025d8d4b,rules,medium,test,windows,process_creation,,execution,1,0
b1ec66c6-f4d1-4b5c-96dd-af28ccae7727,rules,medium,test,windows,process_creation,,credential-access,1,1
07f8bdc2-c9b3-472a-9817-5a670b872f53,rules,high,test,windows,process_creation,,credential-access,1,1
f37aba28-a9e6-4045-882c-d5004043b337,rules,medium,test,windows,process_creation,,execution|stealth,1,0
7d4cdc5a-0076-40ca-aac8-f7e714570e47,rules,high,stable,windows,process_creation,,execution|stealth,1,1
7f3a9c2d-4e8b-4a7f-9d3e-5c6f8a9b2e1d,rules,medium,experimental,windows,process_creation,,command-and-control|execution|lateral-movement,1,1
1f0f6176-6482-4027-b151-00071af39d7e,rules,medium,test,windows,process_creation,,exfiltration,1,0
056c7317-9a09-4bd4-9067-d051312752ea,rules,medium,test,windows,process_creation,,execution|stealth,1,0
3037d961-21e9-4732-b27a-637bcc7bf539,rules,informational,test,windows,process_creation,,stealth,1,1
ee5e119b-1f75-4b34-add8-3be976961e39,rules,high,test,windows,process_creation,,execution,1,0
7dc2dedd-7603-461a-bc13-15803d132355,rules,medium,test,windows,process_creation,,stealth,1,0
dfa03a09-8b92-4d83-8e74-f72839b1c407,rules,high,experimental,windows,process_creation,,stealth,1,1
cbb9e3d1-2386-4e59-912e-62f1484f7a89,rules,medium,test,windows,process_creation,,execution,1,0
0ba863e6-def5-4e50-9cea-4dd8c7dc46a4,rules,high,test,windows,process_creation,,execution|persistence|privilege-escalation|stealth,1,0
0ea8db81-2ff6-4525-9448-33bbe7effc13,rules,medium,experimental,windows,process_creation,,initial-access|persistence|privilege-escalation|stealth,1,0
515c8be5-e5df-4c5e-8f6d-a4a2f05e4b48,rules,high,test,windows,process_creation,,credential-access|stealth,1,1
c17d47b7-dcd6-4109-87eb-d1817bd4cbc9,rules,high,experimental,windows,process_creation,,defense-impairment,1,0
dcaa3f04-70c3-427a-80b4-b870d73c94c4,rules,medium,test,windows,process_creation,,stealth,1,1
b730a276-6b63-41b8-bcf8-55930c8fc6ee,rules,high,test,windows,process_creation,,execution|stealth,1,0
40b95d31-1afc-469e-8d34-9a3a667d058e,rules,medium,test,windows,process_creation,,execution|lateral-movement|stealth,1,1
a9e416a8-e613-4f8b-88b8-a7d1d1af2f61,rules,high,test,windows,process_creation,,execution|stealth,1,1
e5d36acd-acb4-4c6f-a13f-9eb203d50099,rules,medium,test,windows,process_creation,,discovery|exfiltration,1,0
5a6e1e16-07de-48d8-8aae-faa766c05e88,rules,medium,test,windows,process_creation,,execution,1,0
85de1f22-d189-44e4-8239-dc276b45379b,rules,medium,test,windows,process_creation,,execution,1,0
9cc85849-3b02-4cb5-b371-3a1ff54f2218,rules,medium,test,windows,process_creation,,execution,1,0
5cb299fc-5fb1-4d07-b989-0644c68b6043,rules,high,test,windows,process_creation,,execution,1,0
56454143-524f-49fb-b1c6-3fb8b1ad41fb,rules,high,test,windows,process_creation,,execution,1,0
cb9cc1d1-e84e-4bdc-b7ad-c31b1b7908ec,rules,medium,test,windows,process_creation,,execution,1,1
2c1486f5-02e8-4f86-9099-b97f2da4ed77,rules,medium,test,windows,process_creation,,execution,1,1
aa6f6ea6-0676-40dd-b510-6e46f02d8867,rules,medium,test,windows,process_creation,,execution,1,0
916eb839-895e-47f8-99ee-3008bf377a3e,rules,high,test,windows,process_creation,,credential-access,1,1
e218595b-bbe7-4ee5-8a96-f32a24ad3468,rules,high,test,windows,process_creation,,command-and-control,1,0
e328cc73-f92a-42fb-b3fa-7c2cffda981a,rules,high,experimental,windows,process_creation,,exfiltration,1,1
84b14121-9d14-416e-800b-f3b829c5a14d,rules,high,test,windows,process_creation,,stealth,1,1
6345b048-8441-43a7-9bed-541133633d7a,rules,high,test,windows,process_creation,,privilege-escalation|stealth,1,0
b2309017-4235-44fe-b5af-b15363011957,rules,medium,test,windows,process_creation,,execution|stealth,1,0
1e8a9b4d-3c2a-4f9b-8d1e-7c6a5b4f3d2e,rules,high,experimental,windows,process_creation,,defense-impairment,1,1
b9e8c7d6-a5f4-4e3d-8b1a-9f0c8d7e6a5b,rules,high,experimental,windows,process_creation,,defense-impairment,1,1
214641c2-c579-4ecb-8427-0cf19df6842e,rules,medium,test,windows,process_creation,,command-and-control,1,0
bb58aa4a-b80b-415a-a2c0-2f65a4c81009,rules,high,test,windows,process_creation,,command-and-control,1,1
85f520e7-6f5e-43ca-874c-222e5bf9c0de,rules,high,experimental,windows,process_creation,,defense-impairment|persistence|privilege-escalation,1,1
b8b1b304-a60f-4999-9a6e-c547bde03ffd,rules,medium,test,windows,process_creation,,stealth,1,0
e173ad47-4388-4012-ae62-bd13f71c18a8,rules,medium,test,windows,process_creation,,execution|persistence|privilege-escalation|stealth,1,0
90d50722-0483-4065-8e35-57efaadd354d,rules,medium,test,windows,process_creation,,execution|stealth,1,0
67bc0e75-c0a9-4cfc-8754-84a505b63c04,rules,medium,test,windows,process_creation,,execution|stealth,1,0
b4dc61f5-6cce-468e-a608-b48b469feaa2,rules,low,test,windows,process_creation,,discovery,1,1
0022869c-49f7-4ff2-ba03-85ac42ddac58,rules,low,experimental,windows,process_creation,,discovery,1,0
9f546b25-5f12-4c8d-8532-5893dcb1e4b8,rules,medium,test,windows,process_creation,,stealth,1,1
1dde5376-a648-492e-9e54-4241dd9b0c7f,rules,medium,test,windows,process_creation,,stealth,1,1
fa1a7e52-3d02-435b-81b8-00da14dd66c1,rules,medium,test,windows,process_creation,,stealth,1,1
7e8f2d3b-9c1a-4f67-b9e8-8d9006e0e51f,rules,high,test,windows,process_creation,,persistence|privilege-escalation,1,1
43e32da2-fdd0-4156-90de-50dfd62636f9,rules,medium,test,windows,process_creation,,defense-impairment,1,1
ebea773c-a8f1-42ad-a856-00cb221966e8,rules,high,test,windows,process_creation,,execution|persistence|privilege-escalation|stealth,1,0
e7888eb1-13b0-4616-bd99-4bc0c2b054b9,rules,high,test,windows,process_creation,,privilege-escalation|stealth,1,0
98a96a5a-64a0-4c42-92c5-489da3866cb0,rules,high,test,windows,process_creation,,command-and-control|exfiltration,1,0
a4e3d776-f12e-42c2-8510-9e6ed1f43ec3,rules,high,test,windows,process_creation,,initial-access|persistence,1,0
b6457d63-d2a2-4e29-859d-4e7affc153d1,rules,medium,test,windows,process_creation,,discovery|execution,1,1
f63b56ee-3f79-4b8a-97fb-5c48007e8573,rules,high,test,windows,process_creation,,defense-impairment|execution|persistence|privilege-escalation|stealth,1,0
81ebd28b-9607-4478-bf06-974ed9d53ed7,rules,medium,test,windows,process_creation,,stealth,1,1
d80d5c81-04ba-45b4-84e4-92eba40e0ad3,rules,medium,test,windows,process_creation,,stealth,1,1
9257c05b-4a4a-48e5-a670-b7b073cf401b,rules,medium,test,windows,process_creation,,execution|stealth,1,1
53d8d3e1-ca33-4012-adf3-e05a4d652e34,rules,medium,test,windows,process_creation,,stealth,1,1
9fc3072c-dc8f-4bf7-b231-18950000fadd,rules,high,test,windows,process_creation,,discovery,1,1
a20def93-0709-4eae-9bd2-31206e21e6b2,rules,medium,test,windows,process_creation,,discovery,1,1
01c42d3c-242d-4655-85b2-34f1739632f7,rules,medium,test,windows,process_creation,,stealth,1,1
bac9fb54-2da7-44e9-988f-11e9a5edbc0c,rules,medium,test,windows,process_creation,,stealth,1,1
3bad990e-4848-4a78-9530-b427d854aac0,rules,medium,test,windows,process_creation,,discovery,1,1
7124aebe-4cd7-4ccb-8df0-6d6b93c96795,rules,high,test,windows,process_creation,,discovery,1,0
129966c9-de17-4334-a123-8b58172e664d,rules,high,test,windows,process_creation,,credential-access,1,0
dee0a7a3-f200-4112-a99b-952196d81e42,rules,medium,test,windows,process_creation,,credential-access|stealth,1,0
eb1c4225-1c23-4241-8dd4-051389fde4ce,rules,high,test,windows,process_creation,,credential-access|stealth,1,0
60f16a96-db70-42eb-8f76-16763e333590,rules,medium,test,windows,process_creation,,stealth,1,1
7df1713a-1a5b-4a4b-a071-dc83b144a101,rules,medium,test,windows,process_creation,,credential-access,1,1
e7be6119-fc37-43f0-ad4f-1f3f99be2f9f,rules,high,test,windows,process_creation,,credential-access,1,1
6a69f62d-ce75-4b57-8dce-6351eb55b362,rules,medium,test,windows,process_creation,,collection,1,0
1a4bd6af-99ac-4466-b5b2-7b72b4a05462,rules,high,experimental,windows,process_creation,,defense-impairment|persistence,1,1
be344333-921d-4c4d-8bb8-e584cf584780,rules,high,test,windows,process_creation,,privilege-escalation,1,0
9f107a84-532c-41af-b005-8d12a607639f,rules,medium,test,windows,process_creation,,stealth,1,1
949f1ffb-6e85-4f00-ae1e-c3c5b190d605,rules,medium,test,windows,process_creation,,stealth,1,0
c3d76afc-93df-461e-8e67-9b2bad3f2ac4,rules,high,test,windows,process_creation,,discovery,1,0
534f2ef7-e8a2-4433-816d-c91bccde289b,rules,high,test,windows,process_creation,,privilege-escalation,1,1
587254ee-a24b-4335-b3cd-065c0f1f4baa,rules,medium,test,windows,process_creation,,command-and-control|credential-access|stealth,1,0
91a2c315-9ee6-4052-a853-6f6a8238f90d,rules,high,test,windows,process_creation,,credential-access,1,0
33339be3-148b-4e16-af56-ad16ec6c7e7b,rules,medium,test,windows,process_creation,,stealth,1,0
fe63010f-8823-4864-a96b-a7b4a0f7b929,rules,high,test,windows,process_creation,,credential-access,1,0
47e4bab7-c626-47dc-967b-255608c9a920,rules,medium,test,windows,process_creation,,credential-access,1,0
ccb5742c-c248-4982-8c5c-5571b9275ad3,rules,medium,test,windows,process_creation,,discovery,1,0
4fe074b4-b833-4081-8f24-7dcfeca72b42,rules,medium,test,windows,process_creation,,discovery,1,0
04936b66-3915-43ad-a8e5-809eadfd1141,rules,low,test,windows,process_creation,,command-and-control|credential-access|stealth,1,1
37db85d1-b089-490a-a59a-c7b6f984f480,rules,high,test,windows,process_creation,,discovery,1,0
af491bca-e752-4b44-9c86-df5680533dbc,rules,high,test,windows,process_creation,,command-and-control,1,1
4931188c-178e-4ee7-a348-39e8a7a56821,rules,medium,test,windows,process_creation,,defense-impairment|stealth,1,0
4d7cda18-1b12-4e52-b45c-d28653210df8,rules,high,test,windows,process_creation,,defense-impairment|stealth,1,0
f53714ec-5077-420e-ad20-907ff9bb2958,rules,high,test,windows,process_creation,,stealth,1,0
9aa5106d-bce3-4b13-86df-3a20f1d5cf0b,rules,medium,test,windows,process_creation,,execution,1,1
9fb6b26e-7f9e-4517-a48b-8cac4a1b6c60,rules,high,test,windows,process_creation,,stealth,1,0
b96b2031-7c17-4473-afe7-a30ce714db29,rules,medium,test,windows,process_creation,,execution,1,1
63de06b9-a385-40b5-8b32-73f2b9ef84b6,rules,low,test,windows,process_creation,,discovery,1,1
c0b2768a-dd06-4671-8339-b16ca8d1f27f,rules,medium,test,windows,process_creation,,defense-impairment|execution,1,1
add64136-62e5-48ea-807e-88638d02df1e,rules,high,stable,windows,process_creation,,impact|stealth,1,1
06b401f4-107c-4ff9-947f-9ec1e7649f1e,rules,medium,test,windows,process_creation,,execution|stealth,1,0
eee00933-a761-4cd0-be70-c42fe91731e7,rules,medium,test,windows,process_creation,,command-and-control,1,0
aef9d1f1-7396-4e92-a927-4567c7a495c1,rules,medium,test,windows,process_creation,,reconnaissance,1,0
5bac7a56-da88-4c27-922e-c81e113b20cb,rules,medium,test,windows,process_creation,,command-and-control,1,1
84b1ecf9-6eff-4004-bafb-bae5c0e251b2,rules,high,test,windows,process_creation,,stealth,1,0
037dcd71-33a8-4392-bb01-293c94663e5a,rules,medium,test,windows,process_creation,,execution,1,0
550bbb84-ce5d-4e61-84ad-e590f0024dcd,rules,medium,test,windows,process_creation,,execution,1,0
77df53a5-1d78-4f32-bc5a-0e7465bd8f41,rules,medium,test,windows,process_creation,,impact,0,0
e1e0b7d7-e10b-4ee4-ac49-a4bda05d320d,rules,high,test,windows,process_creation,,execution,1,0
e56d3073-83ff-4021-90fe-c658e0709e72,rules,medium,test,windows,process_creation,,discovery,1,0
d65aee4d-2292-4cea-b832-83accd6cfa43,rules,medium,test,windows,process_creation,,execution,1,1
44143844-0631-49ab-97a0-96387d6b2d7c,rules,high,test,windows,process_creation,,command-and-control,1,1
bb0e87ce-c89f-4857-84fa-095e4483e9cb,rules,high,experimental,windows,process_creation,,collection|credential-access|initial-access,1,0
0a4f6091-223b-41f6-8743-f322ec84930b,rules,high,test,windows,process_creation,,execution|persistence|privilege-escalation|stealth,1,1
68c8acb4-1b60-4890-8e82-3ddf7a6dba84,rules,low,test,windows,process_creation,,stealth,1,1
f57c58b3-ee69-4ef5-9041-455bf39aaa89,rules,high,test,windows,process_creation,,stealth,1,0
52cad028-0ff0-4854-8f67-d25dfcbc78b4,rules,high,test,windows,process_creation,,execution|initial-access|stealth,1,0
e8a95b5e-c891-46e2-b33a-93937d3abc31,rules,high,test,windows,process_creation,,execution|initial-access|stealth,1,0
cd8c163e-a19b-402e-bdd5-419ff5859f12,rules,high,test,windows,process_creation,,collection|credential-access,1,0
f376c8a7-a2d0-4ddc-aa0c-16c17236d962,rules,high,test,windows,process_creation,,discovery|execution,1,1
b18c9d4c-fac9-4708-bd06-dd5bfacf200f,rules,critical,test,windows,process_creation,,stealth,1,0
762f2482-ff21-4970-8939-0aa317a886bb,rules,high,test,windows,process_creation,,credential-access|discovery,1,0
6938366d-8954-4ddc-baff-c830b3ba8fcd,rules,high,test,windows,process_creation,,credential-access|discovery,1,0
647c7b9e-d784-4fda-b9a0-45c565a7b729,rules,high,test,windows,process_creation,,execution,1,0
4f154fb6-27d1-4813-a759-78b93e0b9c48,rules,high,test,windows,process_creation,,execution,1,0
ae9c6a7c-9521-42a6-915e-5aaa8689d529,rules,high,test,windows,process_creation,,stealth,1,0
f35c5d71-b489-4e22-a115-f003df287317,rules,high,test,windows,process_creation,,execution,1,0
e8d34729-86a4-4140-adfd-0a29c2106307,rules,high,test,windows,process_creation,,privilege-escalation|stealth,1,0
c260b6db-48ba-4b4a-a76f-2f67644e99d2,rules,high,test,windows,process_creation,,execution|stealth,0,0
42a993dd-bb3e-48c8-b372-4d6684c4106c,rules,high,test,windows,process_creation,,credential-access|discovery|execution|persistence|privilege-escalation,1,0
058f4380-962d-40a5-afce-50207d36d7e2,rules,high,stable,windows,process_creation,,execution|persistence|privilege-escalation,1,0
f26307d8-14cd-47e3-a26b-4b4769f24af6,rules,high,test,windows,process_creation,,credential-access,1,0
6f8b3439-a203-45dc-a88b-abf57ea15ccf,rules,high,test,windows,process_creation,,execution|stealth,1,0
36d88494-1d43-4dc0-b3fa-35c8fea0ca9d,rules,high,test,windows,process_creation,,credential-access,1,0
d78b5d61-187d-44b6-bf02-93486a80de5a,rules,critical,test,windows,process_creation,,privilege-escalation|stealth,1,0
d474c8fe-bb69-4ea0-b7d9-f682b56d52d3,rules,high,experimental,windows,process_creation,,credential-access,1,0
2704ab9e-afe2-4854-a3b1-0c0706d03578,rules,critical,test,windows,process_creation,,credential-access,1,1
c598cc0c-9e70-4852-b9eb-8921af79f598,rules,high,experimental,windows,process_creation,,defense-impairment,1,0
eb2d07d4-49cb-4523-801a-da002df36602,rules,high,test,windows,process_creation,,defense-impairment,1,0
79f4ede3-402e-41c8-bc3e-ebbf5f162581,rules,high,test,windows,process_creation,,execution,1,1
3268b746-88d8-4cd3-bffc-30077d02c787,rules,critical,stable,windows,process_creation,,privilege-escalation,1,0
a197e378-d31b-41c0-9635-cfdf1c1bb423,rules,medium,test,windows,process_creation,,lateral-movement,1,0
24e3e58a-646b-4b50-adef-02ef935b9fc8,rules,critical,test,windows,process_creation,,credential-access|resource-development,1,1
37c1333a-a0db-48be-b64b-7393b2386e3b,rules,high,test,windows,process_creation,,credential-access|resource-development,1,0
9082ff1f-88ab-4678-a3cc-5bcff99fc74d,rules,high,test,windows,process_creation,,stealth,1,0
ca621ba5-54ab-4035-9942-d378e6fcde3c,rules,high,test,windows,process_creation,,credential-access,1,0
39b31e81-5f5f-4898-9c0e-2160cfc0f9bf,rules,high,test,windows,process_creation,,credential-access,1,1
85d23b42-9a9d-4f8f-b3d7-d2733c1d58f5,rules,high,experimental,windows,process_creation,,privilege-escalation|stealth,1,0
f5e3b62f-e577-4e59-931e-0a15b2b94e1e,rules,high,test,windows,process_creation,,command-and-control,1,0
aaafa146-074c-11eb-adc1-0242ac120002,rules,high,test,windows,process_creation,,credential-access,1,1
10c14723-61c7-4c75-92ca-9af245723ad2,rules,high,stable,windows,process_creation,,execution|lateral-movement,1,0
4627c6ae-6899-46e2-aa0c-6ebcb1becd19,rules,high,test,windows,process_creation,,collection|credential-access|execution,1,1
cf0c254b-22f1-4b2b-8221-e137b3c0af94,rules,medium,test,windows,process_creation,,privilege-escalation|stealth,1,0
b99a1518-1ad5-4f65-bc95-1ffff97a8fd0,rules,critical,test,windows,process_creation,,credential-access,1,1
b222df08-0e07-11eb-adc1-0242ac120002,rules,high,test,windows,process_creation,,execution|stealth,1,0
4bf943c6-5146-4273-98dd-e958fd1e3abf,rules,high,test,windows,process_creation,,execution|stealth,1,0
6c96fc76-0eb1-11eb-adc1-0242ac120002,rules,high,test,windows,process_creation,,execution|stealth,1,0
27aec9c9-dbb0-4939-8422-1742242471d0,rules,high,test,windows,process_creation,,execution|stealth,1,0
7eedcc9d-9fdb-4d94-9c54-474e8affc0c7,rules,medium,test,windows,process_creation,,execution|stealth,1,0
9c14c9fa-1a63-4a64-8e57-d19280559490,rules,high,test,windows,process_creation,,execution|stealth,1,0
e1561947-b4e3-4a74-9bdd-83baed21bdb5,rules,high,test,windows,process_creation,,execution|stealth,1,0
ac20ae82-8758-4f38-958e-b44a3140ca88,rules,high,test,windows,process_creation,,execution|stealth,1,0
e9f55347-2928-4c06-88e5-1a7f8169942e,rules,high,test,windows,process_creation,,execution|stealth,1,0
0a99eb3e-1617-41bd-b095-13dc767f3def,rules,medium,test,windows,process_creation,,execution,1,0
5cddf373-ef00-4112-ad72-960ac29bac34,rules,high,test,windows,process_creation,,execution,1,0
e96253b8-6b3b-4f90-9e59-3b24b99cf9b4,rules,high,test,windows,process_creation,,credential-access,1,0
a7664b14-75fb-4a50-a223-cb9bc0afbacf,rules,high,test,windows,process_creation,,credential-access,1,0
12827a56-61a4-476a-a9cb-f3068f191073,rules,high,test,windows,process_creation,,credential-access|lateral-movement,1,0
c2b86e67-b880-4eec-b045-50bc98ef4844,rules,medium,experimental,windows,process_creation,,credential-access,1,1
6bd75993-9888-4f91-9404-e1e4e4e34b77,rules,high,test,windows,process_creation,,privilege-escalation|stealth,1,0
15619216-e993-4721-b590-4c520615a67d,rules,high,test,windows,process_creation,,privilege-escalation|stealth,1,1
a642964e-bead-4bed-8910-1bb4d63e3b4d,rules,high,test,windows,process_creation,,credential-access,1,0
7638e5fe-600c-4289-a968-f49dd537ec7d,rules,high,experimental,windows,process_creation,,discovery|lateral-movement,1,1
fca949cc-79ca-446e-8064-01aa7e52ece5,rules,high,test,windows,process_creation,,discovery|execution,1,0
56c217c3-2de2-479b-990f-5c109ba8458f,rules,high,test,windows,process_creation,,execution|persistence|privilege-escalation,1,0
a34f79a3-8e5f-4cc3-b765-de00695452c2,rules,high,test,windows,process_creation,,defense-impairment,1,0
ff23ffbc-3378-435e-992f-0624dcf93ab4,rules,critical,test,windows,process_creation,,resource-development,1,0
a29808fd-ef50-49ff-9c7a-59a9b040b404,rules,high,test,windows,process_creation,,credential-access,1,0
0685b176-c816-4837-8e7b-1216f346636b,rules,high,test,windows,process_creation,,credential-access,1,0
95022b85-ff2a-49fa-939a-d7b8f56eeb9b,rules,high,test,windows,process_creation,,execution|stealth,1,0
5589ab4f-a767-433c-961d-c91f3f704db1,rules,critical,test,windows,process_creation,,collection|credential-access|execution,1,1
7ec2c172-dceb-4c10-92c9-87c1881b7e18,rules,critical,stable,windows,process_creation,,credential-access|lateral-movement,1,0
b1876533-4ed5-4a83-90f3-b8645840a413,rules,critical,test,windows,process_creation,,credential-access,1,0
7679d464-4f74-45e2-9e01-ac66c5eb041a,rules,critical,stable,windows,process_creation,,credential-access,1,0
52ff7941-8211-46f9-84f8-9903efb7077d,rules,high,test,windows,process_creation,,privilege-escalation|stealth,1,0
cf93e05e-d798-4d9e-b522-b0248dc61eaf,rules,high,test,windows,process_creation,,command-and-control,1,0
c7d33b50-f690-4b51-8cfb-0fb912a31e57,rules,high,test,windows,process_creation,,privilege-escalation|stealth,1,0
f89b08d0-77ad-4728-817b-9b16c5a69c7a,rules,high,test,windows,process_creation,,privilege-escalation|stealth,1,0
9f8fc146-1d1a-4dbf-b8fd-dfae15e08541,rules,medium,test,windows,process_creation,,discovery,1,0
26488ad0-f9fd-4536-876f-52fea846a2e4,rules,high,test,windows,process_creation,,execution|persistence|privilege-escalation,1,0
bedfc8ad-d1c7-4e37-a20e-e2b0dbee759c,rules,high,test,windows,process_creation,,defense-impairment,1,0
d9367cbb-c2e0-47ce-bdc0-128cb6da898d,rules,high,test,windows,process_creation,,discovery,1,1
055fb54c-a8f4-4aee-bd44-f74cf30a0d9d,rules,high,test,windows,process_creation,,lateral-movement,1,0
38a1ac5f-9c74-47d2-a345-dd6f5eb4e7c8,rules,high,experimental,windows,process_creation,,privilege-escalation,1,0
c484e533-ee16-4a93-b6ac-f0ea4868b2f1,rules,critical,test,windows,process_creation,,discovery|execution|persistence|privilege-escalation|stealth,1,0
b2317cfa-4a47-4ead-b3ff-297438c0bc2d,rules,high,test,windows,process_creation,,discovery,1,0
b0ce780f-10bd-496d-9067-066d23dc3aa5,rules,high,test,windows,process_creation,,execution|lateral-movement,1,0
03552375-cc2c-4883-bbe4-7958d5a980be,rules,high,test,windows,process_creation,,command-and-control,1,0
42333b2c-b425-441c-b70e-99404a17170f,rules,critical,test,windows,process_creation,,execution,1,0
e92a4287-e072-4a40-9739-370c106bb750,rules,high,test,windows,process_creation,,discovery,1,0
7a4d9232-92fc-404d-8ce1-4c92e7caf539,rules,high,test,windows,process_creation,,defense-impairment|execution,1,0
8a7e90c5-fe6e-45dc-889e-057fe4378bd9,rules,critical,test,windows,process_creation,,privilege-escalation,1,0
69ca006d-b9a9-47f5-80ff-ecd4d25d481a,rules,high,test,windows,process_creation,,discovery,1,0
d38d2fa4-98e6-4a24-aff1-410b0c9ad177,rules,high,test,windows,process_creation,,privilege-escalation,1,0
7aa7009a-28b9-4344-8c1f-159489a390df,rules,critical,test,windows,process_creation,,credential-access,1,0
98b53e78-ebaf-46f8-be06-421aafd176d9,rules,high,test,windows,process_creation,,discovery|privilege-escalation,1,0
d557dc06-62e8-4468-a8e8-7984124908ce,rules,high,test,windows,process_creation,,credential-access|discovery|execution|privilege-escalation,1,0
022eaba8-f0bf-4dd9-9217-4604b0bb3bb0,rules,high,test,windows,process_creation,,lateral-movement|stealth,1,0
589ac73f-8e12-409c-964e-31a2f5775ae2,rules,high,experimental,windows,process_creation,,credential-access,1,0
66e563f9-1cbd-4a22-a957-d8b7c0f44372,rules,high,test,windows,process_creation,,credential-access|stealth,1,1
90dcf730-1b71-4ae7-9ffc-6fcf62bd0132,rules,medium,test,windows,process_creation,,execution|stealth,1,0
7be5fb68-f9ef-476d-8b51-0256ebece19e,rules,low,test,windows,process_creation,,discovery,1,0
6225c53a-a96e-4235-b28f-8d7997cd96eb,rules,high,experimental,windows,process_creation,,defense-impairment,1,1
023394c4-29d5-46ab-92b8-6a534c6f447b,rules,high,test,windows,process_creation,,execution|initial-access,1,0
4e762605-34a8-406d-b72e-c1a089313320,rules,medium,test,windows,process_creation,,stealth,1,0
4ae81040-fc1c-4249-bfa3-938d260214d9,rules,medium,test,windows,process_creation,,stealth,1,0
9801abb8-e297-4dbf-9fbd-57dde0e830ad,rules,high,test,windows,process_creation,,command-and-control,1,0
b2b048b0-7857-4380-b0fb-d3f0ab820b71,rules,high,test,windows,process_creation,,stealth,1,1
e4ed6030-ffe5-4e6a-8a8a-ab3c1ab9d94e,rules,high,test,windows,process_creation,,defense-impairment,1,0
2d3cdeec-c0db-45b4-aa86-082f7eb75701,rules,high,test,windows,process_creation,,credential-access,1,0
9465ddf4-f9e4-4ebd-8d98-702df3a93239,rules,medium,test,windows,process_creation,,persistence,1,1
7c8af9b2-dcae-41a2-a9db-b28c288b5f08,rules,medium,test,windows,process_creation,,stealth,1,1
97dbf6e2-e436-44d8-abee-4261b24d3e41,rules,high,test,windows,process_creation,,credential-access,1,0
0649be4a-aeb0-45b0-b89e-7f1668f6d9c0,rules,medium,experimental,windows,process_creation,,stealth,1,1
043c4b8b-3a54-4780-9682-081cb6b8185c,rules,high,test,windows,process_creation,,persistence,1,1
850d55f9-6eeb-4492-ad69-a72338f65ba4,rules,medium,test,windows,process_creation,,execution|stealth,1,0
f11f2808-adb4-46c0-802a-8660db50fa99,rules,high,test,windows,process_creation,,execution|stealth,1,0
863218bd-c7d0-4c52-80cd-0a96c09f54af,rules,high,test,windows,process_creation,,execution|stealth,1,0
ce7cf472-6fcc-490a-9481-3786840b5d9b,rules,medium,test,windows,process_creation,,stealth,1,0
75edd216-1939-4c73-8d61-7f3a0d85b5cc,rules,medium,test,windows,process_creation,,stealth,1,0
d042284c-a296-4988-9be5-f424fadcc28c,rules,medium,test,windows,process_creation,,stealth,1,0
90fb5e62-ca1f-4e22-b42e-cc521874c938,rules,high,test,windows,process_creation,,initial-access|persistence|privilege-escalation,1,0
cea2b7ea-792b-405f-95a1-b903ea06458f,rules,high,test,windows,process_creation,,command-and-control,1,1
8f88e3f6-2a49-48f5-a5c4-2f7eedf78710,rules,medium,test,windows,process_creation,,execution,1,0
0d34ed8b-1c12-4ff2-828c-16fc860b766d,rules,high,test,windows,process_creation,,initial-access|persistence|privilege-escalation,1,1
dff1e1cc-d3fd-47c8-bfc2-aeb878a754c0,rules,medium,test,windows,process_creation,,initial-access|persistence|privilege-escalation,1,1
60bfeac3-0d35-4302-8efb-1dd16f715bc6,rules,medium,test,windows,process_creation,,lateral-movement,1,0
52788a70-f1da-40dd-8fbd-73b5865d6568,rules,low,test,windows,process_creation,,execution|stealth,1,1
d047726b-c71c-4048-a99b-2e2f50dc107d,rules,high,test,windows,process_creation,,execution|stealth,1,0
27ee9438-90dc-4bef-904b-d3ef927f5e7e,rules,medium,test,windows,process_creation,,privilege-escalation|stealth,1,1
0ed99dda-6a35-11ef-8c99-0242ac120002,rules,high,experimental,windows,process_creation,,collection|credential-access|persistence|privilege-escalation,1,0
ca5583e9-8f80-46ac-ab91-7f314d13b984,rules,medium,test,windows,process_creation,,execution|persistence|privilege-escalation|stealth,1,0
de16d92c-c446-4d53-8938-10aeef41c8b6,rules,medium,test,windows,process_creation,,execution,1,0
c9783e20-4793-4164-ba96-d9ee483992c4,rules,medium,test,windows,process_creation,,execution,1,0
4f7a6757-ff79-46db-9687-66501a02d9ec,rules,medium,test,windows,process_creation,,exfiltration,1,0
6f535e01-ca1f-40be-ab8d-45b19c0c8b7f,rules,medium,test,windows,process_creation,,command-and-control|stealth,1,1
6e968eb1-5f05-4dac-94e9-fd0c5cb49fd6,rules,medium,test,windows,process_creation,,stealth,1,0
cc9d3712-6310-4320-b2df-7cb408274d53,rules,medium,test,windows,process_creation,,execution,1,1
cd1f961e-0b96-436b-b7c6-38da4583ec00,rules,high,test,windows,process_creation,,defense-impairment,1,1
e290b10b-1023-4452-a4a9-eb31a9013b3a,rules,medium,test,windows,process_creation,,exfiltration,1,1
cc268ac1-42d9-40fd-9ed3-8c4e1a5b87e6,rules,high,test,windows,process_creation,,stealth,1,1
6b369ced-4b1d-48f1-b427-fdc0de0790bd,rules,medium,test,windows,process_creation,,stealth,1,1
185d7418-f250-42d0-b72e-0c8b70661e93,rules,medium,test,windows,process_creation,,command-and-control,1,0
aa8e035d-7be4-48d3-a944-102aec04400d,rules,medium,test,windows,process_creation,,command-and-control,1,0
4b13db67-0c45-40f1-aba8-66a1a7198a1e,rules,medium,test,windows,process_creation,,stealth,1,0
575dce0c-8139-4e30-9295-1ee75969f7fe,rules,medium,test,windows,process_creation,,discovery|execution,1,1
1e59c230-6670-45bf-83b0-98903780607e,rules,medium,test,windows,process_creation,,stealth,1,1
d3bf399f-b0cf-4250-8bb4-dfc192ab81dc,rules,medium,test,windows,process_creation,,stealth,1,1
45d3a03d-f441-458c-8883-df101a3bb146,rules,medium,test,windows,process_creation,,stealth,1,1
c363385c-f75d-4753-a108-c1a8e28bdbda,rules,high,test,windows,process_creation,,stealth,1,0
4f73421b-5a0b-4bbf-a892-5a7fb99bea66,rules,high,test,windows,process_creation,,privilege-escalation|stealth,1,0
729ce0ea-5d8f-4769-9762-e35de441586d,rules,high,test,windows,process_creation,,execution|stealth,1,0
646bc99f-6682-4b47-a73a-17b1b64c9d34,rules,medium,test,windows,process_creation,,stealth,1,1
814c95cc-8192-4378-a70a-f1aafd877af1,rules,medium,test,windows,process_creation,,execution,1,1
cec8e918-30f7-4e2d-9bfa-a59cc97ae60f,rules,high,test,windows,process_creation,,stealth,1,0
0955e4e1-c281-4fb9-9ee1-5ee7b4b754d2,rules,medium,test,windows,process_creation,,execution,1,1
b97cd4b1-30b8-4a9d-bd72-6293928d52bc,rules,low,test,windows,process_creation,,execution|stealth,1,1
6004abd0-afa4-4557-ba90-49d172e0a299,rules,high,test,windows,process_creation,,execution|stealth,1,0
9386d78a-7207-4048-9c9f-a93a7c2d1c05,rules,medium,test,windows,process_creation,,stealth,1,1
18988e1b-9087-4f8a-82fe-0414dce49878,rules,medium,test,windows,process_creation,,execution|stealth,1,1
59e938ff-0d6d-4dc3-b13f-36cc28734d4e,rules,medium,test,windows,process_creation,,execution|stealth,1,1
cafeeba3-01da-4ab4-b6c4-a31b1d9730c7,rules,high,test,windows,process_creation,,command-and-control|stealth,1,0
1fb76ab8-fa60-4b01-bddd-71e89bf555da,rules,medium,test,windows,process_creation,,stealth,1,0
cd3d1298-eb3b-476c-ac67-12847de55813,rules,medium,test,windows,process_creation,,stealth,1,0
1c8774a0-44d4-4db0-91f8-e792359c70bd,rules,medium,test,windows,process_creation,,stealth,1,1
4eddc365-79b4-43ff-a9d7-99422dc34b93,rules,medium,test,windows,process_creation,,execution|stealth,1,1
9292293b-8496-4715-9db6-37028dcda4b3,rules,medium,test,windows,process_creation,,command-and-control,1,0
cd71385d-fd9b-4691-9b98-2b1f7e508714,rules,medium,test,windows,process_creation,,stealth,1,0
eca49c87-8a75-4f13-9c73-a5a29e845f03,rules,medium,test,windows,process_creation,,execution|stealth,1,0
64760eef-87f7-4ed3-93fd-655668ea9420,rules,medium,test,windows,process_creation,,execution|stealth,1,1
b2ddd389-f676-4ac4-845a-e00781a48e5f,rules,high,test,windows,process_creation,,execution|persistence|privilege-escalation|stealth,1,0
a85ffc3a-e8fd-4040-93bf-78aff284d801,rules,medium,test,windows,process_creation,,execution|stealth,1,0
a2ea3ae7-d3d0-40a0-a55c-25a45c87cac1,rules,medium,test,windows,process_creation,,persistence|privilege-escalation,1,1
f14e169e-9978-4c69-acb3-1cff8200bc36,rules,high,test,windows,process_creation,,persistence|privilege-escalation,1,0
23ceaf5c-b6f1-4a32-8559-f2ff734be516,rules,medium,test,windows,process_creation,,credential-access,1,1
fbd7c32d-db2a-4418-b92c-566eb8911133,rules,medium,test,windows,process_creation,,stealth,1,1
36475a7d-0f6d-4dce-9b01-6aeb473bbaf1,rules,medium,test,windows,process_creation,,stealth,1,0
148431ce-4b70-403d-8525-fcc2993f29ea,rules,medium,test,windows,process_creation,,privilege-escalation|stealth,1,0
b27077d6-23e6-45d2-81a0-e2b356eea5fd,rules,medium,test,windows,process_creation,,execution|stealth,1,0
0b4ae027-2a2d-4b93-8c7e-962caaba5b2a,rules,high,test,windows,process_creation,,credential-access|stealth,1,1
727454c0-d851-48b0-8b89-385611ab0704,rules,medium,test,windows,process_creation,,stealth,1,0
0403d67d-6227-4ea8-8145-4e72db7da120,rules,medium,test,windows,process_creation,,stealth,1,0
7b10f171-7f04-47c7-9fa2-5be43c76e535,rules,high,test,windows,process_creation,,stealth,1,1
b30a8bc5-e21b-4ca2-9420-0a94019ac56a,rules,medium,test,windows,process_creation,,stealth,1,1
18749301-f1c5-4efc-a4c3-276ff1f5b6f8,rules,medium,test,windows,process_creation,,execution|stealth,1,0
49be8799-7b4d-4fda-ad23-cafbefdebbc5,rules,medium,test,windows,process_creation,,execution|stealth,1,1
28c8f68b-098d-45af-8d43-8089f3e35403,rules,medium,test,windows,process_creation,,stealth,1,1
8c0eca51-0f88-4db2-9183-fdfb10c703f9,rules,medium,test,windows,process_creation,,defense-impairment,1,0
c8da0dfd-4ed0-4b68-962d-13c9c884384e,rules,critical,test,windows,process_creation,,credential-access,1,0
3d48c9d3-1aa6-418d-98d3-8fd3c01a564e,rules,medium,test,windows,process_creation,,execution|stealth,1,1
dcff7e85-d01f-4eb5-badd-84e2e6be8294,rules,medium,experimental,windows,process_creation,,defense-impairment|privilege-escalation,1,1
f1f3bf22-deb2-418d-8cce-e1a45e46a5bd,rules,high,test,windows,process_creation,,execution|lateral-movement,1,0
9cfe4b27-1e56-48b4-b7a8-d46851c91a44,rules,high,experimental,windows,process_creation,,execution|stealth,1,1
05a2ab7e-ce11-4b63-86db-ab32e763e11d,rules,high,test,windows,process_creation,,lateral-movement,0,0
12fbff88-16b5-4b42-9754-cd001a789fb3,rules,medium,test,windows,process_creation,,stealth,1,1
1dd05363-104e-4b4a-b963-196a534b03a1,rules,high,test,windows,process_creation,,stealth,1,0
7002aa10-b8d4-47ae-b5ba-51ab07e228b9,rules,high,test,windows,process_creation,,execution|persistence|privilege-escalation|stealth,1,0
46123129-1024-423e-9fae-43af4a0fa9a5,rules,high,test,windows,process_creation,,command-and-control|stealth,1,0
9719a8aa-401c-41af-8108-ced7ec9cd75c,rules,high,test,windows,process_creation,,defense-impairment,1,0
33be4333-2c6b-44f4-ae28-102cdbde0a31,rules,medium,test,windows,process_creation,,stealth,1,0
9c8c7000-3065-44a8-a555-79bcba5d9955,rules,high,test,windows,process_creation,,execution|stealth,1,1
258fc8ce-8352-443a-9120-8a11e4857fa5,rules,high,test,windows,process_creation,,stealth,1,0
dc4576d4-7467-424f-9eee-fd2b02855fe0,rules,medium,test,windows,process_creation,,stealth,1,1
7a74da6b-ea76-47db-92cc-874ad90df734,rules,high,test,windows,process_creation,,stealth,1,0
e84d89c4-f544-41ca-a6af-4b92fd38b023,rules,medium,test,windows,process_creation,,execution|stealth,1,0
b98d0db6-511d-45de-ad02-e82a98729620,rules,high,test,windows,process_creation,,execution|stealth,1,0
2c28c248-7f50-417a-9186-a85b223010ee,rules,medium,test,windows,process_creation,,execution,1,1
67f113fa-e23d-4271-befa-30113b3e08b1,rules,high,test,windows,process_creation,,stealth,1,0
ed5d72a6-f8f4-479d-ba79-02f6a80d7471,rules,high,test,windows,process_creation,,stealth,1,0
03cc0c25-389f-4bf8-b48d-11878079f1ca,rules,high,test,windows,process_creation,,stealth,1,1
cc7abbd0-762b-41e3-8a26-57ad50d2eea3,rules,high,test,windows,process_creation,,execution|stealth,1,1
e32f92d1-523e-49c3-9374-bdb13b46a3ba,rules,high,test,windows,process_creation,,execution,1,0
84f52741-8834-4a8c-a413-2eb2269aa6c8,rules,medium,test,windows,process_creation,,stealth,1,0
4a2a2c3e-209f-4d01-b513-4155a540b469,rules,medium,test,windows,process_creation,,stealth,1,0
6f4191bb-912b-48a8-9ce7-682769541e6d,rules,medium,test,windows,process_creation,,stealth,1,1
79a87aa6-e4bd-42fc-a5bb-5e6fbdcd62f5,rules,medium,test,windows,process_creation,,stealth,1,1
8150732a-0c9d-4a99-82b9-9efb9b90c40c,rules,medium,test,windows,process_creation,,stealth,1,0
e22a6eb2-f8a5-44b5-8b44-a2dbd47b1144,rules,high,test,windows,process_creation,,stealth,1,0
f7b5f842-a6af-4da5-9e95-e32478f3cd2f,rules,medium,test,windows,process_creation,,command-and-control|stealth,1,1
af5732ed-764e-489d-826d-0447c8b36242,rules,low,experimental,windows,process_creation,,defense-impairment|execution|stealth,1,1
459f2f98-397b-4a4a-9f47-6a5ec2f1c69d,rules,medium,test,windows,process_creation,,execution|stealth,1,0
3b3c7f55-f771-4dd6-8a6e-08d057a17caf,rules,medium,test,windows,process_creation,,execution|stealth,1,0
744a188b-0415-4792-896f-11ddb0588dbc,rules,high,test,windows,process_creation,,privilege-escalation|stealth,1,1
0152550d-3a26-4efd-9f0e-54a0b28ae2f3,rules,medium,test,windows,process_creation,,execution|stealth,1,1
a746c9b8-a2fb-4ee5-a428-92bee9e99060,rules,medium,test,windows,process_creation,,execution|stealth,1,1
869b9ca7-9ea2-4a5a-8325-e80e62f75445,rules,high,test,windows,process_creation,,initial-access|persistence|privilege-escalation,0,0
d55b793d-f847-4eea-b59a-5ab09908ac90,rules,critical,test,windows,process_creation,,initial-access|persistence|privilege-escalation,0,0
6ba5a05f-b095-4f0a-8654-b825f4f16334,rules,high,test,windows,process_creation,,lateral-movement,1,0
954f0af7-62dd-418f-b3df-a84bc2c7a774,rules,medium,test,windows,process_creation,,lateral-movement,1,1
5fdce3ac-e7f9-4ecd-a3aa-a4d78ebbf0af,rules,low,test,windows,process_creation,,command-and-control,1,1
6e22722b-dfb1-4508-a911-49ac840b40f8,rules,high,test,windows,process_creation,,command-and-control,1,1
ff3b6b39-e765-42f9-bb2c-ea6761e0e0f6,rules,high,test,windows,process_creation,,lateral-movement,1,0
9e50a8b3-dd05-4eb8-9153-bdb6b79d50b0,rules,medium,test,windows,process_creation,,stealth,1,1
75d0a94e-6252-448d-a7be-d953dff527bb,rules,high,test,windows,process_creation,,stealth,1,1
d95de845-b83c-4a9a-8a6a-4fc802ebf6c0,rules,medium,test,windows,process_creation,,discovery,1,1
cb7c4a03-2871-43c0-9bbb-18bbdb079896,rules,low,test,windows,process_creation,,stealth,1,1
2a072a96-a086-49fa-bcb5-15cc5a619093,rules,low,test,windows,process_creation,,execution,1,1
88872991-7445-4a22-90b2-a3adadb0e827,rules,low,test,windows,process_creation,,impact,1,1
3abd6094-7027-475f-9630-8ab9be7b9725,rules,medium,test,windows,process_creation,,lateral-movement,1,1
7e6237fe-3ddb-438f-9381-9bf9de5af8d0,rules,high,test,windows,process_creation,,lateral-movement,1,0
f117933c-980c-4f78-b384-e3d838111165,rules,low,test,windows,process_creation,,lateral-movement,1,1
1c67a717-32ba-409b-a45d-0fb704a73a81,rules,low,test,windows,process_creation,,discovery,1,0
d4498716-1d52-438f-8084-4a603157d131,rules,medium,test,windows,process_creation,,initial-access|lateral-movement|persistence|privilege-escalation|stealth,1,0
cd219ff3-fa99-45d4-8380-a7d15116c6dc,rules,medium,test,windows,process_creation,,persistence,1,1
b9f0e6f5-09b4-4358-bae4-08408705bd5c,rules,high,test,windows,process_creation,,persistence,1,0
5b768e71-86f2-4879-b448-81061cbae951,rules,high,test,windows,process_creation,,collection,1,1
62510e69-616b-4078-b371-847da438cc03,rules,low,stable,windows,process_creation,,discovery,1,1
cd5cfd80-aa5f-44c0-9c20-108c4ae12e3c,rules,medium,test,windows,process_creation,,defense-impairment,1,1
a35f5a72-f347-4e36-8895-9869b0d5fc6d,rules,high,test,windows,process_creation,,defense-impairment,1,0
01aeb693-138d-49d2-9403-c4f52d7d3d62,rules,high,test,windows,process_creation,,defense-impairment,1,1
1a5fefe6-734f-452e-a07d-fc1c35bce4b2,rules,medium,test,windows,process_creation,,defense-impairment,1,1
57c4bf16-227f-4394-8ec7-1b745ee061c3,rules,medium,test,windows,process_creation,,defense-impairment,1,1
347906f3-e207-4d18-ae5b-a9403d6bcdef,rules,medium,test,windows,process_creation,,defense-impairment,1,1
0e4164da-94bc-450d-a7be-a4b176179f1f,rules,low,test,windows,process_creation,,discovery,1,1
a70dcb37-3bee-453a-99df-d0c683151be6,rules,medium,test,windows,process_creation,,defense-impairment,1,1
56321594-9087-49d9-bf10-524fe8479452,rules,medium,test,windows,process_creation,,persistence|privilege-escalation,1,0
d3c3861d-c504-4c77-ba55-224ba82d0118,rules,medium,test,windows,process_creation,,credential-access|discovery,1,1
322ed9ec-fcab-4f67-9a34-e7c6aef43614,rules,medium,test,windows,process_creation,,command-and-control|lateral-movement,1,1
782d6f3e-4c5d-4b8c-92a3-1d05fed72e63,rules,high,test,windows,process_creation,,command-and-control|lateral-movement,1,1
42b1a5b8-353f-4f10-b256-39de4467faff,rules,medium,test,windows,process_creation,,credential-access|discovery,1,0
903076ff-f442-475a-b667-4f246bcc203b,rules,low,test,windows,process_creation,,discovery,1,1
5cc90652-4cbd-4241-aa3b-4b462fa5a248,rules,medium,test,windows,process_creation,,discovery,1,1
6640f31c-01ad-49b5-beb5-83498a5cd8bd,rules,high,test,windows,process_creation,,execution|stealth,1,0
df1f26d3-bea7-4700-9ea2-ad3e990cf90e,rules,medium,test,windows,process_creation,,execution|stealth,1,0
afa71271-6a97-4e47-810f-83120fb1a4ce,rules,medium,experimental,windows,process_creation,,execution,1,1
3b4e950b-a3ea-44d3-877e-432071990709,rules,low,experimental,windows,process_creation,,discovery,1,1
e6313acd-208c-44fc-a0ff-db85d572e90e,rules,high,test,windows,process_creation,,discovery,1,1
1b3b01c7-84e9-4072-86e5-fc285a41ff23,rules,medium,test,windows,process_creation,,stealth,1,0
a58353df-af43-4753-bad0-cd83ef35eef5,rules,medium,test,windows,process_creation,,credential-access,1,1
2afafd61-6aae-4df4-baed-139fa1f4c345,rules,medium,test,windows,process_creation,,credential-access,1,1
3f5491e2-8db8-496b-9e95-1029fce852d4,rules,medium,test,windows,process_creation,,stealth,1,1
cb0fe7c5-f3a3-484d-aa25-d350a7912729,rules,high,test,windows,process_creation,,stealth,1,0
6b65c28e-11f3-46cb-902a-68f2cafaf474,rules,high,test,windows,process_creation,,stealth,1,0
9f0a8bf3-a65b-440a-8c1e-5cb1547c8e70,rules,medium,test,windows,process_creation,,stealth,1,1
ba4cfc11-d0fa-4d94-bf20-7c332c412e76,rules,high,test,windows,process_creation,,stealth,1,0
5f03babb-12db-4eec-8c82-7b4cb5580868,rules,medium,test,windows,process_creation,,stealth,1,1
2d32dd6f-3196-4093-b9eb-1ad8ab088ca5,rules,high,test,windows,process_creation,,stealth,1,0
8e3c7994-131e-4ba5-b6ea-804d49113a26,rules,medium,test,windows,process_creation,,stealth,1,1
4ae3e30b-b03f-43aa-87e3-b622f4048eed,rules,high,test,windows,process_creation,,stealth,1,0
551d9c1f-816c-445b-a7a6-7a3864720d60,rules,high,test,windows,process_creation,,lateral-movement,1,0
f99abdf0-6283-4e71-bd2b-b5c048a94743,rules,high,test,windows,process_creation,,stealth,1,0
84b1706c-932a-44c4-ae28-892b28a25b94,rules,high,test,windows,process_creation,,stealth,1,0
c27515df-97a9-4162-8a60-dc0eeb51b775,rules,high,test,windows,process_creation,,initial-access,1,1
55f0a3a1-846e-40eb-8273-677371b8d912,rules,high,test,windows,process_creation,,execution|stealth,1,0
a018fdc3-46a3-44e5-9afb-2cd4af1d4b39,rules,high,test,windows,process_creation,,initial-access,1,0
208748f7-881d-47ac-a29c-07ea84bf691d,rules,high,test,windows,process_creation,,execution,1,0
e212d415-0e93-435f-9e1a-f29005bb4723,rules,high,test,windows,process_creation,,execution|stealth,1,0
aa3a6f94-890e-4e22-b634-ffdfd54792cc,rules,high,test,windows,process_creation,,execution,1,0
438025f9-5856-4663-83f7-52f878a70a50,rules,high,test,windows,process_creation,,execution|stealth,1,0
f7375e28-5c14-432f-b8d1-1db26c832df3,rules,medium,test,windows,process_creation,,stealth,1,0
02b18447-ea83-4b1b-8805-714a8a34546a,rules,medium,test,windows,process_creation,,stealth,1,0
d679950c-abb7-43a6-80fb-2a480c4fc450,rules,medium,test,windows,process_creation,,execution|lateral-movement,1,0
12b8e9f5-96b2-41e1-9a42-8c6779a5c184,rules,medium,test,windows,process_creation,,execution,1,1
f426547a-e0f7-441a-b63e-854ac5bdf54d,rules,medium,test,windows,process_creation,,execution,1,0
d81871ef-5738-47ab-9797-7a9c90cd4bfb,rules,medium,test,windows,process_creation,,execution,1,0
1a0d4aba-7668-4365-9ce4-6d79ab088dfd,rules,high,test,windows,process_creation,,stealth,1,1
f956c7c1-0f60-4bc5-b7d7-b39ab3c08908,rules,medium,test,windows,process_creation,,credential-access|discovery,1,0
48a61b29-389f-4032-b317-b30de6b95314,rules,high,test,windows,process_creation,,command-and-control|lateral-movement,1,1
f38ce0b9-5e97-4b47-a211-7dc8d8b871da,rules,high,test,windows,process_creation,,command-and-control,1,0
f8d6a15e-4bc8-4c27-8e5d-2b10f0b73e5b,rules,medium,test,windows,process_creation,,stealth,1,0
c86500e9-a645-4680-98d7-f882c70c1ea3,rules,high,test,windows,process_creation,,credential-access|discovery|execution|impact|reconnaissance,1,1
70bc5215-526f-4477-963c-a47a5c9ebd12,rules,medium,test,windows,process_creation,,discovery|impact|reconnaissance,1,1
b36d01a3-ddaf-4804-be18-18a6247adfcd,rules,medium,test,windows,process_creation,,execution,1,1
7c9fed65-039a-4055-8c23-fa763d94aff6,rules,medium,experimental,windows,process_creation,,persistence,1,1
30edb182-aa75-42c0-b0a9-e998bb29067c,rules,high,test,windows,process_creation,,defense-impairment,1,0
92a974db-ab84-457f-9ec0-55db83d7a825,rules,medium,test,windows,process_creation,,defense-impairment,1,0
f14b1e99-5e53-4598-98dc-6f20ad7b35e0,rules,low,experimental,windows,process_creation,,discovery,1,1
932fb0d8-692b-4b0f-a26e-5643a50fe7d6,rules,medium,test,windows,process_creation,,collection,1,1
ca2092a1-c273-4878-9b4b-0d60115bf5ea,rules,high,test,windows,process_creation,,execution,0,0
b9d9cc83-380b-4ba3-8d8f-60c0e7e2930c,rules,high,test,windows,process_creation,,execution,1,1
8d01b53f-456f-48ee-90f6-bc28e67d4e35,rules,high,test,windows,process_creation,,stealth,1,0
fdb62a13-9a81-4e5c-a38f-ea93a16f6d7c,rules,high,test,windows,process_creation,,execution|stealth,1,0
f26c6093-6f14-4b12-800f-0fcb46f5ffd0,rules,high,test,windows,process_creation,,execution,1,0
88f680b8-070e-402c-ae11-d2914f2257f1,rules,high,test,windows,process_creation,,execution,1,0
6385697e-9f1b-40bd-8817-f4a91f40508e,rules,high,test,windows,process_creation,,execution|stealth,1,0
c6fb44c6-71f5-49e6-9462-1425d328aee3,rules,high,test,windows,process_creation,,defense-impairment,1,0
62b7ccc9-23b4-471e-aa15-6da3663c4d59,rules,high,test,windows,process_creation,,execution|stealth,1,0
9c0295ce-d60d-40bd-bd74-84673b7592b1,rules,high,test,windows,process_creation,,execution|stealth,1,0
1816994b-42e1-4fb1-afd2-134d88184f71,rules,high,test,windows,process_creation,,execution|stealth,1,0
a0459f02-ac51-4c09-b511-b8c9203fc429,rules,medium,test,windows,process_creation,,stealth,1,0
c57872c7-614f-4d7f-a40d-b78c8df2d30d,rules,medium,test,windows,process_creation,,stealth,1,0
1e0e1a81-e79b-44bc-935b-ddb9c8006b3d,rules,medium,test,windows,process_creation,,stealth,1,0
74403157-20f5-415d-89a7-c505779585cf,rules,medium,test,windows,process_creation,,execution|stealth,1,1
b6b49cd1-34d6-4ead-b1bf-176e9edba9a4,rules,high,test,windows,process_creation,,execution|stealth,1,0
d7bcd677-645d-4691-a8d4-7a5602b780d1,rules,high,test,windows,process_creation,,execution|stealth,1,1
7b6a7418-3afc-11f0-aff4-000d3abf478c,rules,high,experimental,windows,process_creation,,execution|stealth,1,0
222720a7-047f-4054-baa5-bab9be757db0,rules,medium,experimental,windows,process_creation,,command-and-control|execution|stealth,1,0
435e10e4-992a-4281-96f3-38b11106adde,rules,medium,test,windows,process_creation,,discovery,1,1
f4ff7323-b5fc-4323-8b52-6b9408e15788,rules,medium,experimental,windows,process_creation,,credential-access,1,1
c02e96b7-c63a-4c47-bd83-4a9f74afcfb2,rules,low,test,windows,process_creation,,persistence|privilege-escalation,1,1
98767d61-b2e8-4d71-b661-e36783ee24c1,rules,medium,test,windows,process_creation,,command-and-control,1,1
434c08ba-8406-4d15-8b24-782cb071a691,rules,high,test,windows,process_creation,,execution,1,0
1ec65a5f-9473-4f12-97da-622044d6df21,rules,high,test,windows,process_creation,,defense-impairment,1,1
17769c90-230e-488b-a463-e05c08e9d48f,rules,medium,test,windows,process_creation,,defense-impairment,1,1
a7ee1722-c3c5-aeff-3212-c777e4733217,rules,high,test,windows,process_creation,,defense-impairment,1,1
12f6b752-042d-483e-bf9c-915a6d06ad75,rules,medium,test,windows,process_creation,,defense-impairment,1,0
fb50eb7a-5ab1-43ae-bcc9-091818cb8424,rules,high,test,windows,process_creation,,defense-impairment,1,0
b3512211-c67e-4707-bedc-66efc7848863,rules,medium,test,windows,process_creation,,execution,1,0
02b64f1b-3f33-4e67-aede-ef3b0a5a8fcf,rules,medium,test,windows,process_creation,,command-and-control,1,1
44e24481-6202-4c62-9127-5a0ae8e3fe3d,rules,high,test,windows,process_creation,,defense-impairment|execution,1,0
0f0450f3-8b47-441e-a31b-15a91dc243e2,rules,medium,test,windows,process_creation,,command-and-control|execution,1,0
85b0b087-eddf-4a2b-b033-d771fa2b9775,rules,high,test,windows,process_creation,,execution,1,1
3b6ab547-8ec2-4991-b9d2-2b06702a48d7,rules,medium,test,windows,process_creation,,execution,1,0
b6e04788-29e1-4557-bb14-77f761848ab8,rules,high,test,windows,process_creation,,execution,1,0
43d91656-a9b2-4541-b7e2-6a9bd3a13f4e,rules,high,test,windows,process_creation,,execution,1,1
312d0384-401c-4b8b-abdf-685ffba9a332,rules,high,test,windows,process_creation,,exfiltration,1,0
c740d4cf-a1e9-41de-bb16-8a46a4f57918,rules,medium,test,windows,process_creation,,stealth,1,1
fb843269-508c-4b76-8b8d-88679db22ce7,rules,medium,test,windows,process_creation,,execution,1,0
cdf05894-89e7-4ead-b2b0-0a5f97a90f2f,rules,low,test,windows,process_creation,,execution|stealth,1,0
ee218c12-627a-4d27-9e30-d6fb2fe22ed2,rules,medium,test,windows,process_creation,,execution,1,0
9e716b33-63b2-46da-86a4-bd3c3b9b5dfb,rules,medium,test,windows,process_creation,,credential-access|execution,1,1
e32d4572-9826-4738-b651-95fa63747e8a,rules,high,test,windows,process_creation,,execution|stealth,1,1
d75d6b6b-adb9-48f7-824b-ac2e786efe1f,rules,medium,test,windows,process_creation,,command-and-control,1,1
b9aeac14-2ffd-4ad3-b967-1354a4e628c3,rules,medium,test,windows,process_creation,,collection,1,0
c8a180d6-47a3-4345-a609-53f9c3d834fc,rules,medium,test,windows,process_creation,,discovery,1,1
b2815d0d-7481-4bf0-9b6c-a4c48a94b349,rules,high,test,windows,process_creation,,credential-access,1,0
514e4c3a-c77d-4cde-a00f-046425e2301e,rules,high,test,windows,process_creation,,execution|persistence|privilege-escalation|stealth,1,1
09576804-7a05-458e-a817-eb718ca91f54,rules,high,test,windows,process_creation,,execution,1,1
5f6a601c-2ecb-498b-9c33-660362323afa,rules,high,test,windows,process_creation,,defense-impairment,1,0
c31364f7-8be6-4b77-8483-dd2b5a7b69a3,rules,medium,test,windows,process_creation,,execution,1,0
37651c2a-42cd-4a69-ae0d-22a4349aa04a,rules,medium,test,windows,process_creation,,persistence|stealth,1,1
536e2947-3729-478c-9903-745aaffe60d2,rules,medium,test,windows,process_creation,,stealth,1,0
1edff897-9146-48d2-9066-52e8d8f80a2f,rules,medium,test,windows,process_creation,,command-and-control,1,0
5e3cc4d8-3e68-43db-8656-eaaeefdec9cc,rules,high,test,windows,process_creation,,command-and-control,1,0
caa9a802-8bd8-4b9e-a5cd-4d6221670219,rules,high,experimental,windows,process_creation,,credential-access,1,1
889719ef-dd62-43df-86c3-768fb08dc7c0,rules,critical,test,windows,process_creation,,exfiltration,1,0
02030f2f-6199-49ec-b258-ea71b07e03dc,rules,high,test,windows,process_creation,,discovery|execution,1,0
83809e84-4475-4b69-bc3e-4aad8568612f,rules,medium,test,windows,process_creation,,persistence,1,1
f4bbd493-b796-416e-bbf2-121235348529,rules,low,test,windows,process_creation,,execution,1,1
e312efd0-35a1-407f-8439-b8d434b438a6,rules,high,test,windows,process_creation,,execution|stealth,1,0
fb9d3ff7-7348-46ab-af8c-b55f5fbf39b4,rules,high,test,windows,process_creation,,execution,1,0
a6fc3c46-23b8-4996-9ea2-573f4c4d88c5,rules,high,test,windows,process_creation,,stealth,1,0
07e3cb2c-0608-410d-be4b-1511cb1a0448,rules,high,test,windows,process_creation,,defense-impairment,1,1
edc2f8ae-2412-4dfd-b9d5-0c57727e70be,rules,high,stable,windows,process_creation,,execution,1,1
45a594aa-1fbd-4972-a809-ff5a99dd81b8,rules,high,test,windows,process_creation,,stealth,1,0
c83bf4b5-cdf0-437c-90fa-43d734f7c476,rules,high,test,windows,process_creation,,execution,1,0
1af57a4b-460a-4738-9034-db68b880c665,rules,high,test,windows,process_creation,,credential-access,1,1
95eadcb2-92e4-4ed1-9031-92547773a6db,rules,medium,test,windows,process_creation,,execution,1,1
a6a39bdb-935c-4f0a-ab77-35f4bbf44d33,rules,medium,test,windows,process_creation,,execution,1,1
a95b9b42-1308-4735-a1af-abb1c5e6f5ac,rules,high,test,windows,process_creation,,persistence|privilege-escalation,1,0
bdeb2cff-af74-4094-8426-724dc937f20a,rules,high,test,windows,process_creation,,stealth,1,0
0944e002-e3f6-4eb5-bf69-3a3067b53d73,rules,high,test,windows,process_creation,,stealth,1,0
87e3c4e8-a6a8-4ad9-bb4f-46e7ff99a180,rules,medium,test,windows,process_creation,,execution,1,1
62b20d44-1546-4e61-afce-8e175eb9473c,rules,medium,test,windows,process_creation,,defense-impairment|execution,1,1
21ff4ca9-f13a-41ad-b828-0077b2af2e40,rules,high,test,windows,process_creation,,impact,1,0
25676e10-2121-446e-80a4-71ff8506af47,rules,high,test,windows,process_creation,,collection|execution,1,0
c49c5062-0966-4170-9efd-9968c913a6cf,rules,low,test,windows,process_creation,,impact,1,1
e6c54d94-498c-4562-a37c-b469d8e9a275,rules,high,test,windows,process_creation,,execution,1,1
36210e0d-5b19-485d-a087-c096088885f0,rules,high,test,windows,process_creation,,execution,1,0
754ed792-634f-40ae-b3bc-e0448d33f695,rules,high,test,windows,process_creation,,execution,1,1
ac175779-025a-4f12-98b0-acdaeb77ea85,rules,medium,test,windows,process_creation,,execution,1,1
deb9b646-a508-44ee-b7c9-d8965921c6b6,rules,high,test,windows,process_creation,,stealth,1,0
c443012c-7928-43bf-ac20-7eda5efe61ad,rules,high,experimental,windows,process_creation,,defense-impairment,1,0
1114e048-b69c-4f41-bc20-657245ae6e3f,rules,medium,test,windows,process_creation,,discovery,1,1
c86133ad-4725-4bd0-8170-210788e0a7ba,rules,high,test,windows,process_creation,,execution,1,0
114de787-4eb2-48cc-abdb-c0b449f93ea4,rules,medium,test,windows,process_creation,,defense-impairment,1,1
bb780e0c-16cf-4383-8383-1e5471db6cf9,rules,medium,test,windows,process_creation,,execution|stealth,1,0
85a8e5ba-bd03-4bfb-bbfa-a4409a8f8b98,rules,medium,test,windows,process_creation,,collection,1,0
b124ddf4-778d-418e-907f-6dd3fc0d31cd,rules,medium,test,windows,process_creation,,execution|stealth,1,0
d22e2925-cfd8-463f-96f6-89cec9d9bc5f,rules,medium,test,windows,process_creation,,execution|stealth,1,1
a20391f8-76fb-437b-abc0-dba2df1952c6,rules,medium,test,windows,process_creation,,execution|stealth,1,1
2fcda7e2-8c57-4904-86ac-37fc3157e09d,rules,high,test,windows,process_creation,,credential-access|stealth,1,0
bafac3d6-7de9-4dd9-8874-4a1194b493ed,rules,medium,test,windows,process_creation,,stealth,1,0
104cdb48-a7a8-4ca7-a453-32942c6e5dcb,rules,medium,test,windows,process_creation,,stealth,1,0
7f5d1c9a-3e83-48df-95a7-2b98aae6c13c,rules,medium,test,windows,process_creation,,stealth,1,0
f9999590-1f94-4a34-a91e-951e47bedefd,rules,high,test,windows,process_creation,,stealth,1,0
2158f96f-43c2-43cb-952a-ab4580f32382,rules,medium,test,windows,process_creation,,collection,1,0
f38a82d2-fba3-4781-b549-525efbec8506,rules,high,test,windows,process_creation,,command-and-control,1,1
455b9d50-15a1-4b99-853f-8d37655a4c1b,rules,high,test,windows,process_creation,,discovery,1,1
514e7e3e-b3b4-4a67-af60-be20f139198b,rules,medium,experimental,windows,process_creation,,discovery,1,0
9a132afa-654e-11eb-ae93-0242ac130002,rules,high,test,windows,process_creation,,discovery,1,1
bef37fa2-f205-4a7b-b484-0759bfd5f86f,rules,medium,test,windows,process_creation,,discovery,1,1
54773c5f-f1cc-4703-9126-2f797d96a69d,rules,medium,test,windows,process_creation,,discovery,1,1
d2b749ee-4225-417e-b20e-a8d2193cbb84,rules,medium,test,windows,process_creation,,execution|privilege-escalation|stealth,1,0
fa00b701-44c6-4679-994d-5a18afa8a707,rules,high,test,windows,process_creation,,privilege-escalation|stealth,1,0
8b0e12da-d3c3-49db-bb4f-256703f380e5,rules,high,test,windows,process_creation,,command-and-control,1,1
f44800ac-38ec-471f-936e-3fa7d9c53100,rules,high,test,windows,process_creation,,defense-impairment,1,1
2c32b543-1058-4808-91c6-5b31b8bed6c5,rules,high,test,windows,process_creation,,discovery|reconnaissance,1,0
d08a2711-ee8b-4323-bdec-b7d85e892b31,rules,high,test,windows,process_creation,,execution|resource-development,1,0
f0ca6c24-3225-47d5-b1f5-352bf07ecfa7,rules,high,test,windows,process_creation,,stealth,1,0
d3b70aad-097e-409c-9df2-450f80dc476b,rules,high,test,windows,process_creation,,credential-access,1,1
32410e29-5f94-4568-b6a3-d91a8adad863,rules,high,test,windows,process_creation,,command-and-control,1,0
d7654f02-e04b-4934-9838-65c46f187ebc,rules,high,test,windows,process_creation,,command-and-control,1,0
e76ca062-4de0-4d79-8d90-160a0d335eca,rules,high,experimental,windows,process_creation,,persistence|privilege-escalation,1,1
8a1b2c3d-4e5f-6789-abcd-ef1234567890,rules,high,experimental,windows,process_creation,,credential-access,1,1
c9192ad9-75e5-43eb-8647-82a0a5b493e3,rules,medium,test,windows,process_creation,,collection|credential-access,1,1
e31033fc-33f0-4020-9a16-faf9b31cbf08,rules,high,test,windows,process_creation,,command-and-control,1,1
ca387a8e-1c84-4da3-9993-028b45342d30,rules,medium,test,windows,process_creation,,discovery,1,1
ee37eb7c-a4e7-4cd5-8fa4-efa27f1c3f31,rules,high,test,windows,process_creation,,command-and-control,1,1
74a12f18-505c-4114-8d0b-8448dd5485c6,rules,high,test,windows,process_creation,,command-and-control,1,1
4fd6b1c7-19b8-4488-97f6-00f0924991a3,rules,medium,test,windows,process_creation,,discovery,1,1
4e2ed651-1906-4a59-a78a-18220fca1b22,rules,medium,test,windows,process_creation,,execution,1,1
d9047477-0359-48c9-b8c7-792cedcdc9c4,rules,high,test,windows,process_creation,,execution,1,1
f6ecd1cf-19b8-4488-97f6-00f0924991a3,rules,medium,test,windows,process_creation,,discovery,1,1
68d37776-61db-42f5-bf54-27e87072d17e,rules,high,test,windows,process_creation,,command-and-control,1,0
771d1eb5-9587-4568-95fb-9ec44153a012,rules,high,test,windows,process_creation,,execution,1,1
b1cb4ab6-ac31-43f4-adf1-d9d08957419c,rules,medium,test,windows,process_creation,,reconnaissance,1,0
b37998de-a70b-4f33-b219-ec36bf433dc0,rules,high,test,windows,process_creation,,reconnaissance,1,0
811e0002-b13b-4a15-9d00-a613fce66e42,rules,medium,test,windows,process_creation,,discovery|persistence|privilege-escalation|stealth,1,1
5817e76f-4804-41e6-8f1d-5fa0b3ecae2d,rules,medium,test,windows,process_creation,,execution|lateral-movement,1,0
0c92f2e6-f08f-4b73-9216-ecb0ca634689,rules,medium,test,windows,process_creation,,stealth,1,1
e37db05d-d1f9-49c8-b464-cee1a4b11638,rules,high,test,windows,process_creation,,exfiltration,1,0
6ddff2e8-ea1a-45d0-8938-93dfc1d67ae7,rules,high,experimental,windows,process_creation,,exfiltration,1,1
93199800-b52a-4dec-b762-75212c196542,rules,high,test,windows,process_creation,,execution,1,1
38646daa-e78f-4ace-9de0-55547b2d30da,rules,high,test,windows,process_creation,,discovery,1,0
5722dff1-4bdd-4949-86ab-fbaf707e767a,rules,medium,test,windows,process_creation,,discovery|persistence|privilege-escalation|stealth,1,1
44030449-b0df-4c94-aae1-502359ab28ee,rules,medium,experimental,windows,process_creation,,credential-access|discovery,1,1
d0dae994-26c6-4d2d-83b5-b3c8b79ae513,rules,medium,test,windows,process_creation,,credential-access,1,0
bdeeabc9-ff2a-4a51-be59-bb253aac7891,rules,high,test,windows,process_creation,,execution|privilege-escalation,1,0
26d3f0a2-f514-4a3f-a8a7-e7e48a8d9160,rules,low,test,windows,process_creation,,discovery,1,0
50a0aa3d-ab16-4594-a8aa-5145a6e6792b,rules,high,experimental,windows,process_creation,,execution|stealth,1,1
899133d5-4d7c-4a7f-94ee-27355c879d90,rules,medium,test,windows,process_creation,,execution,1,1
480e7e51-e797-47e3-8d72-ebfce65b6d8d,rules,high,test,windows,process_creation,,execution,1,0
5fc297ae-25b6-488a-8f25-cc12ac29b744,rules,medium,test,windows,process_creation,,command-and-control,1,0
53ef0cef-fa24-4f25-a34a-6c72dfa2e6e2,rules,medium,test,windows,process_creation,,execution,1,0
e20b5b14-ce93-4230-88af-981983ef6e74,rules,low,experimental,windows,process_creation,,command-and-control,1,1
6f3e2987-db24-4c78-a860-b4f4095a7095,rules,low,test,windows,process_creation,,collection,1,1
faa48cae-6b25-4f00-a094-08947fef582f,rules,high,test,windows,process_creation,,collection,1,1
afe52666-401e-4a02-b4ff-5d128990b8cb,rules,high,test,windows,process_creation,,execution,1,0
6bba49bf-7f8c-47d6-a1bb-6b4dece4640e,rules,medium,test,windows,process_creation,,execution,1,1
4b8f6d3a-9c5e-4f2a-a7d8-6b9c3e5f2a8d,rules,medium,experimental,windows,process_creation,,execution|lateral-movement,1,1
edadb1e5-5919-4e4c-8462-a9e643b02c4b,rules,high,test,windows,process_creation,,credential-access,1,0
db1c21e4-cd66-4b4e-85ca-590f0780529c,rules,medium,experimental,windows,process_creation,,impact,1,1
de587dce-915e-4218-aac4-835ca6af6f70,rules,medium,test,windows,process_creation,,persistence|privilege-escalation,1,1
d7662ff6-9e97-4596-a61d-9839e32dee8d,rules,high,test,windows,process_creation,,defense-impairment,1,0
0e0255bf-2548-47b8-9582-c0955c9283f5,rules,high,test,windows,process_creation,,impact,1,0
b7966f4a-b333-455b-8370-8ca53c229762,rules,medium,test,windows,process_creation,,credential-access|defense-impairment|persistence,1,0
48917adc-a28e-4f5d-b729-11e75da8941f,rules,medium,test,windows,process_creation,,defense-impairment,1,0
c11aecef-9c37-45a6-9c07-bc0782f963fd,rules,high,experimental,windows,process_creation,,stealth,1,0
fc0e89b5-adb0-43c1-b749-c12a10ec37de,rules,high,test,windows,process_creation,,defense-impairment,1,0
05b2aa93-1210-42c8-8d9a-2fcc13b284f5,rules,high,test,windows,process_creation,,defense-impairment,1,0
8cbc9475-8d05-4e27-9c32-df960716c701,rules,medium,test,windows,process_creation,,defense-impairment|impact|persistence,1,1
24357373-078f-44ed-9ac4-6d334a668a11,rules,medium,test,windows,process_creation,,persistence|privilege-escalation,1,1
a1b2c3d4-e5f6-a7b8-c9d0-e1f2a3b4c5d6,rules,high,experimental,windows,process_creation,,defense-impairment,1,1
5e95028c-5229-4214-afae-d653d573d0ec,rules,high,test,windows,process_creation,,defense-impairment,1,0
fd877b94-9bb5-4191-bb25-d79cbd93c167,rules,high,test,windows,process_creation,,credential-access,1,1
817f252c-5143-4dae-b418-48c3e9f63728,rules,medium,test,windows,process_creation,,collection,1,1
e0b0c2ab-3d52-46d9-8cb7-049dc775fbd1,rules,medium,test,windows,process_creation,,credential-access,1,0
62e0298b-e994-4189-bc87-bc699aa62d97,rules,medium,test,windows,process_creation,,defense-impairment|persistence,1,1
28ac00d6-22d9-4a3c-927f-bbd770104573,rules,high,test,windows,process_creation,,defense-impairment|persistence,1,0
f5240972-3938-4e56-8e4b-e33893176c1f,rules,low,test,windows,process_creation,,discovery,1,0
ada4b0c4-758b-46ac-9033-9004613a150d,rules,medium,test,windows,process_creation,,defense-impairment|privilege-escalation,1,0
98dedfdd-8333-49d4-9f23-d7018cccae53,rules,high,test,windows,process_creation,,defense-impairment|persistence,1,0
970007b7-ce32-49d0-a4a4-fbef016950bd,rules,medium,test,windows,process_creation,,discovery,1,0
0d5675be-bc88-4172-86d3-1e96a4476536,rules,high,test,windows,process_creation,,defense-impairment|lateral-movement|persistence,1,0
0fc35fc3-efe6-4898-8a37-0b233339524f,rules,medium,test,windows,process_creation,,persistence|privilege-escalation,1,0
9b0b7ac3-6223-47aa-a3fd-e8f211e637db,rules,medium,test,windows,process_creation,,execution|persistence|privilege-escalation|stealth,1,0
e13f668e-7f95-443d-98d2-1816a7648a7b,rules,medium,test,windows,process_creation,,discovery,1,1
b7e2a8d4-74bb-4b78-adc9-3f92af2d4829,rules,high,test,windows,process_creation,,defense-impairment|persistence,1,1
c43a5405-e8e1-4221-9ac9-dbe3fa14e886,rules,medium,experimental,windows,process_creation,,discovery,1,0
7c06ab9b-b1d2-4ba9-b06e-09491ded20d9,rules,high,experimental,windows,process_creation,,impact,1,0
dee4af55-1f22-4e1d-a9d2-4bdc7ecb472a,rules,high,test,windows,process_creation,,defense-impairment,1,1
452bce90-6fb0-43cc-97a5-affc283139b3,rules,high,test,windows,process_creation,,defense-impairment,1,1
75f7a0e2-7154-4c4d-9eae-5cdb4e0a5c13,rules,medium,test,windows,process_creation,,defense-impairment,1,0
651f87f7-12db-47f9-84c5-f27b081b94b6,rules,low,experimental,windows,process_creation,,stealth,1,1
e9f8f8cc-07cc-4e81-b724-f387db9175e4,rules,medium,test,windows,process_creation,,stealth,1,0
cc368ed0-2411-45dc-a222-510ace303cb2,rules,medium,test,windows,process_creation,,stealth,1,0
82880171-b475-4201-b811-e9c826cd5eaa,rules,high,test,windows,process_creation,,discovery|exfiltration,1,1
f0e53e89-8d22-46ea-9db5-9d4796ee2f8a,rules,low,test,windows,process_creation,,discovery|exfiltration,1,1
73bba97f-a82d-42ce-b315-9182e76c57b1,rules,medium,test,windows,process_creation,,defense-impairment|persistence,1,1
0b80ade5-6997-4b1d-99a1-71701778ea61,rules,high,test,windows,process_creation,,defense-impairment|persistence,1,0
883835a7-df45-43e4-bf1d-4268768afda4,rules,high,test,windows,process_creation,,privilege-escalation,1,0
77946e79-97f1-45a2-84b4-f37b5c0d8682,rules,high,test,windows,process_creation,,defense-impairment|persistence,1,0
5f60740a-f57b-4e76-82a1-15b6ff2cb134,rules,low,test,windows,process_creation,,defense-impairment|persistence,1,1
a2910908-e86f-4687-aeba-76a5f996e652,rules,medium,test,windows,process_creation,,execution|persistence|privilege-escalation|stealth,1,0
87a476dc-0079-4583-a985-dee7a20a03de,rules,medium,test,windows,process_creation,,credential-access,1,0
cc1abf27-78a3-4ac5-a51c-f3070b1d8e40,rules,high,experimental,windows,process_creation,,credential-access,1,0
10344bb3-7f65-46c2-b915-2d00d47be5b0,rules,high,test,windows,process_creation,,execution|stealth,1,0
ae215552-081e-44c7-805f-be16f975c8a2,rules,high,test,windows,process_creation,,persistence|privilege-escalation,1,0
21d856f9-9281-4ded-9377-51a1a6e2a432,rules,high,test,windows,process_creation,,persistence|privilege-escalation,1,1
baef1ec6-2ca9-47a3-97cc-4cf2bda10b77,rules,high,test,windows,process_creation,,credential-access,1,1
023c654f-8f16-44d9-bb2b-00ff36a62af9,rules,high,test,windows,process_creation,,defense-impairment,1,0
0f9c21f1-6a73-4b0e-9809-cb562cb8d981,rules,high,test,windows,process_creation,,execution|persistence|privilege-escalation|stealth,1,0
2a4b3e61-9d22-4e4a-b60f-6e8f0cde6f25,rules,high,test,windows,process_creation,,stealth,1,0
cf2e938e-9a3e-4fe8-a347-411642b28a9f,rules,high,test,windows,process_creation,,defense-impairment,1,0
9ec9fb1b-e059-4489-9642-f270c207923d,rules,medium,test,windows,process_creation,,stealth,1,1
ec88289a-7e1a-4cc3-8d18-bd1f60e4b9ba,rules,medium,test,windows,process_creation,,persistence,1,0
b236190c-1c61-41e9-84b3-3fe03f6d76b0,rules,medium,test,windows,process_creation,,stealth,1,1
2dd2c217-bf68-437a-b57c-fe9fd01d5de8,rules,high,test,windows,process_creation,,stealth,1,1
867356ee-9352-41c9-a8f2-1be690d78216,rules,medium,test,windows,process_creation,,stealth,1,0
88a87a10-384b-4ad7-8871-2f9bf9259ce5,rules,high,test,windows,process_creation,,stealth,1,0
6f0947a4-1c5e-4e0d-8ac7-53159b8f23ca,rules,high,test,windows,process_creation,,stealth,1,1
9525dc73-0327-438c-8c04-13c0e037e9da,rules,medium,test,windows,process_creation,,stealth,1,1
327ff235-94eb-4f06-b9de-aaee571324be,rules,high,test,windows,process_creation,,stealth,1,0
089fc3d2-71e8-4763-a8a5-c97fbb0a403e,rules,high,test,windows,process_creation,,stealth,1,0
ab37a6ec-6068-432b-a64e-2c7bf95b1d22,rules,medium,test,windows,process_creation,,stealth,1,1
50919691-7302-437f-8e10-1fe088afa145,rules,medium,test,windows,process_creation,,execution|persistence|privilege-escalation|stealth,1,1
b52e84a3-029e-4529-b09b-71d19dd27e94,rules,medium,test,windows,process_creation,,command-and-control,1,0
b1377339-fda6-477a-b455-ac0923f9ec2c,rules,medium,test,windows,process_creation,,command-and-control,1,1
41f407b5-3096-44ea-a74f-96d04fbc41be,rules,medium,test,windows,process_creation,,execution|initial-access,1,0
114e7f1c-f137-48c8-8f54-3088c24ce4b9,rules,high,test,windows,process_creation,,command-and-control,1,1
065b00ca-5d5c-4557-ac95-64a6d0b64d86,rules,high,test,windows,process_creation,,command-and-control,1,1
b6d98a4f-cef0-4abf-bbf6-24132854a83d,rules,medium,test,windows,process_creation,,command-and-control,1,0
d85873ef-a0f8-4c48-a53a-6b621f11729d,rules,medium,test,windows,process_creation,,command-and-control,1,0
2fbbe9ff-0afc-470b-bdc0-592198339968,rules,medium,experimental,windows,process_creation,,command-and-control,1,1
74a2b202-73e0-4693-9a3a-9d36146d0775,rules,medium,test,windows,process_creation,,command-and-control,1,1
758ff488-18d5-4cbe-8ec4-02b6285a434f,rules,medium,test,windows,process_creation,,command-and-control,1,0
37e8d358-6408-4853-82f4-98333fca7014,rules,medium,test,windows,process_creation,,stealth,1,0
b471f462-eb0d-4832-be35-28d94bdb4780,rules,high,experimental,windows,process_creation,,command-and-control|stealth,1,0
e01fa958-6893-41d4-ae03-182477c5e77d,rules,medium,test,windows,process_creation,,stealth,1,0
57bff678-25d1-4d6c-8211-8ca106d12053,rules,medium,test,windows,process_creation,,command-and-control,1,1
75bfe6e6-cd8e-429e-91d3-03921e1d7962,rules,medium,test,windows,process_creation,,initial-access|persistence,1,1
b1f73849-6329-4069-bc8f-78a604bb8b23,rules,low,test,windows,process_creation,,execution,1,1
7b582f1a-b318-4c6a-bf4e-66fe49bf55a5,rules,medium,test,windows,process_creation,,command-and-control,1,1
b19146a3-25d4-41b4-928b-1e2a92641b1b,rules,high,test,windows,process_creation,,initial-access,1,0
95e60a2b-4705-444b-b7da-ba0ea81a3ee2,rules,medium,test,windows,process_creation,,command-and-control,1,1
2db93a3f-3249-4f73-9e68-0e77a0f8ae7e,rules,medium,experimental,windows,process_creation,,command-and-control,1,1
ab70c354-d9ac-4e11-bbb6-ec8e3b153357,rules,low,test,windows,process_creation,,initial-access|persistence,1,1
88656cec-6c3b-487c-82c0-f73ebb805503,rules,medium,test,windows,process_creation,,command-and-control,1,0
b243b280-65fe-48df-ba07-6ddea7646427,rules,low,test,windows,process_creation,,discovery,1,1
df55196f-f105-44d3-a675-e9dfb6cc2f2b,rules,high,test,windows,process_creation,,discovery,1,0
0f16d9cf-0616-45c8-8fad-becc11b5a41c,rules,medium,test,windows,process_creation,,stealth,1,0
f4264e47-f522-4c38-a420-04525d5b880f,rules,high,test,windows,process_creation,,stealth,1,0
36480ae1-a1cb-4eaa-a0d6-29801d7e9142,rules,medium,test,windows,process_creation,,stealth,1,1
0ba1da6d-b6ce-4366-828c-18826c9de23e,rules,high,test,windows,process_creation,,stealth,1,1
30d07da2-83ab-45d8-ae75-ec7c0edcaffc,rules,medium,test,windows,process_creation,,defense-impairment,1,0
8a4519e8-e64a-40b6-ae85-ba8ad2177559,rules,high,test,windows,process_creation,,credential-access|stealth,1,0
e0c69ebd-b54f-4aed-8ae3-e3467843f3f0,rules,high,test,windows,process_creation,,command-and-control,1,0
1a1ed54a-2ba4-4221-94d5-01dee560d71e,rules,high,test,windows,process_creation,,credential-access|stealth,1,1
7530cd3d-7671-43e3-b209-976966f6ea48,rules,medium,test,windows,process_creation,,execution|stealth,1,0
340a090b-c4e9-412e-bb36-b4b16fe96f9b,rules,high,test,windows,process_creation,,privilege-escalation|stealth,1,0
277a4393-446c-449a-b0ed-7fdc7795244c,rules,medium,test,windows,process_creation,,execution|stealth,1,0
ec0722a3-eb5c-4a56-8ab2-bf6f20708592,rules,high,test,windows,process_creation,,impact,0,0
edd8a48c-1b9f-4ba1-83aa-490338cd1ccb,rules,high,test,windows,process_creation,,execution|stealth,1,0
e6474a1b-5390-49cd-ab41-8d88655f7394,rules,high,test,windows,process_creation,,privilege-escalation|stealth,1,0
643bdcac-8b82-49f4-9fd9-25a90b929f3b,rules,high,test,windows,process_creation,,stealth,1,1
bd1c6866-65fc-44b2-be51-5588fcff82b9,rules,high,test,windows,process_creation,,stealth,1,0
88f46b67-14d4-4f45-ac2c-d66984f22191,rules,medium,test,windows,process_creation,,stealth,1,0
0afbd410-de03-4078-8491-f132303cb67d,rules,high,test,windows,process_creation,,stealth,1,0
264982dc-dbad-4dce-b707-1e0d3e0f73d9,rules,high,test,windows,process_creation,,execution|stealth,1,0
0b0cd537-fc77-4e6e-a973-e53495c1083d,rules,high,test,windows,process_creation,,stealth,1,0
c4e49831-1496-40cf-8ce1-b53f942b02f9,rules,high,test,windows,process_creation,,stealth,1,1
2433a154-bb3d-42e4-86c3-a26bdac91c45,rules,high,test,windows,process_creation,,execution|stealth,1,0
1c12727d-02bf-45ff-a9f3-d49806a3cf43,rules,high,test,windows,process_creation,,stealth,1,0
65c3ca2c-525f-4ced-968e-246a713d164f,rules,medium,test,windows,process_creation,,execution|stealth,1,0
2569ed8c-1147-498a-9b8c-2ad3656b10ed,rules,high,test,windows,process_creation,,execution,1,0
9ef27c24-4903-4192-881a-3adde7ff92a5,rules,medium,test,windows,process_creation,,collection|command-and-control|discovery|stealth,1,0
f91e51c9-f344-4b32-969b-0b6f6b8537d4,rules,high,experimental,windows,process_creation,,execution|persistence|privilege-escalation|stealth,1,0
cd764533-2e07-40d6-a718-cfeec7f2da7f,rules,high,test,windows,process_creation,,resource-development,1,0
4a0b2c7e-7cb2-495d-8b63-5f268e7bfd67,rules,high,test,windows,process_creation,,stealth,1,1
51ae86a2-e2e1-4097-ad85-c46cb6851de4,rules,high,test,windows,process_creation,,execution,1,1
c1d867fe-8d95-4487-aab4-e53f2d339f90,rules,high,test,windows,process_creation,,impact,1,1
7b4f794b-590a-4ad4-ba18-7964a2832205,rules,high,test,windows,process_creation,,execution|persistence|privilege-escalation|stealth,1,0
f1086bf7-a0c4-4a37-9102-01e573caf4a0,rules,critical,test,windows,process_creation,,discovery,1,0
93671f99-04eb-4ab4-a161-70d446a84003,rules,medium,test,windows,process_creation,,credential-access,1,0
20a5ffa1-3848-4584-b6f8-c7c7fd9f69c8,rules,medium,test,windows,process_creation,,execution,1,0
9248c7e1-2bf3-4661-a22c-600a8040b446,rules,high,test,windows,process_creation,,stealth,1,0
a1473adb-5338-4a20-b4c3-126763e2d3d3,rules,high,test,windows,process_creation,,stealth,1,0
1cc50f3f-1fc8-4acf-b2e9-6f172e1fdebd,rules,high,test,windows,process_creation,,privilege-escalation|stealth,1,0
15bd98ea-55f4-4d37-b09a-e7caa0fa2221,rules,medium,test,windows,process_creation,,stealth,1,1
a4694263-59a8-4608-a3a0-6f8d3a51664c,rules,high,test,windows,process_creation,,credential-access,1,1
4782eb5a-a513-4523-a0ac-f3082b26ac5c,rules,high,test,windows,process_creation,,execution|stealth,1,0
1775e15e-b61b-4d14-a1a3-80981298085a,rules,high,test,windows,process_creation,,stealth,1,1
bb76d96b-821c-47cf-944b-7ce377864492,rules,high,test,windows,process_creation,,credential-access|privilege-escalation,1,0
43fa5350-db63-4b8f-9a01-789a427074e1,rules,medium,test,windows,process_creation,,stealth,1,0
1723e720-616d-4ddc-ab02-f7e3685a4713,rules,medium,test,windows,process_creation,,stealth,1,0
646ea171-dded-4578-8a4d-65e9822892e3,rules,high,test,windows,process_creation,,credential-access|stealth,1,0
f1edd233-30b5-4823-9e6a-c4171b24d316,rules,high,test,windows,process_creation,,persistence|privilege-escalation,1,0
15b75071-74cc-47e0-b4c6-b43744a62a2b,rules,medium,test,windows,process_creation,,stealth,1,1
285b85b1-a555-4095-8652-a8a4106af63f,rules,medium,test,windows,process_creation,,stealth,1,1
32b96012-7892-429e-b26c-ac2bf46066ff,rules,high,test,windows,process_creation,,execution|stealth,1,0
82343930-652f-43f5-ab70-2ee9fdd6d5e9,rules,medium,test,windows,process_creation,,execution|stealth,1,0
caa06de8-fdef-4c91-826a-7f9e163eef4b,rules,high,test,windows,process_creation,,stealth,1,0
e593cf51-88db-4ee1-b920-37e89012a3c9,rules,medium,test,windows,process_creation,,stealth,1,1
d7eb979b-c2b5-4a6f-a3a7-c87ce6763819,rules,high,test,windows,process_creation,,stealth,1,0
4aa6040b-3f28-44e3-a769-9208e5feb5ec,rules,high,test,windows,process_creation,,stealth,1,0
d87bd452-6da1-456e-8155-7dc988157b7d,rules,high,test,windows,process_creation,,stealth,1,0
8823e85d-31d8-473e-b7f4-92da070f0fc6,rules,high,test,windows,process_creation,,stealth,1,0
b0524451-19af-4efa-a46f-562a977f792e,rules,high,stable,windows,process_creation,,defense-impairment|persistence,1,0
731231b9-0b5d-4219-94dd-abb6959aa7ea,rules,high,test,windows,process_creation,,stealth,1,0
0ea52357-cd59-4340-9981-c46c7e900428,rules,medium,test,windows,process_creation,,command-and-control|execution|stealth,1,1
5cdb711b-5740-4fb2-ba88-f7945027afac,rules,high,test,windows,process_creation,,execution|lateral-movement|stealth,1,0
c3a99af4-35a9-4668-879e-c09aeb4f2bdf,rules,medium,test,windows,process_creation,,stealth,1,0
3b5b0213-0460-4e3f-8937-3abf98ff7dcc,rules,medium,test,windows,process_creation,,stealth,1,1
2dbd9d3d-9e27-42a8-b8df-f13825c6c3d5,rules,medium,test,windows,process_creation,,exfiltration,1,0
982e9f2d-1a85-4d5b-aea4-31f5e97c6555,rules,high,test,windows,process_creation,,exfiltration,1,0
5bb68627-3198-40ca-b458-49f973db8752,rules,high,test,windows,process_creation,,execution|lateral-movement,1,1
198effb6-6c98-4d0c-9ea3-451fa143c45c,rules,low,test,windows,process_creation,,defense-impairment|persistence,1,0
d937b75f-a665-4480-88a5-2f20e9f9b22a,rules,high,test,windows,process_creation,,execution|persistence|privilege-escalation|stealth,1,0
85ff530b-261d-48c6-a441-facaa2e81e48,rules,low,test,windows,process_creation,,persistence|privilege-escalation,1,1
85c312b7-f44d-4a51-a024-d671c40b49fc,rules,medium,test,windows,process_creation,,defense-impairment|execution,1,1
431a1fdb-4799-4f3b-91c3-a683b003fc49,rules,medium,test,windows,process_creation,,persistence|privilege-escalation,1,1
e83e8899-c9b2-483b-b355-5decc942b959,rules,low,test,windows,process_creation,,credential-access,1,0
6c8fbee5-dee8-49bc-851d-c3142d02aa47,rules,high,test,windows,process_creation,,persistence|privilege-escalation,1,0
99cf1e02-00fb-4c0d-8375-563f978dfd37,rules,high,test,windows,process_creation,,persistence|privilege-escalation,1,0
a537cfc3-4297-4789-92b5-345bfd845ad0,rules,high,test,windows,process_creation,,execution|persistence|privilege-escalation|stealth,1,0
98c5aeef-32d5-492f-b174-64a691896d25,rules,medium,test,windows,process_creation,,execution|persistence|privilege-escalation|stealth,1,0
138d3531-8793-4f50-a2cd-f291b2863d78,rules,high,test,windows,process_creation,,persistence|privilege-escalation,1,0
38879043-7e1e-47a9-8d46-6bec88e201df,rules,medium,test,windows,process_creation,,execution|persistence|privilege-escalation|stealth,1,0
81bcb81b-5b1f-474b-b373-52c871aaa7b1,rules,low,test,windows,process_creation,,impact,1,1
c5c00f49-b3f9-45a6-997e-cfdecc6e1967,rules,high,test,windows,process_creation,,execution|persistence|privilege-escalation,1,0
1c0e41cd-21bb-4433-9acc-4a2cd6367b9b,rules,high,test,windows,process_creation,,execution|persistence|privilege-escalation,1,0
92626ddd-662c-49e3-ac59-f6535f12d189,rules,low,test,windows,process_creation,,execution|persistence|privilege-escalation,1,1
39019a4e-317f-4ce3-ae63-309a8c6b53c5,rules,high,test,windows,process_creation,,execution|persistence|privilege-escalation,1,1
1d174d38-8fda-4081-a9b6-56d9763c0cd8,rules,medium,experimental,windows,process_creation,,command-and-control|execution|persistence|privilege-escalation|stealth,1,1
dbc1f800-0fe0-4bc0-9c66-292c2abe3f78,rules,high,test,windows,process_creation,,impact,1,0
220457c1-1c9f-4c2e-afe6-9598926222c1,rules,high,test,windows,process_creation,,impact,1,0
9ac94dc8-9042-493c-ba45-3b5e7c86b980,rules,high,test,windows,process_creation,,impact,1,0
81325ce1-be01-4250-944f-b4789644556f,rules,medium,test,windows,process_creation,,execution|persistence|privilege-escalation,1,1
8a8379b8-780b-4dbf-b1e9-31c8d112fefb,rules,high,test,windows,process_creation,,execution|persistence|privilege-escalation,1,0
ff2fff64-4cd6-4a2b-ba7d-e28a30bbe66b,rules,medium,test,windows,process_creation,,execution|persistence|privilege-escalation,1,1
970823b7-273b-460a-8afc-3a6811998529,rules,high,test,windows,process_creation,,execution|persistence|privilege-escalation,1,1
2daa93a0-a5fb-41c5-8cd8-3c11294bfd1f,rules,high,experimental,windows,process_creation,,command-and-control|execution|persistence|privilege-escalation,1,0
f548a603-c9f2-4c89-b511-b089f7e94549,rules,medium,test,windows,process_creation,,execution|persistence|privilege-escalation,1,0
b66474aa-bd92-4333-a16c-298155b120df,rules,high,test,windows,process_creation,,execution|persistence|privilege-escalation,1,0
86588b36-c6d3-465f-9cee-8f9093e07798,rules,medium,test,windows,process_creation,,execution|persistence|privilege-escalation,1,0
c4eeeeae-89f4-43a7-8b48-8d1bdfa66c78,rules,high,test,windows,process_creation,,execution|persistence|privilege-escalation,1,0
24c8392b-aa3c-46b7-a545-43f71657fe98,rules,high,test,windows,process_creation,,execution|persistence|privilege-escalation,1,1
7a02e22e-b885-4404-b38b-1ddc7e65258a,rules,medium,test,windows,process_creation,,execution|persistence|privilege-escalation,1,1
dd2a821e-3b07-4d3b-a9ac-929fe4c6ca0c,rules,medium,test,windows,process_creation,,execution|persistence|privilege-escalation|stealth,1,0
f2c64357-b1d2-41b7-849f-34d2682c0fad,rules,high,test,windows,process_creation,,execution|persistence|privilege-escalation,1,1
89ca78fd-b37c-4310-b3d3-81a023f83936,rules,high,test,windows,process_creation,,execution|persistence|privilege-escalation,1,0
9f8573c9-22b4-40e3-89c1-72bc2b8d49ab,rules,high,experimental,windows,process_creation,,execution|persistence|privilege-escalation|stealth,1,1
f6d1dd2f-b8ce-40ca-bc23-062efb686b34,rules,high,test,windows,process_creation,,execution,1,0
517490a7-115a-48c6-8862-1a481504d5a8,rules,medium,test,windows,process_creation,,persistence|privilege-escalation,1,0
18ee686c-38a3-4f65-9f44-48a077141f42,rules,medium,test,windows,process_creation,,persistence|privilege-escalation,1,0
da2738f2-fadb-4394-afa7-0a0674885afa,rules,medium,test,windows,process_creation,,privilege-escalation,1,0
f3d39c45-de1a-4486-a687-ab126124f744,rules,high,test,windows,process_creation,,stealth,1,0
c2c76b77-32be-4d1f-82c9-7e544bdfe0eb,rules,medium,test,windows,process_creation,,collection|credential-access|defense-impairment|discovery|execution|persistence|privilege-escalation|stealth,1,1
ba3874b9-0fae-465f-836c-eb5d071a1789,rules,low,experimental,windows,process_creation,,execution,1,1
58f4ea09-0fc2-4520-ba18-b85c540b0eaf,rules,high,test,windows,process_creation,,credential-access,1,1
835e75bf-4bfd-47a4-b8a6-b766cac8bcb7,rules,high,test,windows,process_creation,,stealth,1,0
1eeed653-dbc8-4187-ad0c-eeebb20e6599,rules,medium,test,windows,process_creation,,credential-access,1,1
99c8be4f-3087-4f9f-9c24-8c7e257b442e,rules,medium,test,windows,process_creation,,execution|persistence|privilege-escalation|stealth,1,1
762bb580-79b4-40f4-8b9e-9349ce1710f4,rules,medium,experimental,windows,process_creation,,stealth,1,1
34ebb878-1b15-4895-b352-ca2eeb99b274,rules,medium,test,windows,process_creation,,impact,1,0
ec290c06-9b6b-4338-8b6b-095c0f284f10,rules,medium,test,windows,process_creation,,impact,1,0
7d4aaec2-08ed-4430-8b96-28420e030e04,rules,medium,test,windows,process_creation,,stealth,1,0
ba42babc-0666-4393-a4f7-ceaf5a69191e,rules,medium,test,windows,process_creation,,execution,1,0
83865853-59aa-449e-9600-74b9d89a6d6e,rules,medium,test,windows,process_creation,,collection,1,1
78f10490-f2f4-4d19-a75b-4e0683bf3b8d,rules,high,experimental,windows,process_creation,,lateral-movement|stealth,1,0
1f1a8509-2cbb-44f5-8751-8e1571518ce2,rules,high,test,windows,process_creation,,stealth,1,0
dcdbc940-0bff-46b2-95f3-2d73f848e33b,rules,high,test,windows,process_creation,,execution|privilege-escalation,1,0
696bfb54-227e-4602-ac5b-30d9d2053312,rules,medium,test,windows,process_creation,,collection,1,0
b57ba453-b384-4ab9-9f40-1038086b4e53,rules,high,test,windows,process_creation,,collection,1,0
24c77512-782b-448a-8950-eddb0785fc71,rules,high,test,windows,process_creation,,collection|credential-access,1,0
4833155a-4053-4c9c-a997-777fcea0baa7,rules,high,test,windows,process_creation,,collection|credential-access,1,0
1e75c1cc-c5d4-42aa-ac3d-91b0b68b3b4c,rules,medium,test,windows,process_creation,,execution|stealth,1,1
45239e6a-b035-4aaf-b339-8ad379fcb67e,rules,medium,test,windows,process_creation,,execution|stealth,1,1
327f48c1-a6db-4eb8-875a-f6981f1b0183,rules,medium,test,windows,process_creation,,command-and-control|lateral-movement,1,1
7d6d30b8-5b91-4b90-a891-46cccaf29598,rules,medium,test,windows,process_creation,,stealth,1,1
f7d7ebd5-a016-46e2-9c54-f9932f2d386d,rules,high,test,windows,process_creation,,command-and-control,1,0
d20ee2f4-822c-4827-9e15-41500b1fff10,rules,medium,test,windows,process_creation,,command-and-control|persistence,1,1
961e0abb-1b1e-4c84-a453-aafe56ad0d34,rules,high,test,windows,process_creation,,stealth,1,1
16905e21-66ee-42fe-b256-1318ada2d770,rules,medium,test,windows,process_creation,,stealth,1,0
d522eca2-2973-4391-a3e0-ef0374321dae,rules,high,test,windows,process_creation,,privilege-escalation,1,0
ad720b90-25ad-43ff-9b5e-5c841facc8e5,rules,medium,test,windows,process_creation,,persistence|privilege-escalation,1,1
10fb649c-3600-4d37-b1e6-56ea90bb7e09,rules,high,test,windows,process_creation,,persistence|privilege-escalation,1,1
ffa28e60-bdb1-46e0-9f82-05f7a61cc06e,rules,high,test,windows,process_creation,,initial-access|lateral-movement|persistence,1,1
7f43c430-5001-4f8b-aaa9-c3b88f18fa5c,rules,medium,test,windows,process_creation,,stealth,1,0
cd951fdc-4b2f-47f5-ba99-a33bf61e3770,rules,medium,test,windows,process_creation,,privilege-escalation,1,1
f91ed517-a6ba-471d-9910-b3b4a398c0f3,rules,medium,test,windows,process_creation,,stealth,1,1
24de4f3b-804c-4165-b442-5a06a2302c7e,rules,medium,test,windows,process_creation,,execution|initial-access,1,0
fcdf69e5-a3d3-452a-9724-26f2308bf2b1,rules,high,test,windows,process_creation,,initial-access,1,1
f576a613-2392-4067-9d1a-9345fb58d8d1,rules,medium,test,windows,process_creation,,collection|credential-access,1,0
a7c3d773-caef-227e-a7e7-c2f13c622329,rules,high,test,windows,process_creation,,stealth,1,0
1193d960-2369-499f-a158-7b50a31df682,rules,medium,test,windows,process_creation,,execution,1,1
590a5f4c-6c8c-4f10-8307-89afe9453a9d,rules,high,test,windows,process_creation,,privilege-escalation|stealth,1,0
f0cdd048-82dc-4f7a-8a7a-b87a52b6d0fd,rules,medium,test,windows,process_creation,,stealth,1,0
584bca0f-3608-4402-80fd-4075ff6072e3,rules,high,test,windows,process_creation,,stealth,1,0
d487ed4a-fd24-436d-a0b2-f4e95f7b2635,rules,high,experimental,windows,process_creation,,execution,1,0
3ae9974a-eb09-4044-8e70-8980a50c12c8,rules,high,experimental,windows,process_creation,,execution|stealth,1,0
2782fbd8-b662-4eb5-9962-5bfbfb671e7b,rules,medium,experimental,windows,process_creation,,execution|stealth,1,0
1327381e-6ab0-4f38-b583-4c1b8346a56b,rules,medium,test,windows,process_creation,,stealth,1,0
47147b5b-9e17-4d76-b8d2-7bac24c5ce1b,rules,medium,test,windows,process_creation,,credential-access,1,0
855bc8b5-2ae8-402e-a9ed-b889e6df1900,rules,medium,test,windows,process_creation,,collection|exfiltration|lateral-movement,1,1
fff9d2b7-e11c-4a69-93d3-40ef66189767,rules,medium,test,windows,process_creation,,stealth,1,1
f5d19838-41b5-476c-98d8-ba8af4929ee2,rules,high,test,windows,process_creation,,stealth,1,0
d2b7a134-9c3e-4f8a-b56d-e0c1f8a29b47,rules,medium,experimental,windows,process_creation,,privilege-escalation|stealth,1,1
66c3b204-9f88-4d0a-a7f7-8a57d521ca55,rules,high,stable,windows,process_creation,,impact,1,1
7d1aaf3d-4304-425c-b7c3-162055e0b3ab,rules,high,test,windows,process_creation,,execution,1,0
a31eeaed-3fd5-478e-a8ba-e62c6b3f9ecc,rules,high,test,windows,process_creation,,defense-impairment,1,1
1cdd9a09-06c9-4769-99ff-626e2b3991b8,rules,high,stable,windows,process_creation,,initial-access,1,0
5e6a80c8-2d45-4633-9ef4-fa2671a39c5c,rules,high,test,windows,process_creation,,stealth,1,0
00d49ed5-4491-4271-a8db-650a4ef6f8c1,rules,high,test,windows,process_creation,,command-and-control|resource-development,1,1
4f647cfa-b598-4e12-ad69-c68dd16caef8,rules,critical,test,windows,process_creation,,defense-impairment,1,0
1e53dd56-8d83-4eb4-a43e-b790a05510aa,rules,medium,test,windows,process_creation,,privilege-escalation,1,0
f26eb764-fd89-464b-85e2-dc4a8e6e77b8,rules,medium,test,windows,process_creation,,execution,1,0
378a05d8-963c-46c9-bcce-13c7657eac99,rules,medium,test,windows,process_creation,,execution,1,1
178e615d-e666-498b-9630-9ed363038101,rules,medium,test,windows,process_creation,,execution|privilege-escalation,1,1
30e92f50-bb5a-4884-98b5-d20aa80f3d7a,rules,medium,test,windows,process_creation,,execution,1,1
4a30ac0c-b9d6-4e01-b71a-5f851bbf4259,rules,high,test,windows,process_creation,,stealth,1,0
c98f2a0d-e1b8-4f76-90d3-359caf88d6b9,rules,high,test,windows,process_creation,,stealth,1,0
f9578658-9e71-4711-b634-3f9b50cd3c06,rules,high,test,windows,process_creation,,stealth,1,0
225274c4-8dd1-40db-9e09-71dff4f6fb3c,rules,high,test,windows,process_creation,,stealth,1,0
41421f44-58f9-455d-838a-c398859841d4,rules,high,test,windows,process_creation,,defense-impairment,1,0
a238b5d0-ce2d-4414-a676-7a531b3d13d6,rules,high,test,windows,process_creation,,defense-impairment|stealth,1,0
cc36992a-4671-4f21-a91d-6c2b72a2edf5,rules,high,stable,windows,process_creation,,defense-impairment,1,1
beaa66d6-aa1b-4e3c-80f5-e0145369bfaf,rules,medium,test,windows,process_creation,,credential-access|discovery,1,1
69bd9b97-2be2-41b6-9816-fb08757a4d1a,rules,high,test,windows,process_creation,,execution|stealth,1,0
3dfd06d2-eaf4-4532-9555-68aca59f57c4,rules,high,test,windows,process_creation,,stealth,1,0
9637e8a5-7131-4f7f-bdc7-2b05d8670c43,rules,medium,test,windows,process_creation,,execution,1,0
b5b29e4e-31fa-4fdf-b058-296e7a1aa0c2,rules,high,experimental,windows,process_creation,,execution,1,1
07aa184a-870d-413d-893a-157f317f6f58,rules,high,test,windows,process_creation,,discovery|execution,1,0
0900463c-b33b-49a8-be1d-552a3b553dae,rules,medium,test,windows,process_creation,,stealth,1,0
ae9b0bd7-8888-4606-b444-0ed7410cb728,rules,medium,test,windows,process_creation,,execution|persistence|stealth,1,0
32e280f1-8ad4-46ef-9e80-910657611fbc,rules,medium,test,windows,process_creation,,stealth,1,1
71158e3f-df67-472b-930e-7d287acaa3e1,rules,high,test,windows,process_creation,,privilege-escalation|stealth,1,0
22e58743-4ac8-4a9f-bf19-00a0428d8c5f,rules,high,test,windows,process_creation,,execution,1,0
8537c866-072e-460d-bfff-aaf39cbd73d3,rules,medium,experimental,windows,process_creation,,execution,1,1
ba3f5c1b-6272-4119-9dbd-0bc8d21c2702,rules,high,test,windows,process_creation,,execution,1,1
6d3a3952-6530-44a3-8554-cf17c116c615,rules,medium,test,windows,process_creation,,credential-access,1,0
dd8756e7-a3a0-4768-b47e-8f545d1a751c,rules,high,experimental,windows,process_creation,,execution|initial-access,1,0
502b42de-4306-40b4-9596-6f590c81f073,rules,low,test,windows,process_creation,,discovery,1,1
d4ca7c59-e9e4-42d8-bf57-91a776efcb87,rules,medium,test,windows,process_creation,,stealth,1,1
ffa6861c-4461-4f59-8a41-578c39f3f23e,rules,high,test,windows,process_creation,,credential-access,1,0
180c7c5c-d64b-4a63-86e9-68910451bc8b,rules,medium,test,windows,process_creation,,execution|stealth,1,0
a29c1813-ab1f-4dde-b489-330b952e91ae,rules,low,test,windows,process_creation,,discovery,1,1
f8ad2e2c-40b6-4117-84d7-20b89896ab23,rules,medium,test,windows,process_creation,,discovery|execution,1,1
ba1f7802-adc7-48b4-9ecb-81e227fddfd5,rules,medium,test,windows,process_creation,,credential-access|discovery,1,1
f208d6d8-d83a-4c2c-960d-877c37da84e5,rules,medium,test,windows,process_creation,,stealth,1,1
c09dad97-1c78-4f71-b127-7edb2b8e491a,rules,medium,test,windows,process_creation,,stealth,1,0
8f02c935-effe-45b3-8fc9-ef8696a9e41d,rules,high,test,windows,process_creation,,defense-impairment|persistence,1,0
8bc64091-6875-4881-aaf9-7bd25b5dda08,rules,high,test,windows,process_creation,,credential-access,1,0
caf201a9-c2ce-4a26-9c3a-2b9525413711,rules,high,test,windows,process_creation,,defense-impairment,1,0
a96970af-f126-420d-90e1-d37bf25e50e1,rules,medium,test,windows,process_creation,,stealth,1,1
dd6b39d9-d9be-4a3b-8fe0-fe3c6a5c1795,rules,medium,test,windows,process_creation,,stealth,1,1
3ef5605c-9eb9-47b0-9a71-b727e6aa5c3b,rules,medium,test,windows,process_creation,,stealth,1,1
cb5a2333-56cf-4562-8fcb-22ba1bca728d,rules,medium,test,windows,process_creation,,discovery,1,0
56d19cb4-6414-4769-9644-1ed35ffbb148,rules,medium,test,windows,process_creation,,discovery,1,0
cbec226f-63d9-4eca-9f52-dfb6652f24df,rules,high,test,windows,process_creation,,stealth,1,0
6812a10b-60ea-420c-832f-dfcc33b646ba,rules,high,test,windows,process_creation,,stealth,1,0
9bd04a79-dabe-4f1f-a5ff-92430265c96b,rules,high,test,windows,process_creation,,lateral-movement,1,1
213d6a77-3d55-4ce8-ba74-fcfef741974e,rules,medium,test,windows,process_creation,,credential-access,1,0
50d66fb0-03f8-4da0-8add-84e77d12a020,rules,medium,test,windows,process_creation,,privilege-escalation,1,0
96036718-71cc-4027-a538-d1587e0006a7,rules,low,test,windows,process_creation,,stealth,1,1
efdd8dd5-cee8-4e59-9390-7d4d5e4dd6f6,rules,high,test,windows,process_creation,,execution,1,1
aa2efee7-34dd-446e-8a37-40790a66efd7,rules,medium,test,windows,process_creation,,collection,1,0
5ce0f04e-3efc-42af-839d-5b3a543b76c0,rules,high,test,windows,process_creation,,persistence|stealth,1,0
ab9e3b40-0c85-4ba1-aede-455d226fd124,rules,high,test,windows,process_creation,,exfiltration,1,0
dd3ee8cc-f751-41c9-ba53-5a32ed47e563,rules,medium,test,windows,process_creation,,defense-impairment|persistence|privilege-escalation,1,0
8a3038e8-9c9d-46f8-b184-66234a160f6f,rules,medium,test,windows,process_creation,,lateral-movement,1,0
ad691d92-15f2-4181-9aa4-723c74f9ddc3,rules,high,test,windows,process_creation,,stealth,1,1
1228c958-e64e-4e71-92ad-7d429f4138ba,rules,high,test,windows,process_creation,,execution,1,1
0f60b28c-64dd-4e2c-9a63-5334d3e3a6e6,rules,high,experimental,windows,process_creation,,collection|credential-access|execution,1,1
f57f8d16-1f39-4dcb-a604-6c73d9b54b3d,rules,high,test,windows,process_creation,,impact,1,0
17a1be64-8d88-40bf-b5ff-a4f7a50ebcc8,rules,high,test,windows,process_creation,,persistence|privilege-escalation,1,0
883faa95-175a-4e22-8181-e5761aeb373c,rules,high,test,windows,process_creation,,stealth,1,0
ce72ef99-22f1-43d4-8695-419dcb5d9330,rules,high,test,windows,process_creation,,defense-impairment|impact,1,1
b17ea6f7-6e90-447e-a799-e6c0a493d6ce,rules,medium,test,windows,process_creation,,credential-access,1,1
c947b146-0abc-4c87-9c64-b17e9d7274a2,rules,high,stable,windows,process_creation,,impact|stealth,1,1
3a6586ad-127a-4d3b-a677-1e6eacdf8fde,rules,high,test,windows,process_creation,,execution|stealth,1,1
3c1b5fb0-c72f-45ba-abd1-4d4c353144ab,rules,medium,test,windows,process_creation,,privilege-escalation|stealth,1,0
e4a6b256-3e47-40fc-89d2-7a477edd6915,rules,high,test,windows,process_creation,,stealth,1,0
2617e7ed-adb7-40ba-b0f3-8f9945fe6c09,rules,high,test,windows,process_creation,,credential-access|privilege-escalation|stealth,1,1
05f3c945-dcc8-4393-9f3d-af65077a8f86,rules,medium,test,windows,process_creation,,credential-access,1,1
cc4e02ba-9c06-48e2-b09e-2500cace9ae0,rules,high,test,windows,process_creation,,execution|persistence|privilege-escalation|stealth,1,0
634b00d5-ccc3-4a06-ae3b-0ec8444dd51b,rules,low,test,windows,process_creation,,stealth,1,1
15c7904e-6ad1-4a45-9b46-5fb25df37fd2,rules,medium,test,windows,process_creation,,stealth,1,1
b655a06a-31c0-477a-95c2-3726b83d649d,rules,medium,test,windows,process_creation,,privilege-escalation|stealth,1,1
4bc90587-e6ca-4b41-be0b-ed4d04e4ed0c,rules,high,experimental,windows,process_creation,,command-and-control|persistence,1,1
91edcfb1-2529-4ac2-9ecc-7617f895c7e4,rules,medium,test,windows,process_creation,,execution|stealth,1,1
9fc51a3c-81b3-4fa7-b35f-7c02cf10fd2d,rules,medium,test,windows,process_creation,,execution,1,1
e9142d84-fbe0-401d-ac50-3e519fb00c89,rules,high,test,windows,process_creation,,discovery,1,0
0bbc6369-43e3-453d-9944-cae58821c173,rules,high,test,windows,process_creation,,stealth,1,1
16c37b52-b141-42a5-a3ea-bbe098444397,rules,high,test,windows,process_creation,,privilege-escalation|stealth,1,1
be58d2e2-06c8-4f58-b666-b99f6dc3b6cd,rules,high,test,windows,process_creation,,stealth,1,0
1012f107-b8f1-4271-af30-5aed2de89b39,rules,high,test,windows,process_creation,,initial-access|lateral-movement,1,0
f17211f1-1f24-4d0c-829f-31e28dc93cdd,rules,high,experimental,windows,process_creation,,privilege-escalation|stealth,1,0
01d2e2a1-5f09-44f7-9fc1-24faa7479b6d,rules,medium,test,windows,process_creation,,stealth,1,0
c625d754-6a3d-4f65-9c9a-536aea960d37,rules,medium,test,windows,process_creation,,discovery,1,1
9212f354-7775-4e28-9c9f-8f0a4544e664,rules,medium,test,windows,process_creation,,discovery,1,0
ef61af62-bc74-4f58-b49b-626448227652,rules,high,test,windows,process_creation,,discovery,1,0
7cccd811-7ae9-4ebe-9afd-cb5c406b824b,rules,low,test,windows,process_creation,,resource-development,1,1
a85f7765-698a-4088-afa0-ecfbf8d01fa4,rules,medium,test,windows,process_creation,,stealth,1,1
c7746f1c-47d3-43d6-8c45-cd1e54b6b0a2,rules,high,test,windows,process_creation,,stealth,1,1
2e65275c-8288-4ab4-aeb7-6274f58b6b20,rules,medium,test,windows,process_creation,,credential-access|stealth,1,1
79b06761-465f-4f88-9ef2-150e24d3d737,rules,high,test,windows,process_creation,,credential-access|stealth,1,1
5afee48e-67dd-4e03-a783-f74259dcf998,rules,high,stable,windows,process_creation,,credential-access|stealth,1,1
730fc21b-eaff-474b-ad23-90fd265d4988,rules,medium,test,windows,process_creation,,execution|lateral-movement,1,1
8834e2f7-6b4b-4f09-8906-d2276470ee23,rules,high,test,windows,process_creation,,resource-development,1,1
ea011323-7045-460b-b2d7-0f7442ea6b38,rules,high,test,windows,process_creation,,resource-development,1,0
fdfcbd78-48f1-4a4b-90ac-d82241e368c5,rules,medium,test,windows,process_creation,,execution,1,1
7c0dcd3d-acf8-4f71-9570-f448b0034f94,rules,high,test,windows,process_creation,,execution,1,1
aae1243f-d8af-40d8-ab20-33fc6d0c55bc,rules,medium,test,windows,process_creation,,discovery,1,1
3371f518-5fe3-4cf6-a14b-2a0ae3fd8a4f,rules,medium,test,windows,process_creation,,discovery|persistence|privilege-escalation,1,1
48bbc537-b652-4b4e-bd1d-281172df448f,rules,medium,test,windows,process_creation,,discovery|persistence|privilege-escalation,1,0
4beb6ae0-f85b-41e2-8f18-8668abc8af78,rules,high,test,windows,process_creation,,defense-impairment,1,0
a4824fca-976f-4964-b334-0621379e84c4,rules,high,test,windows,process_creation,,impact,1,0
207b0396-3689-42d9-8399-4222658efc99,rules,high,test,windows,process_creation,,resource-development,1,1
87911521-7098-470b-a459-9a57fc80bdfd,rules,medium,test,windows,process_creation,,defense-impairment,1,1
6a5f68d1-c4b5-46b9-94ee-5324892ea939,rules,high,test,windows,process_creation,,defense-impairment,1,1
7cce6fc8-a07f-4d84-a53e-96e1879843c9,rules,medium,test,windows,process_creation,,execution|stealth,1,0
d5b9ae7a-e6fc-405e-80ff-2ff9dcc64e7e,rules,medium,test,windows,process_creation,,execution,1,1
0ef56343-059e-4cb6-adc1-4c3c967c5e46,rules,low,test,windows,process_creation,,discovery,1,0
da92713f-ca2d-4fab-8320-098013d3f43a,rules,high,experimental,windows,process_creation,,defense-impairment,1,1
a383dec4-deec-4e6e-913b-ed9249670848,rules,high,test,windows,process_creation,,stealth,1,0
554601fb-9b71-4bcc-abf4-21a611be4fde,rules,medium,test,windows,process_creation,,defense-impairment,1,1
99793437-3e16-439b-be0f-078782cf953d,rules,medium,test,windows,process_creation,,exfiltration,1,1
418a3163-3247-4b7b-9933-dcfcb7c52ea9,rules,low,test,windows,process_creation,,collection|exfiltration,1,0
bf361876-6620-407a-812f-bfe11e51e924,rules,low,test,windows,process_creation,,collection|exfiltration,1,0
4a6713f6-3331-11ed-a261-0242ac120002,rules,high,test,windows,process_creation,,defense-impairment,1,0
34275eb8-fa19-436b-b959-3d9ecd53fa1f,rules,medium,test,windows,process_creation,,credential-access,1,0
9fff585c-c33e-4a86-b3cd-39312079a65f,rules,high,test,windows,process_creation,,stealth,1,0
3d7679bd-0c00-440c-97b0-3f204273e6c7,rules,low,test,windows,process_creation,,stealth,1,1
d2eb17db-1d39-41dc-b57f-301f6512fa75,rules,medium,test,windows,process_creation,,credential-access,1,0
c633622e-cab9-4eaa-bb13-66a1d68b3e47,rules,medium,test,windows,process_creation,,execution,1,1
9847f263-4a81-424f-970c-875dab15b79b,rules,high,test,windows,process_creation,,command-and-control,1,0
f72aa3e8-49f9-4c7d-bd74-f8ab84ff9bbb,rules,high,test,windows,process_creation,,lateral-movement,1,0
224f140f-3553-4cd1-af78-13d81bf9f7cc,rules,medium,test,windows,process_creation,,execution,1,1
503d581c-7df0-4bbe-b9be-5840c0ecc1fc,rules,high,test,windows,process_creation,,privilege-escalation,1,0
b697e69c-746f-4a86-9f59-7bfff8eab881,rules,high,test,windows,process_creation,,privilege-escalation,1,0
e66779cc-383e-4224-a3a4-267eeb585c40,rules,high,test,windows,process_creation,,privilege-escalation|stealth,1,1
4b60e6f2-bf39-47b4-b4ea-398e33cfe253,rules,high,stable,windows,process_creation,,execution|privilege-escalation|stealth,1,1
3c05e90d-7eba-4324-9972-5d7f711a60a8,rules,high,test,windows,process_creation,,privilege-escalation,1,0
1ca6bd18-0ba0-44ca-851c-92ed89a61085,rules,high,test,windows,process_creation,,privilege-escalation,1,0
853e74f9-9392-4935-ad3b-2e8c040dae86,rules,high,test,windows,process_creation,,privilege-escalation,1,0
30fc8de7-d833-40c4-96b6-28319fbc4f6c,rules,high,test,windows,process_creation,,privilege-escalation|stealth,1,0
7f741dcf-fc22-4759-87b4-9ae8376676a2,rules,high,test,windows,process_creation,,privilege-escalation,1,1
e52cb31c-10ed-4aea-bcb7-593c9f4a315b,rules,medium,test,windows,process_creation,,privilege-escalation,1,0
49f2f17b-b4c8-4172-a68b-d5bf95d05130,rules,high,test,windows,process_creation,,privilege-escalation,1,0
4cbef972-f347-4170-b62a-8253f6168e6d,rules,high,test,windows,process_creation,,execution|privilege-escalation,1,0
80fc36aa-945e-4181-89f2-2f907ab6775d,rules,high,test,windows,process_creation,,privilege-escalation,1,0
ad92e3f9-7eb6-460e-96b1-582b0ccbb980,rules,high,test,windows,process_creation,,privilege-escalation,1,0
39ed3c80-e6a1-431b-9df3-911ac53d08a7,rules,high,test,windows,process_creation,,privilege-escalation,1,0
a743ceba-c771-4d75-97eb-8a90f7f4844c,rules,high,test,windows,process_creation,,privilege-escalation,1,0
40f9af16-589d-4984-b78d-8c2aec023197,rules,medium,test,windows,process_creation,,privilege-escalation,1,0
4ac47ed3-44c2-4b1f-9d51-bf46e8914126,rules,critical,test,windows,process_creation,,privilege-escalation,1,0
7a01183d-71a2-46ad-ad5c-acd989ac1793,rules,high,test,windows,process_creation,,privilege-escalation,1,0
0058b9e5-bcd7-40d4-9205-95ca5a16d7b2,rules,high,test,windows,process_creation,,privilege-escalation,1,0
d797268e-28a9-49a7-b9a8-2f5039011c5c,rules,high,test,windows,process_creation,,privilege-escalation,1,1
89a9a0e0-f61a-42e5-8957-b1479565a658,rules,high,test,windows,process_creation,,privilege-escalation,1,0
145322e4-0fd3-486b-81ca-9addc75736d8,rules,medium,test,windows,process_creation,,command-and-control,1,0
871b9555-69ca-4993-99d3-35a59f9f3599,rules,high,test,windows,process_creation,,lateral-movement,1,0
f0f7be61-9cf5-43be-9836-99d6ef448a18,rules,high,test,windows,process_creation,,defense-impairment,1,1
8f3ab69a-aa22-4943-aa58-e0a52fdf6818,rules,high,experimental,windows,process_creation,,defense-impairment|persistence|privilege-escalation,1,1
0a98a10c-685d-4ab0-bddc-b6bdd1d48458,rules,high,test,windows,process_creation,,persistence|privilege-escalation,1,1
58f50261-c53b-4c88-bd12-1d71f12eda4c,rules,medium,test,windows,process_creation,,credential-access,1,0
921aa10f-2e74-4cca-9498-98f9ca4d6fdf,rules,medium,experimental,windows,process_creation,,defense-impairment|execution|persistence,1,0
d06be4b9-8045-428b-a567-740a26d9db25,rules,medium,test,windows,process_creation,,stealth,1,0
bab049ca-7471-4828-9024-38279a4c04da,rules,low,test,windows,process_creation,,stealth,1,1
b7b19cb6-9b32-4fc4-a108-73f19acfe262,rules,medium,test,windows,process_creation,,defense-impairment|persistence,1,1
7aa4e81a-a65c-4e10-9f81-b200eb229d7d,rules,medium,test,windows,process_creation,,execution|persistence,1,0
236d8e89-ed95-4789-a982-36f4643738ba,rules,high,test,windows,process_creation,,execution|persistence,1,0
5687f942-867b-4578-ade7-1e341c46e99a,rules,high,test,windows,process_creation,,execution|persistence,1,1
5a3164f2-b373-4152-93cf-090b13c12d27,rules,medium,test,windows,process_creation,,execution|stealth,1,1
90d6bd71-dffb-4989-8d86-a827fedd6624,rules,medium,test,windows,process_creation,,command-and-control,1,1
f4a623c2-4ef5-4c33-b811-0642f702c9f1,rules,medium,test,windows,process_creation,,command-and-control,1,1
2cf29f11-e356-4f61-98c0-1bdb9393d6da,rules,high,test,windows,process_creation,,command-and-control,1,0
30bf1789-379d-4fdc-900f-55cd0a90a801,rules,medium,test,windows,process_creation,,command-and-control,1,1
ac1c92b4-ac81-405a-9978-4604d78cc47e,rules,medium,test,windows,process_creation,,stealth,1,1
d7c75059-2901-4578-b209-8837fd31c6a8,rules,medium,experimental,windows,process_creation,,stealth,1,1
43103702-5886-11ed-9b6a-0242ac120002,rules,medium,test,windows,process_creation,,stealth,1,1
22154f0e-5132-4a54-aa78-cc62f6def531,rules,high,experimental,windows,process_creation,,defense-impairment,1,1
6da2c9f5-7c53-401b-aacb-92c040ce1215,rules,high,test,windows,process_creation,,discovery,1,0
395907ee-96e5-4666-af2e-2ca91688e151,rules,high,test,windows,process_creation,,execution|stealth,1,0
63d1ccc0-2a43-4f4b-9289-361b308991ff,rules,high,test,windows,process_creation,,execution|stealth,1,0
639c9081-f482-47d3-a0bd-ddee3d4ecd76,rules,high,test,windows,process_creation,,impact,1,0
89f75308-5b1b-4390-b2d8-d6b2340efaf8,rules,medium,test,windows,process_creation,,impact,1,1
8b93a509-1cb8-42e1-97aa-ee24224cdc15,rules,high,test,windows,process_creation,,credential-access,1,1
6fe4aa1e-0531-4510-8be2-782154b73b48,rules,medium,test,windows,process_creation,,impact,1,0
84972c80-251c-4c3a-9079-4f00aad93938,rules,high,test,windows,process_creation,,credential-access,1,0
1412aa78-a24c-4abd-83df-767dfb2c5bbe,rules,medium,test,windows,process_creation,,execution,1,0
fa3c117a-bc0d-416e-a31b-0c0e80653efb,rules,high,test,windows,process_creation,,discovery|persistence,1,0
4ebc877f-4612-45cb-b3a5-8e3834db36c9,rules,high,test,windows,process_creation,,discovery|persistence,1,0
bed2a484-9348-4143-8a8a-b801c979301c,rules,high,test,windows,process_creation,,discovery|persistence,1,0
8202070f-edeb-4d31-a010-a26c72ac5600,rules,high,test,windows,process_creation,,initial-access|persistence,1,1
f64e5c19-879c-4bae-b471-6d84c8339677,rules,high,test,windows,process_creation,,persistence,1,0
9a4ccd1a-3526-4d99-b980-9f9c5d3a6ff3,rules,high,test,windows,process_creation,,credential-access,1,1
fabfb3a7-3ce1-4445-9c7c-3c27f1051cdd,rules,medium,test,windows,process_creation,,execution|stealth,1,0
1f0b4cac-9c81-41f4-95d0-8475ff46b3e2,rules,high,experimental,windows,process_creation,,credential-access|defense-impairment,1,1
396f6630-f3ac-44e3-bfc8-1b161bc00c4e,rules,high,test,windows,process_creation,,privilege-escalation|stealth,1,0
5394fcc7-aeb2-43b5-9a09-cac9fc5edcd5,rules,high,test,windows,process_creation,,execution,1,0
17f0c0a8-8bd5-4ee0-8c5f-a342c0199f35,rules,high,test,windows,process_creation,,execution,1,0
a0d7e4d2-bede-4141-8896-bc6e237e977c,rules,high,test,windows,process_creation,,execution,1,0
40aa399c-7b02-4715-8e5f-73572b493f33,rules,high,test,windows,process_creation,,execution,1,0
725a9768-0f5e-4cb3-aec2-bc5719c6831a,rules,low,test,windows,process_creation,,discovery,1,0
c248c896-e412-4279-8c15-1c558067b6fa,rules,medium,test,windows,process_creation,,discovery,1,0
79ce34ca-af29-4d0e-b832-fc1b377020db,rules,high,test,windows,process_creation,,discovery|privilege-escalation,1,0
bd8b828d-0dca-48e1-8a63-8a58ecf2644f,rules,medium,test,windows,process_creation,,discovery,1,0
c30fb093-1109-4dc8-88a8-b30d11c95a5d,rules,medium,test,windows,process_creation,,discovery,1,0
8de1cbe8-d6f5-496d-8237-5f44a721c7a0,rules,medium,test,windows,process_creation,,discovery,1,1
97a80ec7-0e2f-4d05-9ef4-65760e634f6b,rules,high,test,windows,process_creation,,discovery|privilege-escalation,1,0
8de89e52-f6e1-4b5b-afd1-41ecfa300d48,rules,medium,test,windows,process_creation,,execution|persistence,1,1
05ebafc8-7aa2-4bcd-a269-2aec93f9e842,rules,medium,test,windows,process_creation,,execution,1,1
81a0ecb5-0a41-4ba1-b2ba-c944eb92bfa2,rules,high,test,windows,process_creation,,execution,1,1
c15a46a0-07d4-4c87-b4b6-89207835a83b,rules,medium,test,windows,process_creation,,execution,1,0
313d6012-51a0-4d93-8dfc-de8553239e25,rules,medium,test,windows,process_creation,,execution,1,1
1ac14d38-3dfc-4635-92c7-e3fd1c5f5bfc,rules,medium,test,windows,process_creation,,collection,1,1
146aace8-9bd6-42ba-be7a-0070d8027b76,rules,medium,test,windows,process_creation,,execution,1,0
4ede543c-e098-43d9-a28f-dd784a13132f,rules,medium,test,windows,process_creation,,collection,1,1
074e0ded-6ced-4ebd-8b4d-53f55908119d,rules,medium,test,windows,process_creation,,stealth,1,0
9df0dd3a-1a5c-47e3-a2bc-30ed177646a0,rules,medium,test,windows,process_creation,,stealth,1,0
734f8d9b-42b8-41b2-bcf5-abaf49d5a3c8,rules,medium,test,windows,process_creation,,execution|lateral-movement,1,1
5cc2cda8-f261-4d88-a2de-e9e193c86716,rules,high,test,windows,process_creation,,initial-access|persistence|privilege-escalation,1,1
bcfece3d-56fe-4545-9931-3b8e92927db1,rules,high,experimental,windows,process_creation,,lateral-movement|stealth,1,0
79df3f68-dccb-48e9-9171-b75cbc37c51d,rules,medium,experimental,windows,process_creation,,lateral-movement,1,1
e2e80da2-8c66-4e00-ae3c-2eebd29f6b6d,rules,medium,test,windows,process_creation,,collection,1,0
9cfc00b6-bfb7-49ce-9781-ef78503154bb,rules,medium,experimental,windows,process_creation,,stealth,1,0
797011dc-44f4-4e6f-9f10-a8ceefbe566b,rules,critical,test,windows,process_creation,,persistence|privilege-escalation,1,0
7864a175-3654-4824-9f0d-f0da18ab27c0,rules,medium,experimental,windows,process_creation,,execution|persistence|privilege-escalation,1,1
ec1d5e28-8f3b-4188-a6f8-6e8df81dc28e,rules,medium,test,windows,process_creation,,persistence|privilege-escalation,1,1
ebef4391-1a81-4761-a40a-1db446c0e625,rules,high,test,windows,process_creation,,persistence|privilege-escalation,1,1
51cbac1e-eee3-4a90-b1b7-358efb81fa0a,rules,high,test,windows,process_creation,,defense-impairment|execution,1,0
526be59f-a573-4eea-b5f7-f0973207634d,rules,medium,test,windows,process_creation,,execution,1,0
9d7ca793-f6bd-471c-8d0f-11e68b2f0d2f,rules,medium,test,windows,process_creation,,discovery|execution,1,0
3e3ceccd-6c06-48b8-b5ff-ab1d25db8c1d,rules,medium,test,windows,process_creation,,execution,1,0
164eda96-11b2-430b-85ff-6a265c15bf32,rules,low,test,windows,process_creation,,discovery,1,0
dfd2fcb7-8bd5-4daa-b132-5adb61d6ad45,rules,medium,test,windows,process_creation,,execution,1,0
221b251a-357a-49a9-920a-271802777cc0,rules,medium,test,windows,process_creation,,discovery|execution,1,0
15434e33-5027-4914-88d5-3d4145ec25a9,rules,medium,test,windows,process_creation,,execution,1,0
e568650b-5dcd-4658-8f34-ded0b1e13992,rules,medium,test,windows,process_creation,,discovery|execution,1,1
76f55eaa-d27f-4213-9d45-7b0e4b60bbae,rules,medium,test,windows,process_creation,,execution,1,0
9d5a1274-922a-49d0-87f3-8c653483b909,rules,medium,test,windows,process_creation,,discovery,1,0
68bcd73b-37ef-49cb-95fc-edc809730be6,rules,medium,test,windows,process_creation,,execution,1,0
c79da740-5030-45ec-a2e0-479e824a562c,rules,medium,test,windows,process_creation,,discovery|execution,1,0
7773b877-5abb-4a3e-b9c9-fd0369b59b00,rules,medium,test,windows,process_creation,,execution,1,0
0b7163dc-7eee-4960-af17-c0cd517f92da,rules,medium,test,windows,process_creation,,execution,1,0
c0514f28-fdae-42df-b886-06e2b2bc5b37,rules,medium,experimental,windows,process_creation,,defense-impairment|execution,1,1
8d63dadf-b91b-4187-87b6-34a1114577ea,rules,high,test,windows,process_creation,,execution|stealth,1,0
a0e417e2-2fa1-40da-b6d2-e094cd5e1191,rules,medium,experimental,windows,process_creation,,discovery|execution,1,1
c453ab7a-1f5c-4716-a3b4-dea8135fb43a,rules,medium,experimental,windows,process_creation,,defense-impairment|execution|persistence,1,1
e1693bc8-7168-4eab-8718-cdcaa68a1738,rules,high,test,windows,process_creation,,execution|stealth,1,0
3c89a1e8-0fba-449e-8f1b-8409d6267ec8,rules,high,test,windows,process_creation,,execution,1,0
49d9671b-0a0a-4c09-8280-d215bfd30662,rules,medium,test,windows,process_creation,,execution,1,0
b53317a0-8acf-4fd1-8de8-a5401e776b96,rules,medium,test,windows,process_creation,,execution,1,0
847d5ff3-8a31-4737-a970-aeae8fe21765,rules,high,test,windows,process_creation,,defense-impairment,1,1
05c36dd6-79d6-4a9a-97da-3db20298ab2d,rules,medium,test,windows,process_creation,,execution|stealth,1,1
d21374ff-f574-44a7-9998-4a8c8bf33d7d,rules,medium,stable,windows,process_creation,,execution,1,1
692f0bec-83ba-4d04-af7e-e884a96059b6,rules,medium,stable,windows,process_creation,,execution,1,0
8a582fe2-0882-4b89-a82a-da6b2dc32937,rules,high,test,windows,process_creation,,execution|stealth,1,0
4abc0ec4-db5a-412f-9632-26659cddf145,rules,high,test,windows,process_creation,,persistence|stealth,1,1
cea72823-df4d-4567-950c-0b579eaf0846,rules,medium,test,windows,process_creation,,execution,1,1
b6676963-0353-4f88-90f5-36c20d443c6a,rules,medium,test,windows,process_creation,,execution,1,1
99b7460d-c9f1-40d7-a316-1f36f61d52ee,rules,high,test,windows,process_creation,,execution,1,0
2267fe65-0681-42ad-9a6d-46553d3f3480,rules,medium,test,windows,process_creation,,execution|stealth,1,0
eca8ae39-5c3c-4321-b538-9e64fe25822e,rules,high,experimental,windows,process_creation,,execution,1,1
6f1a11aa-4b8a-4b7f-9e13-4d3e4ff0e0d4,rules,high,experimental,windows,process_creation,,stealth,1,1
ed825c86-c009-4014-b413-b76003e33d35,rules,medium,test,windows,process_creation,,execution|stealth,1,0
af77cf95-c469-471c-b6a0-946c685c4798,rules,high,test,windows,process_creation,,execution|stealth,1,0
52d097e2-063e-4c9c-8fbb-855c8948d135,rules,high,test,windows,process_creation,,stealth,1,0
c74c0390-3e20-41fd-a69a-128f0275a5ea,rules,high,test,windows,process_creation,,execution,1,0
ef64fc9c-a45e-43cc-8fd8-7d75d73b4c99,rules,high,test,windows,process_creation,,execution,1,0
193d5ccd-6f59-40c6-b5b0-8e32d5ddd3d1,rules,high,test,windows,process_creation,,execution|persistence|privilege-escalation|stealth,1,1
53d4bb30-3f36-4e8a-b078-69d36c4a79ff,rules,medium,test,windows,process_creation,,stealth,1,0
c4b890e5-8d8c-4496-8c66-c805753817cd,rules,medium,test,windows,process_tampering,,privilege-escalation|stealth,1,0
db809f10-56ce-4420-8c86-d6a7d793c79c,rules,low,test,windows,raw_access_thread,,stealth,1,0
d4f4e0be-cf12-439f-9e25-4e2cdcf7df5a,rules,medium,test,windows,registry_add,,persistence,1,1
72a0369a-2576-4aaf-bfc9-6bb24a574ac6,rules,medium,experimental,windows,registry_delete,,defense-impairment,1,1
d645ef86-2396-48a1-a2b6-b629ca3f57ff,rules,high,experimental,windows,registry_delete,,defense-impairment,1,0
5dfc1465-8f65-4fde-8eb5-6194380c6a62,rules,medium,test,windows,registry_delete,,collection,1,1
272e55a4-9e6b-4211-acb6-78f51f0b1b40,rules,high,test,windows,registry_delete,,defense-impairment,1,1
07bdd2f5-9c58-4f38-aec8-e101bb79ef8d,rules,high,test,windows,registry_delete,,defense-impairment|persistence|stealth,1,0
41d1058a-aea7-4952-9293-29eaaf516465,rules,high,test,windows,registry_delete,,defense-impairment,1,0
96f697b0-b499-4e5d-9908-a67bec11cdb6,rules,medium,test,windows,registry_delete,,defense-impairment|persistence,1,1
3a9b8c1e-5b2e-4f7a-9d1c-2a7f3b6e1c55,rules,high,experimental,windows,registry_delete,,stealth,1,0
526cc8bc-1cdc-48ad-8b26-f19bff969cec,rules,medium,test,windows,registry_delete,,defense-impairment,1,0
acd74772-5f88-45c7-956b-6a7b36c294d2,rules,medium,test,windows,registry_delete,,defense-impairment,1,0
460479f3-80b7-42da-9c43-2cc1d54dbccd,rules,high,test,windows,registry_event,,persistence,1,0
6ea3bf32-9680-422d-9f50-e90716b12a66,rules,high,test,windows,registry_event,,privilege-escalation,1,0
b6d235fc-1d38-4b12-adbe-325f06728f37,rules,high,stable,windows,registry_event,,execution|stealth,1,1
5a9e1b2c-8f7d-4a1e-9b3c-0f6d7e5a4b1f,rules,high,experimental,windows,registry_event,,defense-impairment,1,1
919f2ef0-be2d-4a7a-b635-eb2b41fde044,rules,high,test,windows,registry_event,,defense-impairment|persistence,1,0
1a2d6c47-75b0-45bd-b133-2c0be75349fd,rules,high,test,windows,registry_event,,defense-impairment|persistence,1,0
5aad0995-46ab-41bd-a9ff-724f41114971,rules,high,test,windows,registry_event,,credential-access,1,0
a6b33c02-8305-488f-8585-03cb2a7763f2,rules,critical,test,windows,registry_event,,credential-access,1,0
ac8866c7-ce44-46fd-8c17-b24acff96ca8,rules,high,test,windows,registry_event,,resource-development,1,0
f7f9ab88-7557-4a69-b30e-0a8f91b3a0e7,rules,critical,test,windows,registry_event,,defense-impairment|execution|persistence,1,0
1c8e96cd-2bed-487d-9de0-b46c90cade56,rules,high,test,windows,registry_event,,defense-impairment|persistence,1,0
67a6c006-3fbe-46a7-9074-2ba3b82c3000,rules,medium,test,windows,registry_event,,persistence|privilege-escalation,1,1
f663a6d9-9d1b-49b8-b2b1-0637914d199a,rules,high,test,windows,registry_event,,persistence|privilege-escalation,1,0
d67572a0-e2ec-45d6-b8db-c100d14b8ef2,rules,high,test,windows,registry_event,,defense-impairment|persistence,1,1
6aa1d992-5925-4e9f-a49b-845e51d1de01,rules,medium,test,windows,registry_event,,persistence|privilege-escalation,1,0
4f84b697-c9ed-4420-8ab5-e09af5b2345d,rules,medium,test,windows,registry_event,,persistence|privilege-escalation,1,0
3d27f6dd-1c74-4687-b4fa-ca849d128d1c,rules,medium,test,windows,registry_event,,persistence,1,0
295a59c1-7b79-4b47-a930-df12c15fc9c2,rules,medium,test,windows,registry_event,,initial-access,1,1
277efb8f-60be-4f10-b4d3-037802f37167,rules,high,test,windows,registry_event,,persistence|privilege-escalation,1,0
a54f842a-3713-4b45-8c84-5f136fdebd3c,rules,medium,test,windows,registry_event,,command-and-control|lateral-movement,1,1
5b175490-b652-4b02-b1de-5b5b4083c5f8,rules,high,test,windows,registry_event,,defense-impairment|persistence,1,0
b98968aa-dbc0-4a9c-ac35-108363cbf8d5,rules,high,test,windows,registry_event,,persistence|privilege-escalation,1,0
c74d7efc-8826-45d9-b8bb-f04fac9e4eff,rules,medium,test,windows,registry_event,,defense-impairment|persistence,1,1
152f3630-77c1-4284-bcc0-4cc68ab2f6e7,rules,high,test,windows,registry_event,,persistence|privilege-escalation,1,0
55e29995-75e7-451a-bef0-6225e2f13597,rules,critical,test,windows,registry_event,,credential-access,1,0
eeb30123-9fbd-4ee8-aaa0-2e545bbed6dc,rules,high,test,windows,registry_event,,persistence|privilege-escalation,1,0
baca5663-583c-45f9-b5dc-ea96a22ce542,rules,critical,test,windows,registry_event,,persistence|privilege-escalation,1,0
9577edbb-851f-4243-8c91-1d5b50c1a39b,rules,medium,test,windows,registry_event,,persistence|privilege-escalation|stealth,1,1
9c5037d1-c568-49b3-88c7-9846a5bdc2be,rules,high,test,windows,registry_event,,persistence|privilege-escalation,1,1
b3503044-60ce-4bf4-bbcb-e3db98788823,rules,high,test,windows,registry_event,,execution|persistence|privilege-escalation,1,0
62120148-6b7a-42be-8b91-271c04e281a3,rules,high,test,windows,registry_event,,collection,1,1
7f4c43f9-b1a5-4c7d-b24a-b41bf3a3ebf2,rules,medium,experimental,windows,registry_event,,defense-impairment|execution|persistence,1,1
4d431012-2ab5-4db7-a84e-b29809da2172,rules,medium,test,windows,registry_set,,defense-impairment,1,1
1547e27c-3974-43e2-a7d7-7f484fb928ec,rules,high,test,windows,registry_set,,stealth,1,0
944e8941-f6f6-4ee8-ac05-1c224e923c0e,rules,medium,test,windows,registry_set,,persistence|privilege-escalation,1,0
092af964-4233-4373-b4ba-d86ea2890288,rules,medium,test,windows,registry_set,,persistence,1,1
37b437cf-3fc5-4c8e-9c94-1d7c9aff842b,rules,medium,test,windows,registry_set,,defense-impairment|persistence,1,1
160d2780-31f7-4922-8b3a-efce30e63e96,rules,high,test,windows,registry_set,,defense-impairment,1,0
aa37cbb0-da36-42cb-a90f-fdf216fc7467,rules,high,experimental,windows,registry_set,,defense-impairment,1,0
9df5f547-c86a-433e-b533-f2794357e242,rules,medium,test,windows,registry_set,,persistence|privilege-escalation,1,1
f59c3faf-50f3-464b-9f4c-1b67ab512d99,rules,medium,test,windows,registry_set,,persistence|privilege-escalation,1,1
f674e36a-4b91-431e-8aef-f8a96c2aca35,rules,medium,test,windows,registry_set,,persistence|privilege-escalation,1,1
20f0ee37-5942-4e45-b7d5-c5b5db9df5cd,rules,medium,test,windows,registry_set,,persistence|privilege-escalation,1,1
cbf93e5d-ca6c-4722-8bea-e9119007c248,rules,medium,test,windows,registry_set,,persistence|privilege-escalation,1,1
a80f662f-022f-4429-9b8c-b1a41aaa6688,rules,medium,test,windows,registry_set,,persistence|privilege-escalation,1,1
baecf8fb-edbf-429f-9ade-31fc3f22b970,rules,medium,test,windows,registry_set,,persistence|privilege-escalation,1,1
046218bd-e0d8-4113-a3c3-895a12b2b298,rules,medium,test,windows,registry_set,,persistence|privilege-escalation,1,1
e7a2fd40-3ae1-4a85-bf80-15cf624fb1b1,rules,medium,test,windows,registry_set,,persistence|privilege-escalation,1,1
d6c2ce7e-afb5-4337-9ca4-4b5254ed0565,rules,medium,test,windows,registry_set,,persistence|privilege-escalation,1,1
b29aed60-ebd1-442b-9cb5-16a1d0324adb,rules,medium,test,windows,registry_set,,persistence|privilege-escalation,1,1
18f2065c-d36c-464a-a748-bcf909acb2e3,rules,medium,test,windows,registry_set,,persistence|privilege-escalation,1,1
480421f9-417f-4d3b-9552-fd2728443ec8,rules,medium,test,windows,registry_set,,persistence|privilege-escalation,1,1
53330955-dc52-487f-a3a2-da24dcff99b5,rules,medium,test,windows,registry_set,,defense-impairment|persistence,1,1
992dd79f-dde8-4bb0-9085-6350ba97cfb3,rules,medium,test,windows,registry_set,,defense-impairment|persistence,1,1
cd277474-5c52-4423-a52b-ac2d7969902f,rules,medium,test,windows,registry_set,,defense-impairment|persistence,1,1
46dd5308-4572-4d12-aa43-8938f0184d4f,rules,high,test,windows,registry_set,,privilege-escalation,1,0
674202d0-b22a-4af4-ae5f-2eda1f3da1af,rules,high,test,windows,registry_set,,persistence|privilege-escalation,1,0
724ea201-6514-4f38-9739-e5973c34f49a,rules,high,test,windows,registry_set,,privilege-escalation,1,0
509e84b9-a71a-40e0-834f-05470369bd1e,rules,high,test,windows,registry_set,,persistence|privilege-escalation,1,0
45e112d0-7759-4c2a-aa36-9f8fb79d3393,rules,medium,test,windows,registry_set,,persistence,1,1
4916a35e-bfc4-47d0-8e25-a003d7067061,rules,high,test,windows,registry_set,,defense-impairment,1,1
7d9263bd-dc47-4a58-bc92-5474abab390c,rules,high,test,windows,registry_set,,defense-impairment,1,0
b64a026b-8deb-4c1d-92fd-98893209dff1,rules,high,test,windows,registry_set,,initial-access|persistence,1,0
ac9159cc-c364-4304-8f0a-d63fc1a0aabb,rules,medium,test,windows,registry_set,,defense-impairment|persistence,1,1
61a7697c-cb79-42a8-a2ff-5f0cdfae0130,rules,high,test,windows,registry_set,,execution|lateral-movement|persistence|privilege-escalation,1,0
07743f65-7ec9-404a-a519-913db7118a8d,rules,high,test,windows,registry_set,,persistence|privilege-escalation,1,0
2ff692c2-4594-41ec-8fcb-46587de769e0,rules,medium,test,windows,registry_set,,defense-impairment|persistence|stealth,1,1
8839e550-52d7-4958-9f2f-e13c1e736838,rules,high,experimental,windows,registry_set,,defense-impairment|persistence,1,1
a07f0359-4c90-4dc4-a681-8ffea40b4f47,rules,high,test,windows,registry_set,,defense-impairment|persistence,1,0
73921b9c-cafd-4446-b0c6-fdb0ace42bc0,rules,high,experimental,windows,registry_set,,defense-impairment,1,0
7530b96f-ad8e-431d-a04d-ac85cc461fdc,rules,high,test,windows,registry_set,,stealth,1,0
9827ae57-3802-418f-994b-d5ecf5cd974b,rules,medium,test,windows,registry_set,,execution|persistence|privilege-escalation|stealth,1,1
a982fc9c-6333-4ffb-a51d-addb04e8b529,rules,medium,test,windows,registry_set,,defense-impairment,1,1
85b88e05-dadc-430b-8a9e-53ff1cd30aae,rules,medium,test,windows,registry_set,,defense-impairment|impact|persistence,1,1
31e124fb-5dc4-42a0-83b3-44a69c77b271,rules,high,test,windows,registry_set,,defense-impairment,1,0
8b7273a4-ba5d-4d8a-b04f-11f2900d043a,rules,high,test,windows,registry_set,,defense-impairment,1,1
7f2954d2-99c2-4d42-a065-ca36740f187b,rules,high,test,windows,registry_set,,defense-impairment,1,0
9d3436ef-9476-4c43-acca-90ce06bdf33a,rules,high,test,windows,registry_set,,defense-impairment|execution|persistence|privilege-escalation|stealth,1,0
c7dcacd0-cc59-4004-b0a4-1d6cdebe6f3e,rules,medium,test,windows,registry_set,,stealth,1,0
f37b4bce-49d0-4087-9f5b-58bffda77316,rules,high,test,windows,registry_set,,defense-impairment,1,0
974515da-6cc5-4c95-ae65-f97f9150ec7f,rules,medium,test,windows,registry_set,,defense-impairment,1,0
e2482f8d-3443-4237-b906-cc145d87a076,rules,medium,test,windows,registry_set,,defense-impairment|persistence,1,1
ab871450-37dc-4a3a-997f-6662aa8ae0f1,rules,high,test,windows,registry_set,,defense-impairment,1,0
0372e1f9-0fd2-40f7-be1b-a7b2b848fa7b,rules,medium,test,windows,registry_set,,defense-impairment,1,1
3ae1a046-f7db-439d-b7ce-b8b366b81fa6,rules,medium,test,windows,registry_set,,defense-impairment|persistence,1,0
5de03871-5d46-4539-a82d-3aa992a69a83,rules,high,test,windows,registry_set,,impact,1,0
e1aa95de-610a-427d-b9e7-9b46cfafbe6a,rules,high,test,windows,registry_set,,defense-impairment,1,1
ba226dcf-d390-4642-b9af-b534872f1156,rules,high,experimental,windows,registry_set,,defense-impairment|persistence|privilege-escalation,1,1
e78c408a-e2ea-43cd-b5ea-51975cf358c0,rules,medium,test,windows,registry_set,,defense-impairment,1,0
2f78da12-f7c7-430b-8b19-a28f269b77a3,rules,high,test,windows,registry_set,,defense-impairment,1,1
bf9e1387-b040-4393-9851-1598f8ecfae9,rules,medium,test,windows,registry_set,,defense-impairment,1,0
fcddca7c-b9c0-4ddf-98da-e1e2d18b0157,rules,high,test,windows,registry_set,,defense-impairment,1,1
8ffc5407-52e3-478f-9596-0a7371eafe13,rules,high,test,windows,registry_set,,defense-impairment,1,0
93d298a1-d28f-47f1-a468-d971e7796679,rules,medium,test,windows,registry_set,,defense-impairment,1,0
275641a5-a492-45e2-a817-7c81e9d9d3e9,rules,medium,test,windows,registry_set,,defense-impairment|persistence,1,0
d4e2745c-f0c6-4bde-a3ab-b553b3f693cc,rules,medium,test,windows,registry_set,,persistence,1,0
04b45a8a-d11d-49e4-9acc-4a1b524407a5,rules,medium,test,windows,registry_set,,defense-impairment|persistence|stealth,1,0
e61e8a88-59a9-451c-874e-70fcc9740d67,rules,high,test,windows,registry_set,,defense-impairment|execution|persistence|privilege-escalation|stealth,1,0
bf4fc428-dcc3-4bbd-99fe-2422aeee2544,rules,high,test,windows,registry_set,,defense-impairment|persistence,1,0
b61e87c0-50db-4b2e-8986-6a2be94b33b0,rules,high,test,windows,registry_set,,credential-access|defense-impairment|persistence,1,0
973ef012-8f1a-4c40-93b4-7e659a5cd17f,rules,medium,test,windows,registry_set,,collection,1,1
75180c5f-4ea1-461a-a4f6-6e4700c065d4,rules,medium,test,windows,registry_set,,collection,1,1
ad89044a-8f49-4673-9a55-cbd88a1b374f,rules,medium,test,windows,registry_set,,execution|persistence|privilege-escalation|stealth,0,0
7d995e63-ec83-4aa3-89d5-8a17b5c87c86,rules,medium,test,windows,registry_set,,defense-impairment,1,1
0cb8d736-995d-4ce7-a31e-1e8d452a1459,rules,high,test,windows,registry_set,,defense-impairment,1,0
42205c73-75c8-4a63-9db1-e3782e06fda0,rules,high,test,windows,registry_set,,defense-impairment,1,0
e3fdf743-f05b-4051-990a-b66919be1743,rules,high,test,windows,registry_set,,defense-impairment|persistence,1,0
9e3357ba-09d4-4fbd-a7c5-ad6386314513,rules,high,test,windows,registry_set,,defense-impairment|persistence,1,0
44a22d59-b175-4f13-8c16-cbaef5b581ff,rules,high,test,windows,registry_set,,stealth,1,0
4fee3d51-8069-4a4c-a0f7-924fcaff2c70,rules,high,experimental,windows,registry_set,,execution,1,0
833ef470-fa01-4631-a79b-6f291c9ac498,rules,high,test,windows,registry_set,,persistence,1,1
f10ed525-97fe-4fed-be7c-2feecca941b1,rules,high,test,windows,registry_set,,persistence,1,0
5df86130-4e95-4a54-90f7-26541b40aec2,rules,medium,test,windows,registry_set,,persistence,1,1
5a5152f1-463f-436b-b2f5-8eceb3964b42,rules,medium,test,windows,registry_set,,stealth,1,0
5a93eb65-dffa-4543-b761-94aa60098fb6,rules,medium,test,windows,registry_set,,defense-impairment|persistence,1,1
5b16df71-8615-4f7f-ac9b-6c43c0509e61,rules,high,test,windows,registry_set,,defense-impairment,1,0
555155a2-03bf-4fe7-af74-d176b3fdbe16,rules,high,test,windows,registry_set,,stealth,1,1
3fd4c8d7-8362-4557-a8e6-83b29cc0d724,rules,high,test,windows,registry_set,,stealth,1,0
b888e3f2-224d-4435-b00b-9dd66e9ea1f1,rules,high,test,windows,registry_set,,defense-impairment,1,1
9d8f9bb8-01af-4e15-a3a2-349071530530,rules,high,test,windows,registry_set,,defense-impairment,1,0
d223b46b-5621-4037-88fe-fda32eead684,rules,medium,test,windows,registry_set,,impact,1,0
ab567429-1dfb-4674-b6d2-979fd2f9d125,rules,medium,test,windows,registry_set,,defense-impairment,1,1
8b9606c9-28be-4a38-b146-0e313cc232c1,rules,high,test,windows,registry_set,,impact,1,0
3aff0be0-7802-4a7e-a4fa-c60c74bc5e1d,rules,high,test,windows,registry_set,,command-and-control,1,0
d6ce7ebd-260b-4323-9768-a9631c8d4db2,rules,high,test,windows,registry_set,,defense-impairment|persistence,1,0
33efc23c-6ea2-4503-8cfe-bdf82ce8f719,rules,high,test,windows,registry_set,,credential-access,1,1
28036918-04d3-423d-91c0-55ecf99fb892,rules,high,test,windows,registry_set,,defense-impairment|persistence,1,0
e7b18879-676e-4a0e-ae18-27039185a8e7,rules,high,test,windows,registry_set,,persistence|privilege-escalation,1,0
c90362e0-2df3-4e61-94fe-b37615814cb1,rules,medium,test,windows,registry_set,,persistence|privilege-escalation,1,1
60936b49-fca0-4f32-993d-7415edcf9a5d,rules,informational,test,windows,registry_set,,execution,1,1
0442defa-b4a2-41c9-ae2c-ea7042fc4701,rules,medium,test,windows,registry_set,,credential-access,1,1
3390fbef-c98d-4bdd-a863-d65ed7c610dd,rules,low,test,windows,registry_set,,persistence,1,0
e4d22291-f3d5-4b78-9a0c-a1fbaf32a6a4,rules,high,test,windows,registry_set,,credential-access|persistence,1,0
1a5c46e9-f32f-42f7-b2bc-6e9084db7fbf,rules,high,test,windows,registry_set,,defense-impairment|persistence,1,0
a5c7a43f-6009-4a8c-80c5-32abf1c53ecc,rules,high,test,windows,registry_set,,defense-impairment,1,0
17e53739-a1fc-4a62-b1b9-87711c2d5e44,rules,high,test,windows,registry_set,,defense-impairment,1,0
63647769-326d-4dde-a419-b925cc0caf42,rules,medium,test,windows,registry_set,,execution,1,0
396ae3eb-4174-4b9b-880e-dc0364d78a19,rules,high,test,windows,registry_set,,command-and-control|persistence|privilege-escalation,1,0
e3b50fa5-3c3f-444e-937b-0a99d33731cd,rules,high,test,windows,registry_set,,command-and-control|persistence|privilege-escalation,1,0
6763c6c8-bd01-4687-bc8d-4fa52cf8ba08,rules,high,test,windows,registry_set,,defense-impairment|persistence,1,0
c3cefdf4-6703-4e1c-bad8-bf422fc5015a,rules,medium,test,windows,registry_set,,persistence,1,1
a166f74e-bf44-409d-b9ba-ea4b2dd8b3cd,rules,high,test,windows,registry_set,,defense-impairment|persistence,1,0
f742bde7-9528-42e5-bd82-84f51a8387d2,rules,high,test,windows,registry_set,,defense-impairment|persistence,1,1
91239011-fe3c-4b54-9f24-15c86bb65913,rules,high,test,windows,registry_set,,defense-impairment|persistence,1,0
0e6a9e62-627e-496c-aef5-bfa39da29b5e,rules,low,test,windows,registry_set,,stealth,1,0
33efc23c-6ea2-4503-8cfe-bdf82ce8f705,rules,medium,test,windows,registry_set,,persistence,1,1
b86852fb-4c77-48f9-8519-eb1b2c308b59,rules,medium,test,windows,registry_set,,persistence|privilege-escalation,1,1
707e097c-e20f-4f67-8807-1f72ff4500d6,rules,high,test,windows,registry_set,,persistence|privilege-escalation,1,1
df4dc653-1029-47ba-8231-3c44238cc0ae,rules,medium,test,windows,registry_set,,persistence|privilege-escalation,1,0
e6fe26ee-d063-4f5b-b007-39e90aaf50e3,rules,high,test,windows,registry_set,,persistence,1,0
976dd1f2-a484-45ec-aa1d-0e87e882262b,rules,high,test,windows,registry_set,,persistence,1,0
790317c0-0a36-4a6a-a105-6e576bf99a14,rules,high,experimental,windows,registry_set,,persistence|privilege-escalation,1,0
9b0f8a61-91b2-464f-aceb-0527e0a45020,rules,medium,test,windows,registry_set,,persistence|privilege-escalation,1,1
243380fa-11eb-4141-af92-e14925e77c1b,rules,high,test,windows,registry_set,,persistence|privilege-escalation,1,0
fdbf0b9d-0182-4c43-893b-a1eaab92d085,rules,medium,test,windows,registry_set,,defense-impairment|persistence,1,1
a1e11042-a74a-46e6-b07c-c4ce8ecc239b,rules,medium,test,windows,registry_set,,defense-impairment|persistence,1,0
36803969-5421-41ec-b92f-8500f79c23b0,rules,high,test,windows,registry_set,,persistence|privilege-escalation,1,0
d88d0ab2-e696-4d40-a2ed-9790064e66b3,rules,low,test,windows,registry_set,,defense-impairment|persistence,1,0
b23818c7-e575-4d13-8012-332075ec0a2b,rules,medium,test,windows,registry_set,,persistence,1,1
9ace0707-b560-49b8-b6ca-5148b42f39fb,rules,medium,test,windows,registry_set,,lateral-movement|persistence|privilege-escalation,1,1
41f6531d-af6e-4c6e-918f-b946f2b85a36,rules,high,test,windows,registry_set,,persistence,1,0
92772523-d9c1-4c93-9547-b0ca500baba3,rules,high,test,windows,registry_set,,persistence,1,1
8fbe98a8-8f9d-44f8-aa71-8c572e29ef06,rules,high,test,windows,registry_set,,persistence,1,1
a1b1fd53-9c4a-444c-bae0-34a330fc7aa8,rules,high,test,windows,registry_set,,persistence,1,0
9d15044a-7cfe-4d23-8085-6ebc11df7685,rules,medium,test,windows,registry_set,,persistence,1,1
ddd171b5-2cc6-4975-9e78-f0eccd08cc76,rules,high,test,windows,registry_set,,defense-impairment|persistence,1,0
487bb375-12ef-41f6-baae-c6a1572b4dd1,rules,high,test,windows,registry_set,,defense-impairment|persistence,1,0
0cf2e1c6-8d10-4273-8059-738778f981ad,rules,high,test,windows,registry_set,,stealth,1,0
fe20dda1-6f37-4379-bbe0-a98d400cae90,rules,medium,test,windows,registry_set,,persistence|privilege-escalation,1,1
dfb5b4e8-91d0-4291-b40a-e3b0d3942c45,rules,medium,test,windows,registry_set,,persistence|privilege-escalation,1,1
bf344fea-d947-4ef4-9192-34d008315d3a,rules,high,test,windows,registry_set,,persistence|privilege-escalation,1,0
6b6976a3-b0e6-4723-ac24-ae38a737af41,rules,high,test,windows,registry_set,,persistence|privilege-escalation,1,0
086ae989-9ca6-4fe7-895a-759c5544f247,rules,high,test,windows,registry_set,,persistence,1,0
961e33d1-4f86-4fcf-80ab-930a708b2f82,rules,high,test,windows,registry_set,,persistence,1,0
a9b6c011-ab69-4ddb-bc0a-c4f21c80ec47,rules,high,test,windows,registry_set,,defense-impairment,1,0
ee77a5db-b0f3-4be2-bfd4-b58be1c6b15a,rules,high,test,windows,registry_set,,defense-impairment,1,0
f5fe36cf-f1ec-4c23-903d-09a3110f6bbb,rules,high,experimental,windows,registry_set,,execution,1,1
c0e0bdec-3e3d-47aa-9974-05539c999c89,rules,high,experimental,windows,registry_set,,defense-impairment|execution|persistence|privilege-escalation|stealth,1,0
4a5f5a5e-ac01-474b-9b4e-d61298c9df1d,rules,high,test,windows,registry_set,,execution,1,0
8218c875-90b9-42e2-b60d-0b0069816d10,rules,low,test,windows,registry_set,,execution,1,0
fad91067-08c5-4d1a-8d8c-d96a21b37814,rules,medium,test,windows,registry_set,,defense-impairment,1,0
8d85cf08-bf97-4260-ba49-986a2a65129c,rules,medium,test,windows,registry_set,,persistence|privilege-escalation,1,1
fecfd1a1-cc78-4313-a1ea-2ee2e8ec27a7,rules,high,test,windows,registry_set,,defense-impairment|persistence|stealth,1,0
7021255e-5db3-4946-a8b9-0ba7a4644a69,rules,high,test,windows,registry_set,,stealth,1,0
25ffa65d-76d8-4da5-a832-3f2b0136e133,rules,low,test,windows,registry_set,,resource-development,1,1
f50f3c09-557d-492d-81db-9064a8d4e211,rules,high,test,windows,registry_set,,resource-development,1,0
c7da8edc-49ae-45a2-9e61-9fd860e4e73d,rules,medium,test,windows,registry_set,,resource-development,1,1
8023f872-3f1d-4301-a384-801889917ab4,rules,high,test,windows,registry_set,,resource-development,1,0
90f342e1-1aaa-4e43-b092-39fda57ed11e,rules,low,test,windows,registry_set,,defense-impairment|persistence,1,0
a7df0e9e-91a5-459a-a003-4cde67c2ff5d,rules,high,test,windows,registry_set,,execution,1,0
40b6e656-4e11-4c0c-8772-c1cc6dae34ce,rules,medium,test,windows,registry_set,,stealth,1,1
6c304b02-06e6-402d-8be4-d5833cdf8198,rules,medium,test,windows,registry_set,,persistence,1,0
612e47e9-8a59-43a6-b404-f48683f45bd6,rules,medium,test,windows,registry_set,,persistence|privilege-escalation,1,1
4f281b83-0200-4b34-bf35-d24687ea57c2,rules,low,test,windows,registry_set,,defense-impairment|persistence,1,0
1c3121ed-041b-4d97-a075-07f54f20fb4a,rules,medium,test,windows,registry_set,,defense-impairment|persistence,1,1
5a2b21ee-6aaa-4234-ac9d-59a59edf90a1,rules,medium,test,windows,registry_set,,defense-impairment|persistence,1,1
9f4662ac-17ca-43aa-8f12-5d7b989d0101,rules,high,test,windows,registry_set,,defense-impairment,1,1
f8aebc67-a56d-4ec9-9fbe-7b0e8b7b4efd,rules,high,test,windows,registry_set,,stealth,1,0
0c93308a-3f1b-40a9-b649-57ea1a1c1d63,rules,medium,test,windows,registry_set,,defense-impairment|persistence,1,0
34aa0252-6039-40ff-951f-939fd6ce47d8,rules,medium,test,windows,registry_set,,resource-development,1,1
4eec988f-7bf0-49f1-8675-1e6a510b3a2a,rules,medium,test,windows,registry_set,,stealth,1,1
e0813366-0407-449a-9869-a2db1119dc41,rules,high,test,windows,registry_set,,execution|persistence|privilege-escalation|stealth,1,1
b7916c2a-fa2f-4795-9477-32b731f70f11,rules,high,test,windows,registry_set,,persistence|privilege-escalation,1,0
02ee49e2-e294-4d0f-9278-f5b3212fc588,rules,high,experimental,windows,registry_set,,persistence|privilege-escalation,1,1
7a1b4c5e-8f3d-4b9a-7c2e-1f4a5b8c6d9e,rules,high,experimental,windows,registry_set,,execution|stealth,1,0
f2485272-a156-4773-82d7-1d178bc4905b,rules,medium,test,windows,registry_set,,defense-impairment,1,1
9e8894c0-0ae0-11ef-9d85-1f2942bec57c,rules,medium,experimental,windows,registry_set,,persistence|privilege-escalation,1,1
8f2a5c3d-9e4b-4a7c-8d1f-2e5a6b9c3d7e,rules,high,experimental,windows,registry_set,,execution|stealth,1,0
9c226817-8dc9-46c2-a58d-66655aafd7dc,rules,high,test,windows,registry_set,,persistence|privilege-escalation,1,0
1f1d8209-636e-4c6c-a137-781cca8b82f9,rules,medium,experimental,windows,registry_set,,defense-impairment|execution,1,0
966315ef-c5e1-4767-ba25-fce9c8de3660,rules,high,test,windows,registry_set,,persistence|stealth,1,0
c420410f-c2d8-4010-856b-dffe21866437,rules,high,test,windows,registry_set,,defense-impairment|persistence,1,0
4720b7df-40c3-48fd-bbdf-fd4b3c464f0d,rules,high,test,windows,registry_set,,execution|persistence|privilege-escalation,1,0
73a883d0-0348-4be4-a8d8-51031c2564f8,rules,high,test,windows,registry_set,,execution|persistence|privilege-escalation,1,0
a2863fbc-d5cb-48d5-83fb-d976d4b1743b,rules,medium,test,windows,registry_set,,defense-impairment|persistence,1,1
3f6b7b62-61aa-45db-96bd-9c31b36b653c,rules,high,test,windows,registry_set,,defense-impairment|persistence,1,1
e88a6ddc-74f7-463b-9b26-f69fc0d2ce85,rules,high,test,windows,registry_set,,persistence|privilege-escalation,1,0
439957a7-ad86-4a8f-9705-a28131c6821b,rules,medium,test,windows,registry_set,,stealth,1,1
dc5c24af-6995-49b2-86eb-a9ff62199e82,rules,medium,test,windows,registry_set,,persistence|privilege-escalation,1,0
b110ebaf-697f-4da1-afd5-b536fa27a2c1,rules,high,test,windows,registry_set,,stealth,1,0
7c81fec3-1c1d-43b0-996a-46753041b1b6,rules,high,test,windows,registry_set,,privilege-escalation,1,0
5b872a46-3b90-45c1-8419-f675db8053aa,rules,high,test,windows,registry_set,,privilege-escalation,1,0
6597be7b-ac61-4ac8-bef4-d3ec88174853,rules,high,test,windows,registry_set,,privilege-escalation,1,0
5f9db380-ea57-4d1e-beab-8a2d33397e93,rules,high,test,windows,registry_set,,privilege-escalation,1,0
48437c39-9e5f-47fb-af95-3d663c3f2919,rules,medium,stable,windows,registry_set,,privilege-escalation,1,0
c5f6a85d-b647-40f7-bbad-c10b66bab038,rules,medium,test,windows,registry_set,,privilege-escalation,1,0
0d7ceeef-3539-4392-8953-3dc664912714,rules,medium,test,windows,registry_set,,privilege-escalation,1,0
46490193-1b22-4c29-bdd6-5bf63907216f,rules,high,test,windows,registry_set,,persistence|privilege-escalation,1,0
d526c60a-e236-4011-b165-831ffa52ab70,rules,high,experimental,windows,registry_set,,defense-impairment,1,1
fc014922-5def-4da9-a0fc-28c973f41bfb,rules,high,test,windows,registry_set,,stealth,1,0
d6a9b252-c666-4de6-8806-5561bbbd3bdc,rules,high,test,windows,registry_set,,defense-impairment|persistence,1,0
0eb46774-f1ab-4a74-8238-1155855f2263,rules,high,test,windows,registry_set,,defense-impairment,1,1
6db5eaf9-88f7-4ed9-af7d-9ef2ad12f236,rules,low,test,windows,registry_set,,defense-impairment|persistence,1,1
fa277e82-9b78-42dd-b05c-05555c7b6015,rules,medium,test,windows,registry_set,,persistence|stealth,1,1
f7997770-92c3-4ec9-b112-774c4ef96f96,rules,medium,test,windows,registry_set,,defense-impairment|persistence,1,1
bbf59793-6efb-4fa1-95ca-a7d288e52c88,rules,high,test,windows,registry_set,,persistence|privilege-escalation,1,0
8ac03a65-6c84-4116-acad-dc1558ff7a77,rules,medium,test,windows,,sysmon,defense-impairment,1,1
815cd91b-7dbc-4247-841a-d7dd1392b0a8,rules,high,test,windows,sysmon_error,,stealth,1,1
1f2b5353-573f-4880-8e33-7d04dcf97744,rules,high,test,windows,sysmon_status,,stealth,1,1
23b71bc5-953e-4971-be4c-c896cda73fc2,rules,high,test,windows,,sysmon,defense-impairment,1,0
c3e5c1b1-45e9-4632-b242-27939c170239,rules,high,test,windows,,sysmon,defense-impairment,1,0
693a44e9-7f26-4cb6-b787-214867672d3a,rules,medium,test,windows,,sysmon,defense-impairment,1,1
0f06a3a5-6a09-413f-8743-e6cf35561297,rules,medium,test,windows,wmi_event,,persistence|privilege-escalation,1,1
83844185-1c5b-45bc-bcf3-b5bf3084ca5b,rules,high,test,windows,wmi_event,,execution|persistence|privilege-escalation,1,0
fe21810c-2a8c-478f-8dd3-5a287fb2a0e0,rules,high,test,windows,wmi_event,,execution,1,1
a4a899e8-fd7a-49dd-b5a8-7044def72d61,rules-emerging-threats,critical,test,,webserver,,initial-access,1,1
a133193c-2daa-4a29-8022-018695fcf0ae,rules-emerging-threats,high,test,,webserver,,initial-access|persistence,1,0
f0b70adb-0075-43b0-9745-e82a1c608fcc,rules-emerging-threats,critical,test,windows,process_creation,,execution|stealth,1,0
c601f20d-570a-4cde-a7d6-e17f99cb8e7f,rules-emerging-threats,critical,test,windows,process_creation,,discovery|execution|lateral-movement,1,0
9e2e51c5-c699-4794-ba5a-29f5da40ac0c,rules-emerging-threats,critical,test,windows,process_creation,,execution|persistence|privilege-escalation|stealth,1,0
7993792c-5ce2-4475-a3db-a3a5539827ef,rules-emerging-threats,critical,stable,windows,process_creation,,stealth,1,0
864403a1-36c9-40a2-a982-4c9a45f7d833,rules-emerging-threats,medium,test,windows,process_creation,,execution|initial-access,1,1
678eb5f4-8597-4be6-8be7-905e4234b53a,rules-emerging-threats,critical,stable,windows,process_creation,,execution|initial-access,1,0
fdd84c68-a1f6-47c9-9477-920584f94905,rules-emerging-threats,critical,test,windows,process_creation,,execution|initial-access,1,0
1fac1481-2dbc-48b2-9096-753c49b4ec71,rules-emerging-threats,high,test,windows,process_creation,,execution,0,0
cb062102-587e-4414-8efa-dbe3c7bf19c6,rules-emerging-threats,critical,test,windows,,security,execution|persistence|privilege-escalation,1,0
3d4aebe0-6d29-45b2-a8a4-3dfde586a26d,rules-emerging-threats,high,test,windows,process_creation,,execution|stealth,1,0
b7967e22-3d7e-409b-9ed5-cdae3f9243a1,rules-emerging-threats,high,test,windows,process_access,,privilege-escalation|stealth,1,0
79aeeb41-8156-4fac-a0cd-076495ab82a1,rules-emerging-threats,critical,test,windows,process_creation,,credential-access|defense-impairment|stealth,1,0
aeab5ec5-be14-471a-80e8-e344418305c2,rules-emerging-threats,high,test,windows,process_creation,,execution|persistence|privilege-escalation|stealth,1,0
9e987c6c-4c1e-40d8-bd85-dd26fba8fdd6,rules-emerging-threats,high,test,windows,,system,persistence|privilege-escalation,1,0
41d40bff-377a-43e2-8e1b-2e543069e079,rules-emerging-threats,critical,test,windows,process_creation,,defense-impairment|discovery|impact|lateral-movement,1,0
966e4016-627f-44f7-8341-f394905c361f,rules-emerging-threats,high,test,windows,process_creation,,execution,1,0
18da1007-3f26-470f-875d-f77faf1cab31,rules-emerging-threats,high,test,windows,process_creation,,stealth,1,1
881834a4-6659-4773-821e-1c151789d873,rules-emerging-threats,high,test,,firewall,,command-and-control|exfiltration,1,0
3f7f5b0b-5b16-476c-a85f-ab477f6dd24b,rules-emerging-threats,high,test,windows,process_creation,,stealth,1,0
47e0852a-cf81-4494-a8e6-31864f8c86ed,rules-emerging-threats,critical,test,windows,registry_event,,command-and-control,1,0
739915e4-1e70-4778-8b8a-17db02f66db1,rules-emerging-threats,critical,test,windows,pipe_created,,execution,1,0
1df8b3da-b0ac-4d8a-b7c7-6cb7c24160e4,rules-emerging-threats,high,test,windows,,system,persistence|privilege-escalation,1,0
1228f8e2-7e79-4dea-b0ad-c91f1d5016c1,rules-emerging-threats,critical,test,windows,,system,persistence|privilege-escalation,1,0
a2e97350-4285-43f2-a63f-d0daff291738,rules-emerging-threats,critical,test,,webserver,,initial-access,1,0
4c9d903d-4939-4094-ade0-3cb748f4d7da,rules-emerging-threats,medium,test,linux,,sshd,reconnaissance,1,0
37e8369b-43bb-4bf8-83b6-6dd43bda2000,rules-emerging-threats,critical,test,,webserver,,initial-access|persistence,1,0
e507feb7-5f73-4ef6-a970-91bb6f6d744f,rules-emerging-threats,critical,test,windows,process_creation,,execution,1,0
9aa01d62-7667-4d3b-acb8-8cb5103e2014,rules-emerging-threats,critical,test,windows,process_creation,,execution|persistence|privilege-escalation|stealth,1,0
ba778144-5e3d-40cf-8af9-e28fb1df1e20,rules-emerging-threats,high,test,windows,process_creation,,execution|stealth,1,0
3a3f81ca-652c-482b-adeb-b1c804727f74,rules-emerging-threats,critical,stable,windows,file_event,,stealth,1,0
7453575c-a747-40b9-839b-125a0aae324b,rules-emerging-threats,critical,stable,windows,process_creation,,execution|stealth,1,0
4ac5fc44-a601-4c06-955b-309df8c4e9d4,rules-emerging-threats,critical,test,windows,registry_event,,defense-impairment|persistence,1,0
36222790-0d43-4fe8-86e4-674b27809543,rules-emerging-threats,high,test,windows,process_creation,,execution|stealth,1,0
ce6e34ca-966d-41c9-8d93-5b06c8b97a06,rules-emerging-threats,critical,test,windows,process_creation,,command-and-control|defense-impairment|execution|persistence|privilege-escalation,1,0
7bdf2a7c-3acc-4091-9581-0a77dad1c5b5,rules-emerging-threats,critical,test,windows,registry_event,,command-and-control|defense-impairment|execution|persistence|privilege-escalation,1,0
c0580559-a6bd-4ef6-b9b7-83703d98b561,rules-emerging-threats,critical,test,windows,,security,command-and-control|defense-impairment|execution|persistence|privilege-escalation,1,0
53ba33fd-3a50-4468-a5ef-c583635cfa92,rules-emerging-threats,critical,test,windows,,system,command-and-control|defense-impairment|execution|persistence|privilege-escalation,1,0
958d81aa-8566-4cea-a565-59ccd4df27b0,rules-emerging-threats,medium,test,windows,process_creation,,execution|persistence|privilege-escalation,1,0
c5a178bf-9cfb-4340-b584-e4df39b6a3e7,rules-emerging-threats,medium,test,windows,,security,execution|persistence|privilege-escalation,1,0
8c7090c3-e0a0-4944-bd08-08c3a0cecf79,rules-emerging-threats,high,stable,windows,process_creation,,execution,0,0
931b6802-d6a6-4267-9ffa-526f57f22aaf,rules-emerging-threats,high,test,windows,process_creation,,execution|persistence|privilege-escalation,1,0
8400629e-79a9-4737-b387-5db940ab2367,rules-emerging-threats,high,test,windows,,security,lateral-movement,1,0
aaa5b30d-f418-420b-83a0-299cb6024885,rules-emerging-threats,medium,test,windows,,system,lateral-movement,1,1
2dbc10d7-a797-49a8-8776-49efa6442e60,rules-emerging-threats,critical,test,,webserver,,initial-access,1,0
1c373b6d-76ce-4553-997d-8c1da9a6b5f5,rules-emerging-threats,high,test,windows,process_creation,,execution|persistence|privilege-escalation|stealth,1,0
02e0b2ea-a597-428e-b04a-af6a1a403e5c,rules-emerging-threats,critical,stable,windows,process_creation,,privilege-escalation,1,0
7fcc54cb-f27d-4684-84b7-436af096f858,rules-emerging-threats,critical,test,linux,,sudo,privilege-escalation,1,0
f74107df-b6c6-4e80-bf00-4170b658162b,rules-emerging-threats,high,test,linux,process_creation,,privilege-escalation,1,0
ac5a6409-8c89-44c2-8d64-668c29a2d756,rules-emerging-threats,critical,test,,webserver,,initial-access,1,0
e9bc39ae-978a-4e49-91ab-5bd481fc668b,rules-emerging-threats,critical,test,,webserver,,initial-access,1,0
2b30fa36-3a18-402f-a22d-bf4ce2189f35,rules-emerging-threats,high,test,windows,process_creation,,discovery|execution|stealth,1,0
fb502828-2db0-438e-93e6-801c7548686d,rules-emerging-threats,high,test,,proxy,,command-and-control,1,0
e6eb5a96-9e6f-4a18-9cdd-642cfda21c8e,rules-emerging-threats,critical,stable,windows,process_creation,,discovery|privilege-escalation|stealth,1,0
f1531fa4-5b84-4342-8f68-9cf3fdbd83d4,rules-emerging-threats,critical,stable,windows,process_creation,,impact,1,0
d02e8cf5-6099-48cf-9bfc-1eec2d0c7b18,rules-emerging-threats,high,stable,windows,process_creation,,execution|stealth,1,0
032f5fb3-d959-41a5-9263-4173c802dc2b,rules-emerging-threats,high,test,windows,process_creation,,resource-development,1,0
74db3488-fd28-480a-95aa-b7af626de068,rules-emerging-threats,critical,stable,windows,process_creation,,impact,1,0
4fcac6eb-0287-4090-8eea-2602e4c20040,rules-emerging-threats,critical,stable,windows,process_creation,,execution,1,0
c37510b8-2107-4b78-aa32-72f251e7a844,rules-emerging-threats,high,stable,windows,process_creation,,persistence|privilege-escalation,1,0
5325945e-f1f0-406e-97b8-65104d393fff,rules-emerging-threats,high,stable,windows,process_creation,,execution,1,1
932ac737-33ca-4afd-9869-0d48b391fcc9,rules-emerging-threats,critical,stable,,proxy,,command-and-control|execution|initial-access,1,0
a36ce77e-30db-4ea0-8795-644d7af5dfb4,rules-emerging-threats,high,stable,,proxy,,command-and-control,1,0
21f17060-b282-4249-ade0-589ea3591558,rules-emerging-threats,high,test,windows,registry_add,,defense-impairment|execution|persistence,1,0
bd70d3f8-e60e-4d25-89f0-0b5a9cff20e0,rules-emerging-threats,medium,test,windows,process_creation,,stealth,1,0
03e2746e-2b31-42f1-ab7a-eb39365b2422,rules-emerging-threats,critical,test,windows,process_creation,,collection|credential-access|lateral-movement,1,0
5ba715b6-71b7-44fd-8245-f66893e81b3d,rules-emerging-threats,high,test,,proxy,,command-and-control|exfiltration,1,0
b83f5166-9237-4b5e-9cd4-7b5d52f4d8ee,rules-emerging-threats,critical,stable,windows,process_creation,,credential-access,1,0
10152a7b-b566-438f-a33c-390b607d1c8d,rules-emerging-threats,high,test,windows,process_creation,,stealth,1,0
d465d1d8-27a2-4cca-9621-a800f37cf72e,rules-emerging-threats,critical,stable,windows,process_creation,,stealth,1,0
2d87d610-d760-45ee-a7e6-7a6f2a65de00,rules-emerging-threats,high,test,windows,process_creation,,resource-development,1,0
1cfac73c-be78-4f9a-9b08-5bde0c3953ab,rules-emerging-threats,high,test,windows,process_creation,,discovery|execution|persistence|privilege-escalation|stealth,1,1
74ad4314-482e-4c3e-b237-3f7ed3b9ca8d,rules-emerging-threats,high,test,windows,,security,discovery|execution|persistence|privilege-escalation|stealth,1,1
7c64e577-d72e-4c3d-9d75-8de6d1f9146a,rules-emerging-threats,high,test,,webserver,,initial-access,1,0
fce2c2e2-0fb5-41ab-a14c-5391e1fd70a5,rules-emerging-threats,critical,test,,webserver,,initial-access,1,0
d6266bf5-935e-4661-b477-78772735a7cb,rules-emerging-threats,high,test,windows,,application,initial-access,1,0
5a35116f-43bc-4901-b62d-ef131f42a9af,rules-emerging-threats,critical,test,,webserver,,initial-access,1,0
846b866e-2a57-46ee-8e16-85fa92759be7,rules-emerging-threats,high,test,windows,process_creation,,execution|initial-access,1,0
cc08d590-8b90-413a-aff6-31d1a99678d7,rules-emerging-threats,high,test,windows,process_creation,,execution|persistence,1,1
7ec912f2-5175-4868-b811-ec13ad0f8567,rules-emerging-threats,high,test,windows,registry_set,,defense-impairment|execution|persistence,1,1
b5281f31-f9cc-4d0d-95d0-45b91c45b487,rules-emerging-threats,critical,test,windows,process_creation,,execution|initial-access,1,1
dcc6a01e-9471-44a0-a699-71ea96f8ed8b,rules-emerging-threats,high,test,windows,process_creation,,execution|lateral-movement,1,0
85d466b0-d74c-4514-84d3-2bdd3327588b,rules-emerging-threats,high,test,,webserver,,initial-access,1,0
15c312b9-00d0-4feb-8870-7d940a4bdc5e,rules-emerging-threats,high,test,,webserver,,initial-access,1,0
aba47adc-4847-4970-95c1-61dce62a8b29,rules-emerging-threats,high,test,,webserver,,initial-access,1,0
44b53b1c-e60f-4a7b-948e-3435a7918478,rules-emerging-threats,critical,test,,webserver,,initial-access,1,0
0d0d9a8a-a49e-4e27-b061-7ce4b936cfb7,rules-emerging-threats,critical,test,,webserver,,initial-access,1,0
c3198a27-23a0-4c2c-af19-e5328d49680e,rules-emerging-threats,high,test,windows,process_creation,,defense-impairment|execution|persistence,1,0
92b0b372-a939-44ed-a11b-5136cf680e27,rules-emerging-threats,high,test,windows,registry_set,,defense-impairment|execution|persistence,1,0
7857f021-007f-4928-8b2c-7aedbe64bb82,rules-emerging-threats,high,test,,proxy,,command-and-control,1,0
54e57ce3-0672-46eb-a402-2c0948d5e3e9,rules-emerging-threats,critical,test,windows,process_creation,,stealth,1,0
5118765f-6657-4ddb-a487-d7bd673abbf1,rules-emerging-threats,critical,test,windows,registry_event,,defense-impairment|persistence,1,0
7b544661-69fc-419f-9a59-82ccc328f205,rules-emerging-threats,high,test,windows,process_creation,,defense-impairment,1,0
29fd07fc-9cfd-4331-b7fd-cc18dfa21052,rules-emerging-threats,critical,test,windows,process_creation,,execution|impact,1,0
58bf96d9-ff5f-44bd-8dcc-1c4f79bf3a27,rules-emerging-threats,high,stable,windows,process_creation,,execution,1,0
8acf3cfa-1e8c-4099-83de-a0c4038e18f0,rules-emerging-threats,critical,test,windows,process_creation,,stealth,1,0
440a56bf-7873-4439-940a-1c8a671073c2,rules-emerging-threats,high,test,windows,process_creation,,command-and-control|credential-access,1,0
3db10f25-2527-4b79-8d4b-471eb900ee29,rules-emerging-threats,high,test,windows,,dns-server-analytic,command-and-control|credential-access,1,0
3711eee4-a808-4849-8a14-faf733da3612,rules-emerging-threats,critical,test,windows,process_creation,,command-and-control|execution|stealth,1,0
24c4d154-05a4-4b99-b57d-9b977472443a,rules-emerging-threats,critical,test,windows,process_creation,,execution,1,0
70d43542-cd2d-483c-8f30-f16b436fd7db,rules-emerging-threats,critical,test,windows,registry_event,,persistence|privilege-escalation,0,0
9be34ad0-b6a7-4fbd-91cf-fc7ec1047f5f,rules-emerging-threats,high,test,windows,process_creation,,execution,1,0
b7155193-8a81-4d8f-805d-88de864ca50c,rules-emerging-threats,critical,test,windows,process_creation,,execution,1,0
20c3f09d-c53d-4e85-8b74-6aa50e2f1b61,rules-emerging-threats,high,test,windows,process_creation,,persistence|privilege-escalation,1,0
a2cee20b-eacc-459f-861d-c02e5d12f1db,rules-emerging-threats,critical,test,,webserver,,persistence,1,0
d1aa3382-abab-446f-96ea-4de52908210b,rules-emerging-threats,high,test,windows,process_creation,,execution|privilege-escalation|stealth,1,0
3121461b-5aa0-4a41-b910-66d25524edbb,rules-emerging-threats,critical,test,windows,process_creation,,execution|persistence|privilege-escalation|stealth,1,0
73d70463-75c9-4258-92c6-17500fe972f2,rules-emerging-threats,critical,stable,windows,process_creation,,execution|persistence|privilege-escalation|stealth,1,1
6fe1719e-ecdf-4caf-bffe-4f501cb0a561,rules-emerging-threats,critical,stable,,antivirus,,privilege-escalation|stealth,1,1
5b2bbc47-dead-4ef7-8908-0cf73fcbecbf,rules-emerging-threats,high,test,windows,file_delete,,execution|persistence|privilege-escalation|stealth,1,0
2131cfb3-8c12-45e8-8fa0-31f5924e9f07,rules-emerging-threats,critical,test,windows,file_event,,execution|privilege-escalation|resource-development,1,0
02fb90de-c321-4e63-a6b9-25f4b03dfd14,rules-emerging-threats,informational,test,windows,image_load,,execution|persistence|privilege-escalation|stealth,1,1
ba6b9e43-1d45-4d3c-a504-1043a64c8469,rules-emerging-threats,critical,test,windows,registry_event,,execution,1,1
4e64668a-4da1-49f5-a8df-9e2d5b866718,rules-emerging-threats,high,test,windows,,printservice-admin,execution,1,1
f34d942d-c8c4-4f1f-b196-22471aecf10a,rules-emerging-threats,critical,test,windows,,printservice-operational,execution,1,0
8fe1c584-ee61-444b-be21-e9054b229694,rules-emerging-threats,critical,test,windows,,security,execution,1,0
7b33baef-2a75-4ca3-9da4-34f9a15382d8,rules-emerging-threats,medium,stable,zeek,,dce_rpc,execution,1,1
f0500377-bc70-425d-ac8c-e956cd906871,rules-emerging-threats,critical,test,,webserver,,initial-access,1,0
687f6504-7f44-4549-91fc-f07bab065821,rules-emerging-threats,critical,test,,webserver,,initial-access,1,0
179ed852-0f9b-4009-93a7-68475910fd86,rules-emerging-threats,high,test,,webserver,,initial-access,1,1
77586a7f-7ea4-4c41-b19c-820140b84ca9,rules-emerging-threats,high,test,,webserver,,initial-access,1,0
b014ea07-8ea0-4859-b517-50a4e5b7ecec,rules-emerging-threats,high,test,,webserver,,initial-access,1,1
f425637f-891c-4191-a6c4-3bb1b70513b4,rules-emerging-threats,critical,test,,webserver,,initial-access,1,0
5525edac-f599-4bfd-b926-3fa69860e766,rules-emerging-threats,high,stable,,webserver,,initial-access,1,1
245f92e3-c4da-45f1-9070-bc552e06db11,rules-emerging-threats,high,test,windows,process_creation,,execution|initial-access,1,0
38825179-3c78-4fed-b222-2e2166b926b1,rules-emerging-threats,high,test,,webserver,,initial-access,1,0
b9888738-29ed-4c54-96a4-f38c57b84bb3,rules-emerging-threats,high,test,,webserver,,initial-access,1,0
cd479ccc-d8f0-4c66-ba7d-e06286f3f887,rules-emerging-threats,high,stable,windows,process_creation,,execution,1,0
b06335b3-55ac-4b41-937e-16b7f5d57dfd,rules-emerging-threats,high,test,windows,file_event,,execution,1,0
effee1f6-a932-4297-a81f-acb44064fa3a,rules-emerging-threats,critical,test,,webserver,,initial-access,1,0
0bbcd74b-0596-41a4-94a0-4e88a76ffdb3,rules-emerging-threats,medium,test,,webserver,,initial-access,1,1
a2a9d722-0acb-4096-bccc-daaf91a5037b,rules-emerging-threats,critical,test,,webserver,,initial-access,1,0
56973b50-3382-4b56-bdf5-f51a3183797a,rules-emerging-threats,critical,test,,webserver,,initial-access,1,0
ad7085ac-92e4-4b76-8ce2-276d2c0e68ef,rules-emerging-threats,critical,test,windows,file_event,,credential-access|execution|initial-access,1,0
32b5db62-cb5f-4266-9639-0fa48376ac00,rules-emerging-threats,critical,test,windows,registry_set,,credential-access|execution|initial-access,1,0
75578840-9526-4b2a-9462-af469a45e767,rules-emerging-threats,critical,test,windows,process_creation,,persistence,1,0
ab6b1a39-a9ee-4ab4-b075-e83acf6e346b,rules-emerging-threats,high,stable,zeek,,http,execution|initial-access|lateral-movement|privilege-escalation,1,1
0506a799-698b-43b4-85a1-ac4c84c720e9,rules-emerging-threats,high,test,linux,,auth,privilege-escalation,1,0
60c0a111-787a-4e8a-9262-ee485f3ef9d5,rules-emerging-threats,high,test,windows,file_event,,resource-development,1,0
894397c6-da03-425c-a589-3d09e7d1f750,rules-emerging-threats,high,test,windows,process_creation,,execution,1,0
868955d9-697e-45d4-a3da-360cefd7c216,rules-emerging-threats,high,test,windows,process_creation,,execution|stealth,1,0
6702b13c-e421-44cc-ab33-42cc25570f11,rules-emerging-threats,high,test,,webserver,,initial-access,1,0
fcbb4a77-f368-4945-b046-4499a1da69d1,rules-emerging-threats,critical,test,,webserver,,initial-access|persistence,1,0
3be82d5d-09fe-4d6a-a275-0d40d234d324,rules-emerging-threats,critical,test,windows,file_event,,privilege-escalation,1,1
af8bbce4-f751-46b4-8d91-82a33a736f61,rules-emerging-threats,critical,test,windows,process_creation,,privilege-escalation,1,0
7dbb86de-a0cc-494c-8aa8-b2996c9ef3c8,rules-emerging-threats,high,test,windows,,application,initial-access,1,1
3007fec6-e761-4319-91af-e32e20ac43f5,rules-emerging-threats,high,test,,webserver,,initial-access,1,0
20c6ed1c-f7f0-4ea3-aa65-4f198e6acb0f,rules-emerging-threats,high,test,,webserver,,initial-access,1,1
44bbff3e-4ca3-452d-a49a-6efa4cafa06f,rules-emerging-threats,medium,test,windows,,system,credential-access,1,0
45eb2ae2-9aa2-4c3a-99a5-6e5077655466,rules-emerging-threats,high,test,windows,,security,persistence|privilege-escalation|stealth,1,0
e80a0fee-1a62-4419-b31e-0d0db6e6013a,rules-emerging-threats,medium,test,windows,,system,credential-access,1,0
c92f1896-d1d2-43c3-92d5-7a5b35c217bb,rules-emerging-threats,high,test,windows,,msexchange-management,lateral-movement,1,1
7b72b328-5708-414f-9a2a-6a6867c26e16,rules-emerging-threats,critical,test,,webserver,,initial-access,1,1
7b501acf-fa98-4272-aa39-194f82edc8a3,rules-emerging-threats,high,test,windows,file_event,,execution,1,0
3eb91f0a-0060-424a-a676-59f5fdd75610,rules-emerging-threats,high,test,windows,process_creation,,initial-access,1,0
5ea8faa8-db8b-45be-89b0-151b84c82702,rules-emerging-threats,high,test,,webserver,,initial-access,1,1
9be472ed-893c-4ec0-94da-312d2765f654,rules-emerging-threats,high,test,,webserver,,initial-access,1,1
23eee45e-933b-49f9-ae1b-df706d2d52ef,rules-emerging-threats,high,test,,webserver,,initial-access,1,0
992be1eb-e5da-437e-9a54-6d13b57bb4d8,rules-emerging-threats,critical,test,,webserver,,initial-access,1,0
a4eaf250-7dc1-4842-862a-5e71cd59a167,rules-emerging-threats,high,test,windows,process_creation,,defense-impairment|privilege-escalation,1,1
c01f7bd6-0c1d-47aa-9c61-187b91273a16,rules-emerging-threats,critical,test,windows,process_creation,,privilege-escalation,1,0
6f55f047-112b-4101-ad32-43913f52db46,rules-emerging-threats,high,test,,webserver,,initial-access,1,0
999e8307-a775-4d5f-addc-4855632335be,rules-emerging-threats,high,test,windows,process_creation,,execution|impact|stealth,1,0
83314318-052a-4c90-a1ad-660ece38d276,rules-emerging-threats,high,test,windows,registry_set,,defense-impairment|persistence,1,0
7b30e0a7-c675-4b24-8a46-82fa67e2433d,rules-emerging-threats,high,test,windows,process_creation,,resource-development,1,0
aa92fd02-09f2-48b0-8a93-864813fb8f41,rules-emerging-threats,high,test,windows,process_creation,,collection,1,0
689308fc-cfba-4f72-9897-796c1dc61487,rules-emerging-threats,critical,test,windows,process_creation,,impact,1,0
2f47f1fd-0901-466e-a770-3b7092834a1b,rules-emerging-threats,high,test,windows,process_creation,,collection,1,0
965fff6c-1d7e-4e25-91fd-cdccd75f7d2c,rules-emerging-threats,critical,test,windows,process_creation,,execution,1,1
93d5f1b4-36df-45ed-8680-f66f242b8415,rules-emerging-threats,high,test,windows,file_event,,stealth,1,0
e8954be4-b2b8-4961-be18-da1a5bda709c,rules-emerging-threats,high,test,windows,process_creation,,stealth,1,0
514c50c9-373a-46e5-9012-f0327c526c8f,rules-emerging-threats,high,test,,proxy,,command-and-control,1,0
640dc51c-7713-4faa-8a0e-e7c0d9d4654c,rules-emerging-threats,critical,test,windows,image_load,,resource-development,1,0
f0bafe60-1240-4798-9e60-4364b97e6bad,rules-emerging-threats,high,test,windows,file_event,,execution|stealth,1,0
477a5ed3-a374-4282-9f3b-ed94e159a108,rules-emerging-threats,high,test,windows,process_creation,,execution,1,0
bdbab15a-3826-48fa-a1b7-723cd8f32fcc,rules-emerging-threats,high,test,windows,process_creation,,stealth,1,0
4f573bb6-701a-4b8d-91db-87ae106e9a61,rules-emerging-threats,high,test,,proxy,,command-and-control,1,0
8c15dd74-9570-4f48-80b2-29996fd91ee6,rules-emerging-threats,critical,test,windows,,system,persistence,1,0
a1507d71-0b60-44f6-b17c-bf53220fdd88,rules-emerging-threats,critical,test,windows,file_event,,persistence|privilege-escalation,1,0
1d218616-71b0-4c40-855b-9dbe75510f7f,rules-emerging-threats,high,test,windows,registry_add,,defense-impairment|persistence,1,0
2bd63d53-84d4-4210-80ff-bf0658f1bf78,rules-emerging-threats,high,test,windows,file_event,,execution|persistence|privilege-escalation|stealth,1,0
35a7dc42-bc6f-46e0-9f83-81f8e56c8d4b,rules-emerging-threats,high,test,windows,image_load,,execution|persistence|privilege-escalation|stealth,1,0
b2400ffb-7680-47c0-b08a-098a7de7e7a9,rules-emerging-threats,high,test,windows,process_creation,,execution|persistence|privilege-escalation|stealth,1,0
39466c42-c189-476a-989f-8cdb135c163a,rules-emerging-threats,high,test,windows,file_event,,stealth,1,0
21117127-21c8-437a-ae03-4b51e5a8a088,rules-emerging-threats,high,test,windows,process_creation,,execution|persistence|privilege-escalation|stealth,1,0
b0422664-37a4-4e78-949a-4a139309eaf0,rules-emerging-threats,critical,test,,proxy,,command-and-control,1,0
65c6e3c1-fb28-4c03-a51e-84919d8185f1,rules-emerging-threats,high,test,windows,registry_set,,persistence,1,0
bbb2dedd-a0e3-46ab-ba6c-6c82ae7a9aa7,rules-emerging-threats,critical,test,windows,process_creation,,execution|persistence|privilege-escalation,1,0
67bce556-312f-4c81-9162-c3c9ff2599b2,rules-emerging-threats,high,test,,webserver,,initial-access,1,1
5de632bc-7fbd-4c8a-944a-fce55c59eae5,rules-emerging-threats,critical,test,windows,process_creation,,execution,1,0
33a2d1dd-f3b0-40bd-8baf-7974468927cc,rules-emerging-threats,high,test,windows,image_load,,privilege-escalation|stealth,1,1
7ba08e95-1e0b-40cd-9db5-b980555e42fd,rules-emerging-threats,high,test,windows,process_creation,,persistence|privilege-escalation,1,0
fdf96c90-42d5-4406-8a9c-14a2c9a016b5,rules-emerging-threats,high,test,,webserver,,persistence,1,0
53207cc2-0745-4c19-bc72-80be1cc16b3f,rules-emerging-threats,high,test,windows,process_creation,,execution|privilege-escalation,1,0
d033cb8a-8669-4a8e-a974-48d4185a8503,rules-emerging-threats,high,test,,webserver,,initial-access,1,1
52a85084-6989-40c3-8f32-091e12e17692,rules-emerging-threats,low,test,windows,,application,execution,1,1
5660d8db-6e25-411f-b92f-094420168a5d,rules-emerging-threats,medium,test,windows,process_creation,,execution|initial-access,1,1
e0a41412-c69a-446f-8e6e-0e6d7483dad7,rules-emerging-threats,high,test,windows,file_event,,execution|privilege-escalation,1,0
7fb14105-530e-4e2e-8cfb-99f7d8700b66,rules-emerging-threats,high,test,linux,process_creation,,execution|initial-access,1,0
a7cd7306-df8b-4398-b711-6f3e4935cf16,rules-emerging-threats,high,test,windows,process_creation,,execution|initial-access,1,1
dd218fb6-4d02-42dc-85f0-a0a376072efd,rules-emerging-threats,medium,test,,webserver,,initial-access,1,0
9a4ccd1a-3526-4d99-b980-9f9c5d3a6ee3,rules-emerging-threats,high,test,windows,process_creation,,execution,1,0
7ba05b43-adad-4c02-b5e9-c8c35cdf9fa8,rules-emerging-threats,high,test,linux,,,privilege-escalation,1,0
2d9403d5-7927-46b7-8216-37ab7c9ec5e3,rules-emerging-threats,medium,test,windows,registry_set,,stealth,1,0
fcf1101d-07c9-49b2-ad81-7e421ff96d80,rules-emerging-threats,high,test,,webserver,,initial-access,1,1
efdb2003-a922-48aa-8f37-8b80021a9706,rules-emerging-threats,medium,test,,webserver,,initial-access,1,1
c8a5f584-cdc8-42cc-8cce-0398e4265de3,rules-emerging-threats,high,test,linux,process_creation,,initial-access,1,0
1a9a04fd-02d1-465c-abad-d733fd409f9c,rules-emerging-threats,high,test,,webserver,,initial-access,1,1
65c0a0ab-d675-4441-bd6b-d3db226a2685,rules-emerging-threats,high,test,,webserver,,initial-access,1,1
e6f81941-b1cd-4766-87db-9fc156f658ee,rules-emerging-threats,high,test,windows,,system,privilege-escalation,1,0
1ddf4596-1908-43c9-add2-1d2c2fcc4797,rules-emerging-threats,high,test,,proxy,,initial-access,1,1
fdd7e904-7304-4616-a46a-e32f917c4be4,rules-emerging-threats,critical,test,,proxy,,initial-access,1,0
181f49fa-0b21-4665-a98c-a57025ebb8c7,rules-emerging-threats,high,test,,webserver,,initial-access,1,1
92d78c63-5a5c-4c40-9b60-463810ffb082,rules-emerging-threats,critical,test,,webserver,,initial-access,1,0
6d1058a4-407e-4f3a-a144-1968c11dc5c3,rules-emerging-threats,high,test,windows,process_creation,,privilege-escalation,1,0
293ccb8c-bed8-4868-8296-bef30e303b7e,rules-emerging-threats,high,test,fortios,,sslvpnd,initial-access,1,0
1b2eeb27-949b-4704-8bfa-d8e5cfa045a1,rules-emerging-threats,high,test,,webserver,,initial-access,1,1
738cb115-881f-4df3-82cc-56ab02fc5192,rules-emerging-threats,high,test,,webserver,,initial-access,1,1
eee8311f-a752-44f0-bf2f-6b007db16300,rules-emerging-threats,high,test,windows,,security,impact,1,0
994cac2b-92c2-44bf-8853-14f6ca39fbda,rules-emerging-threats,high,test,windows,create_remote_thread,,execution|stealth,1,0
0a74c5a9-1b71-4475-9af2-7829d320d5c2,rules-emerging-threats,high,test,windows,process_creation,,execution|persistence|privilege-escalation,1,0
1f32d820-1d5c-43fe-8fe2-feef0c952eb7,rules-emerging-threats,high,test,windows,process_creation,,execution,1,0
2f974656-6d83-4059-bbdf-68ac5403422f,rules-emerging-threats,high,test,windows,process_creation,,execution|lateral-movement,1,0
d52d2e87-eb03-4fac-961d-eb616da79788,rules-emerging-threats,high,test,windows,process_creation,,execution,1,0
2c6bea3a-ef58-4f2e-a775-4928f6b7c58a,rules-emerging-threats,high,test,windows,process_creation,,execution,1,0
a35c97c8-d9c4-4c89-a3e7-533dc0bcb73a,rules-emerging-threats,high,test,windows,process_creation,,execution,1,0
d5eb7432-fda4-4bba-a37f-ffa74d9ed639,rules-emerging-threats,high,test,windows,process_creation,,execution|persistence|privilege-escalation,1,0
97805087-93ab-4203-b5cb-287cda6aecaa,rules-emerging-threats,high,test,windows,process_creation,,execution,1,0
711ab2fe-c9ba-4746-8840-5228a58c3cb8,rules-emerging-threats,high,test,windows,,application,persistence|privilege-escalation,1,1
e1118a8f-82f5-44b3-bb6b-8a284e5df602,rules-emerging-threats,high,test,windows,process_creation,,execution|persistence|privilege-escalation,1,0
a62298a3-1fe0-422f-9a68-ffbcbc5a123d,rules-emerging-threats,high,test,windows,process_creation,,execution,1,0
6c7defa9-69f8-4c34-b815-41fce3931754,rules-emerging-threats,medium,test,,proxy,,initial-access,1,1
2ece8816-b7a0-4d9b-b0e8-ae7ad18bc02b,rules-emerging-threats,high,test,cisco,,syslog,initial-access|privilege-escalation,1,1
ae94b10d-fee9-4767-82bb-439b309d5a27,rules-emerging-threats,high,test,windows,,application,execution,1,0
f8987c03-4290-4c96-870f-55e75ee377f4,rules-emerging-threats,high,test,linux,process_creation,,execution|initial-access,1,0
1ddaa9a4-eb0b-4398-a9fe-7b018f9e23db,rules-emerging-threats,medium,test,windows,process_creation,,execution|initial-access,1,0
27d2cdde-9778-490e-91ec-9bd0be6e8cc6,rules-emerging-threats,medium,test,,proxy,,initial-access,1,1
a902d249-9b9c-4dc4-8fd0-fbe528ef965c,rules-emerging-threats,medium,test,,webserver,,initial-access,1,1
8b244735-5833-4517-a45b-28d8c63924c0,rules-emerging-threats,medium,test,linux,,sshd,initial-access,1,1
fc06e655-d98c-412f-ac76-05c2698b1cb2,rules-emerging-threats,low,test,windows,registry_set,,persistence,1,1
73c59189-6a6d-4b9f-a748-8f6f9bbed75c,rules-emerging-threats,critical,test,windows,,security,credential-access|initial-access,1,1
de96b824-02b0-4241-9356-7e9b47f04bac,rules-emerging-threats,medium,test,windows,,smbclient-connectivity,exfiltration,1,1
0e1ebc5a-15d0-4bf6-8199-b2535397433a,rules-emerging-threats,high,test,,webserver,,initial-access,1,1
c0341543-5ed0-4475-aabc-7eea8c52aa66,rules-emerging-threats,high,test,,webserver,,initial-access,1,1
043c1609-0e32-4462-a6f2-5a0c2da3fafe,rules-emerging-threats,high,test,,webserver,,initial-access,1,1
9cae055f-e1d2-4f81-b8a5-1986a68cdd84,rules-emerging-threats,high,test,windows,file_event,,persistence,1,0
31e4e649-7394-4fd2-9ae7-dbc61eebb550,rules-emerging-threats,medium,test,,webserver,,initial-access,1,0
c3b2a774-3152-4989-83c1-7afc48fd1599,rules-emerging-threats,high,test,windows,file_event,,initial-access,1,1
39ac1fb0-07f1-474b-b97e-c5c0eace0d79,rules-emerging-threats,medium,test,windows,process_creation,,execution,1,1
435e41f2-48eb-4c95-8a2b-ed24b50ec30b,rules-emerging-threats,high,test,,webserver,,persistence,1,0
92389a99-5215-43b0-a09f-e334453b2ed3,rules-emerging-threats,medium,test,windows,file_event,,execution,1,0
ad0960eb-0015-4d16-be13-b3d9f18f1342,rules-emerging-threats,high,test,windows,file_event,,execution,1,0
50dbc08b-60ce-40f1-a6b6-346497e34c88,rules-emerging-threats,high,test,windows,process_creation,,execution,1,0
8023d3a2-dcdc-44da-8fa9-5c7906e55b38,rules-emerging-threats,medium,test,windows,file_event,,persistence|stealth,1,0
0066d244-c277-4c3e-88ec-9e7b777cc8bc,rules-emerging-threats,critical,test,,proxy,,command-and-control,1,0
d9365e39-febd-4a4b-8441-3ca91bb9d333,rules-emerging-threats,high,test,,proxy,,command-and-control,1,0
6af1617f-c179-47e3-bd66-b28034a1052d,rules-emerging-threats,medium,test,,proxy,,command-and-control,1,0
e59f71ff-c042-4f7a-8a82-8f53beea817e,rules-emerging-threats,high,test,,proxy,,command-and-control,1,0
3df95076-9e78-4e63-accb-16699c3b74f8,rules-emerging-threats,high,test,windows,,security,command-and-control,1,0
e4556676-fc5c-4e95-8c39-5ef27791541f,rules-emerging-threats,high,test,windows,file_event,,execution,1,0
ec3a3c2f-9bb0-4a9b-8f4b-5ec386544343,rules-emerging-threats,high,test,windows,process_creation,,execution,1,0
c3bd6c55-d495-4c34-918e-e03e8828c074,rules-emerging-threats,low,test,windows,file_event,,execution,1,1
e5a29b54-6fe7-4258-8a23-82960e31231a,rules-emerging-threats,medium,test,windows,,application,execution,1,1
f48f5368-355c-4a1b-8bf5-11c13d589eaa,rules-emerging-threats,high,test,,proxy,,initial-access,1,0
a2bcca38-9f3a-4d5e-b603-0c587e8569d7,rules-emerging-threats,high,test,,webserver,,initial-access,1,0
04017cd5-621e-4ec4-a762-1f042fe3d3e5,rules-emerging-threats,medium,test,,webserver,,lateral-movement,1,0
ba5268de-4dd4-4d5c-8a90-2b5e6dc1aff8,rules-emerging-threats,high,test,,webserver,,lateral-movement,1,0
f195b2ff-e542-41bf-8d91-864fb81e5c20,rules-emerging-threats,high,test,,proxy,,initial-access,1,0
e9928831-ba14-42ea-a4bc-33d352b9929a,rules-emerging-threats,high,test,,webserver,,initial-access,1,0
aee7681f-b53d-4594-a9de-ac51e6ad3362,rules-emerging-threats,high,test,,proxy,,initial-access,1,1
ff349b81-617f-4af4-924f-dbe8ea9bab41,rules-emerging-threats,medium,test,,proxy,,initial-access,1,1
87c83d8e-5390-44ce-aa4a-d3b37e54d0a0,rules-emerging-threats,medium,test,,webserver,,initial-access,1,1
a4e068b5-e27c-4f21-85b3-e69e5a4f7ce1,rules-emerging-threats,high,test,,webserver,,initial-access,1,1
6d5b8176-d87d-4402-8af4-53aee9db7b5d,rules-emerging-threats,high,test,windows,process_creation,,initial-access,1,0
c708a93f-46b4-4674-a5b8-54aa6219c5fa,rules-emerging-threats,high,test,windows,file_event,,persistence|stealth,1,0
1fea93a2-1524-4a3c-9828-3aa0c2414e27,rules-emerging-threats,high,test,windows,file_event,,persistence|stealth,1,0
1d7a57da-02e0-4f7f-92b1-c7b486ccfed5,rules-emerging-threats,high,test,windows,image_load,,persistence|stealth,1,0
e01b6eb5-1eb4-4465-a165-85d40d874add,rules-emerging-threats,high,test,windows,process_creation,,persistence|stealth,1,0
88516f06-ebe0-47ad-858e-ae9fd060ddea,rules-emerging-threats,critical,test,windows,process_creation,,persistence|stealth,1,0
9f9cd389-cea0-4142-bf1a-a3fd424abedd,rules-emerging-threats,critical,test,windows,process_creation,,persistence|stealth,1,0
95214813-4c7a-4a50-921b-ee5c538e1d16,rules-emerging-threats,high,test,windows,registry_set,,persistence,1,0
3ced239c-7285-4b54-99c4-8525b69293f7,rules-emerging-threats,high,test,windows,,system,persistence|stealth,1,0
1a433e1d-03d2-47a6-8063-ece992cf4e73,rules-emerging-threats,medium,test,windows,file_event,,command-and-control|execution,1,0
f8e9aa1c-14f2-4dbd-aa59-b98968ed650d,rules-emerging-threats,high,test,windows,process_creation,,execution,1,0
bf906d7b-7070-4642-8383-e404cf26eba5,rules-emerging-threats,high,test,windows,process_creation,,persistence,1,0
bcc6f179-11cd-4111-a9a6-0fab68515cf7,rules-emerging-threats,critical,test,windows,process_creation,,execution,1,0
89e1490f-1a3e-452a-bbb8-b68a5f58072f,rules-emerging-threats,high,test,windows,process_creation,,privilege-escalation|stealth,1,0
2bd8e100-5b3b-4b6a-bbb5-b129d3ddddc5,rules-emerging-threats,high,test,windows,process_creation,,stealth,1,0
cae6cee6-0244-44d2-84ed-e65f548eb7dc,rules-emerging-threats,high,test,windows,network_connection,,command-and-control,1,0
e5144106-8198-4f6e-bfc2-0a551cc8dd94,rules-emerging-threats,medium,test,windows,process_creation,,command-and-control|execution|stealth,1,0
698d4431-514f-4c82-af4d-cf573872a9f5,rules-emerging-threats,high,test,windows,process_creation,,discovery,1,0
d8937fe7-42d5-4b4d-8178-e089c908f63f,rules-emerging-threats,high,test,windows,process_creation,,privilege-escalation|stealth,1,0
1bf0ba65-9a39-42a2-9271-31d31bf2f0bf,rules-emerging-threats,high,test,windows,process_creation,,execution|stealth,1,0
0033cf83-fb87-446d-9cac-43d63ad4d5a9,rules-emerging-threats,high,test,windows,process_creation,,execution|stealth,1,0
cf879ffb-793a-4753-9a14-bc8f37cc90df,rules-emerging-threats,high,test,windows,process_creation,,execution|stealth,1,0
339ed3d6-5490-46d0-96a7-8abe33078f58,rules-emerging-threats,critical,test,windows,process_creation,,execution|stealth,1,0
bfd34392-c591-4009-b938-9fd985a28b85,rules-emerging-threats,critical,test,windows,process_creation,,execution|stealth,1,0
bc309b7a-3c29-4937-a4a3-e232473f9168,rules-emerging-threats,high,test,windows,process_creation,,execution,1,0
5cdbc2e8-86dd-43df-9a1a-200d4745fba5,rules-emerging-threats,medium,test,windows,process_creation,,stealth,1,0
0e9e6c63-1350-48c4-9fa1-7ccb235edc68,rules-emerging-threats,critical,test,windows,process_creation,,execution,1,0
d6d9d23f-69c1-41b5-8305-fa8250bd027f,rules-emerging-threats,critical,test,windows,file_event,,execution,1,0
99eccc2b-7182-442f-8806-b76cc36d866b,rules-emerging-threats,low,test,windows,file_event,,execution,1,1
64827580-e4c3-4c64-97eb-c72325d45399,rules-emerging-threats,high,test,windows,file_event,,execution,1,0
02cbc035-b390-49fe-a9ff-3bb402c826db,rules-emerging-threats,high,test,windows,process_creation,,execution,1,0
d91ff53f-fd0c-419d-a6b8-ae038d5c3733,rules-emerging-threats,high,test,windows,process_creation,,execution,1,0
f7536642-4a08-4dd9-b6d5-c3286d8975ed,rules-emerging-threats,high,test,windows,process_creation,,execution,1,0
d0fa35db-0e92-400e-aa16-d32ae2521618,rules-emerging-threats,high,test,windows,registry_event,,persistence,0,0
7e163e96-b9a5-45d6-b2cd-d7d87b13c60b,rules-emerging-threats,medium,test,windows,registry_set,,persistence,1,1
b2e60816-96b2-45bd-ba91-b63578c03ef6,rules-emerging-threats,critical,test,windows,,system,persistence,1,0
7aaa5739-12fc-41aa-b98b-23ec27d42bdf,rules-emerging-threats,high,test,windows,process_creation,,execution,1,0
70761fe8-6aa2-4f80-98c1-a57049c08e66,rules-emerging-threats,high,test,windows,dns_query,,command-and-control,1,1
bd03a0dc-5d93-49eb-b2e8-2dfd268600f8,rules-emerging-threats,high,test,windows,dns_query,,command-and-control,1,0
d0b65ad3-e945-435e-a7a9-438e62dd48e9,rules-emerging-threats,critical,test,windows,image_load,,stealth,1,0
51eecf75-d069-43c7-9ea2-63f75499edd4,rules-emerging-threats,high,test,windows,network_connection,,command-and-control,1,0
93bbde78-dc86-4e73-9ffc-ff8a384ca89c,rules-emerging-threats,high,test,windows,process_creation,,execution|stealth,1,1
63f3605b-979f-48c2-b7cc-7f90523fed88,rules-emerging-threats,high,test,windows,process_creation,,command-and-control|execution|stealth,1,0
e7581747-1e44-4d4b-85a6-0db0b4a00f2a,rules-emerging-threats,high,test,windows,process_creation,,execution|stealth,1,0
3c4b3bbf-36b4-470c-b6cf-f07e8b1c7e26,rules-emerging-threats,high,test,,proxy,,command-and-control,1,0
76bc1601-9546-4b75-9419-06e0e8d10651,rules-emerging-threats,high,test,,proxy,,command-and-control,1,0
e64c8ef3-9f98-40c8-b71e-96110991cb4c,rules-emerging-threats,medium,test,windows,image_load,,execution|persistence|privilege-escalation|stealth,1,0
8fa65166-f463-4fd2-ad4f-1436133c52e1,rules-emerging-threats,high,test,windows,,security,persistence,1,0
2bfc1373-0220-4fbd-8b10-33ddafd2a142,rules-emerging-threats,high,test,windows,,taskscheduler,persistence,1,0
fba38e0f-4607-4344-bb8f-a4b50cdeef7f,rules-emerging-threats,high,test,windows,dns_query,,command-and-control,1,1
e1212b32-55ff-4dfb-a595-62b572248056,rules-emerging-threats,high,test,windows,file_event,,execution,1,0
d1b65d98-37d7-4ff6-b139-2d87c1af3042,rules-emerging-threats,high,test,windows,image_load,,execution|persistence|privilege-escalation|stealth,1,0
b5495d8d-24ad-4a44-8caf-ceae9a07a5c2,rules-emerging-threats,high,test,windows,process_creation,,execution,1,0
9f9f92ba-5300-43a4-b435-87d1ee571688,rules-emerging-threats,high,test,windows,registry_event,,defense-impairment,1,0
3b8e5084-4de9-449a-a40d-0e11014f2e2d,rules-emerging-threats,critical,test,windows,,security,execution|persistence|privilege-escalation,1,0
7fc30d63-728d-48d9-ad6f-14d14f4accf7,rules-emerging-threats,high,test,,dns,,command-and-control,1,0
aa03c712-75c6-438b-8d42-de88f2427e09,rules-emerging-threats,high,test,,proxy,,command-and-control,1,0
a88d9f45-ec8a-4b0e-85ee-c9f6a65e9128,rules-emerging-threats,high,test,windows,file_event,,execution,1,0
71c432c4-e4da-4eab-ba49-e60ea9a81bca,rules-emerging-threats,high,test,windows,ps_script,,execution,1,0
4e19528a-f081-40dd-be09-90c39352bd64,rules-emerging-threats,high,test,windows,ps_script,,execution,1,0
911389c7-5ae3-43ea-bab3-a947ebdeb85e,rules-emerging-threats,high,test,windows,process_creation,,execution,1,0
e94486ea-2650-4548-bf25-88cbd0bb32d7,rules-emerging-threats,high,test,windows,file_event,,execution,1,0
b377ddab-502d-4519-9e8c-5590033d2d70,rules-emerging-threats,high,test,windows,ps_script,,execution,1,0
37dc5463-f7e3-4f61-ad76-ba59cd02a651,rules-emerging-threats,high,test,windows,ps_script,,execution,1,0
aa5b0a40-ed88-46aa-9fdc-0337b379ca9d,rules-emerging-threats,high,test,windows,process_creation,,execution,1,0
745ea50b-9673-4ba7-9426-cb45cf4a8e6d,rules-emerging-threats,high,test,windows,process_creation,,execution,1,0
24007168-a26b-4049-90d0-ce138e13a5cf,rules-emerging-threats,high,test,windows,image_load,,execution|persistence|privilege-escalation|stealth,1,0
91048c0d-5b81-4b85-a099-c9ee4fb87979,rules-emerging-threats,critical,test,windows,process_creation,,execution,1,0
7c97c625-0350-4f0a-8943-f6cadc88125e,rules-emerging-threats,high,test,windows,process_creation,,execution,1,0
58d8341a-5849-44cd-8ac8-8b020413a31b,rules-emerging-threats,critical,test,windows,process_creation,,execution,1,0
7806bb49-f653-48d3-a915-5115c1a85234,rules-emerging-threats,high,test,windows,process_creation,,execution,1,0
00a8e92a-776b-425f-80f2-82d8f8fab2e5,rules-emerging-threats,medium,test,okta,,okta,credential-access,1,0
2fef4fd9-7206-40d1-b4f5-ad6441d0cd9b,rules-emerging-threats,high,test,windows,file_event,,execution,1,0
de1bd0b6-6d59-417c-86d9-a44114aede3b,rules-emerging-threats,high,test,windows,process_creation,,execution,1,0
0934ac71-a331-4e98-a034-d49c491fbbcb,rules-emerging-threats,high,test,windows,process_creation,,execution,1,1
2e7bbd54-2f26-476e-b4a1-ba5f1a012614,rules-emerging-threats,high,test,windows,process_creation,,execution,1,0
b8225208-81d0-4715-a822-12bcdd583e0f,rules-emerging-threats,medium,test,,proxy,,command-and-control,1,0
0785f462-60b0-4031-9ff4-b4f3a0ba589a,rules-emerging-threats,high,test,linux,file_event,,execution|persistence|stealth,1,0
5627c337-a9b2-407a-a82d-5fd97035ff39,rules-emerging-threats,high,test,linux,file_event,,execution|persistence|stealth,1,0
60911c07-f989-4362-84af-c609828ef829,rules-emerging-threats,high,test,linux,process_creation,,stealth,1,0
60d050c4-e253-4d9a-b673-5ac100cfddfb,rules-emerging-threats,high,test,linux,process_creation,,stealth,1,0
23835beb-ec38-4e74-a5d4-b99af6684e91,rules-emerging-threats,high,test,linux,process_creation,,stealth,1,0
f6a711f3-d032-4f9e-890b-bbe776236c84,rules-emerging-threats,critical,test,linux,process_creation,,execution,1,0
eafb8bd5-7605-4bfe-a9ec-0442bc151f15,rules-emerging-threats,high,test,,webserver,,initial-access,1,0
44d7af7e-88e6-4490-be11-55f7ff4d9fc1,rules-emerging-threats,medium,test,windows,file_event,,persistence,1,1
4c198a60-7d05-4daf-8bf7-4136fb6f5c62,rules-emerging-threats,critical,test,windows,,security,initial-access|persistence,1,0
1a821580-588b-4323-9422-660f7e131020,rules-emerging-threats,medium,test,windows,file_event,,persistence,1,1
d27eabad-9068-401a-b0d6-9eac744d6e67,rules-emerging-threats,critical,test,,webserver,,initial-access|persistence,1,0
4109cb6a-a4af-438a-9f0c-056abba41c6f,rules-emerging-threats,medium,test,windows,,security,defense-impairment,1,1
9aa27839-e8ba-4d7a-ac1a-746c22c3d1e5,rules-emerging-threats,high,test,linux,process_creation,,execution,1,1
bcd95697-e3e7-4c6f-8584-8e3503e6929f,rules-emerging-threats,medium,test,paloalto,file_event,globalprotect,execution,1,1
f130a5f1-73ba-42f0-bf1e-b66a8361cb8f,rules-emerging-threats,high,test,paloalto,appliance,globalprotect,initial-access|persistence|privilege-escalation|stealth,1,0
17ce9373-2163-4a2c-90ba-f91e9ef7a8c1,rules-emerging-threats,medium,experimental,windows,image_load,,privilege-escalation,1,1
c408acfe-2870-41df-8d2f-9f4daa4555ed,rules-emerging-threats,high,test,windows,process_creation,,execution,1,0
47a1658b-67a4-48e2-8ab1-c10437fc0148,rules-emerging-threats,high,test,windows,,security,execution,1,0
3f2c93c7-7b2a-4d58-bb8d-6f39422d8148,rules-emerging-threats,high,experimental,windows,,application,impact,1,0
f007b877-02e3-45b7-8501-1b78c2864029,rules-emerging-threats,high,experimental,windows,process_creation,,execution|initial-access,1,0
6f6afac3-8e7a-4e4b-9588-2608ffe08f82,rules-emerging-threats,high,test,windows,image_load,,command-and-control,1,0
df49c691-8026-48dd-94d3-4ba6a79102a8,rules-emerging-threats,medium,test,windows,file_event,,execution,1,1
2f3039c8-e8fe-43a9-b5cf-dcd424a2522d,rules-emerging-threats,high,experimental,windows,file_event,,execution,1,1
24474469-bd80-46cc-9e08-9fbe81bfaaca,rules-emerging-threats,medium,test,windows,process_creation,,execution,1,0
fe9e8ba9-4419-41e6-a574-bd9f7b3af961,rules-emerging-threats,medium,test,windows,process_creation,,persistence,1,0
c9b86500-1ec2-4de6-9120-d744c8fb5caf,rules-emerging-threats,high,test,windows,registry_set,,persistence|privilege-escalation,1,0
19b3806e-46f2-4b4c-9337-e3d8653245ea,rules-emerging-threats,high,experimental,windows,process_creation,,privilege-escalation|stealth,1,0
0f3a9db2-c17a-480e-a723-d1f1c547ab6a,rules-emerging-threats,high,test,windows,image_load,,execution|persistence|privilege-escalation|stealth,1,0
92020b88-9caf-464f-bad8-cd0fb0aa2a81,rules-emerging-threats,high,test,windows,process_creation,,execution|stealth,1,0
16a4c7b3-4681-49d0-8d58-3e9b796dcb43,rules-emerging-threats,low,test,windows,registry_set,,defense-impairment|persistence,1,0
20228d05-dd68-435d-8b4e-e7e64938880c,rules-emerging-threats,high,test,windows,file_event,,stealth,1,0
a7e6b1f9-8d2c-4f1e-9a7d-63e4c8a2bf4c,rules-emerging-threats,high,test,windows,image_load,,execution|stealth,1,0
64a871dd-83f6-4e5f-80fc-5a7ca3a8a819,rules-emerging-threats,high,test,windows,process_creation,,execution|persistence|privilege-escalation,1,0
e98f741c-6a5b-4c83-bc2a-1f4e58d07b12,rules-emerging-threats,high,test,windows,process_creation,,stealth,1,0
c0c67b21-eb8a-4c84-a395-40473ec3b482,rules-emerging-threats,high,test,windows,registry_set,,persistence|privilege-escalation,1,0
cbaa3ef3-07a9-4c8e-82d1-9e40578da7fd,rules-emerging-threats,medium,test,windows,registry_set,,defense-impairment|persistence,1,0
6c130acd-0adb-4545-bcc4-2e85d0883c9a,rules-emerging-threats,high,test,windows,,security,execution|persistence|privilege-escalation,1,0
4d16c9a6-4362-4863-9940-1dee35f1d70f,rules-emerging-threats,high,test,windows,dns_query,,command-and-control,1,0
6676896b-2cce-422d-82af-5a1abe65e241,rules-emerging-threats,medium,test,windows,process_creation,,execution,1,1
b92d1d19-f5c9-4ed6-bbd5-7476709dc389,rules-emerging-threats,high,test,windows,file_event,,defense-impairment,1,0
ec7c4e9b-9bc9-47c7-a32f-b53b598da642,rules-emerging-threats,medium,test,windows,file_event,,defense-impairment,1,0
07db928c-8632-488e-ac7d-3db847489175,rules-emerging-threats,high,experimental,windows,process_creation,,execution|stealth,1,0
5cdeb555-65de-4767-99fe-e26807465148,rules-emerging-threats,high,test,windows,registry_set,,persistence|privilege-escalation,1,0
d807056b-0e00-4cec-b7f8-b8b7518e382b,rules-emerging-threats,high,test,windows,registry_set,,persistence|privilege-escalation,1,0
05164d17-8e11-4d7d-973e-9e4962436b87,rules-emerging-threats,high,test,windows,file_event,,stealth,1,0
6c76b3d0-afe4-4870-9443-ffe6773c5fef,rules-emerging-threats,high,experimental,windows,process_creation,,execution|initial-access|persistence,1,1
15697955-6a29-47ca-92e9-0e05efae3260,rules-emerging-threats,high,experimental,,proxy,,initial-access,1,0
5a7132c0-86db-4e6b-95c0-f0e9d7f461aa,rules-emerging-threats,medium,experimental,windows,file_event,,credential-access,1,1
2d79e371-2a27-42de-87a4-b4213fc72a6a,rules-emerging-threats,high,experimental,windows,process_creation,,execution|persistence,1,1
459628e3-1b00-4e9b-9e5b-7da8961aea35,rules-emerging-threats,medium,experimental,windows,process_creation,,execution|initial-access,1,1
5b91409c-cb18-4ab6-ac75-c5759f998409,rules-emerging-threats,medium,experimental,linux,file_event,,execution|initial-access|persistence,1,1
86a7c91f-98c3-4f14-a58d-d989421e1234,rules-emerging-threats,medium,experimental,windows,file_event,,execution|initial-access|persistence,1,1
69dea60b-2deb-4c9e-a685-ad542f4367f9,rules-emerging-threats,medium,experimental,linux,process_creation,,execution|initial-access|persistence,1,1
5b304bcb-ac33-49d0-87af-fa1b3ca94333,rules-emerging-threats,medium,experimental,windows,process_creation,,execution|initial-access|persistence,1,1
94e12f41-6cb3-45c5-97b1-c783a7bf2e72,rules-emerging-threats,high,experimental,,webserver,,initial-access|persistence,1,1
639b893f-f93a-4e53-a7c8-f08cf73fe7f7,rules-emerging-threats,high,experimental,,webserver,,persistence,1,1
10ac0730-c24e-4f4c-81f8-b13a1ac95a1d,rules-emerging-threats,high,experimental,linux,file_event,,privilege-escalation,1,1
04fc4b22-91a6-495a-879d-0144fec5ec03,rules-emerging-threats,high,experimental,windows,image_load,,command-and-control|execution|lateral-movement|stealth,1,0
9a2d8b3e-f5a1-4c68-9e21-7d9e1cf8a123,rules-emerging-threats,high,experimental,windows,process_access,,command-and-control|execution|lateral-movement|stealth,1,0
abe06362-a5b9-4371-8724-ebd00cd48a04,rules-emerging-threats,high,experimental,windows,process_creation,,command-and-control|execution|lateral-movement|stealth,1,0
8c7f4a2d-3b9e-4f1c-9a6d-2e8f5c3d9a1b,rules-emerging-threats,high,experimental,windows,process_creation,,initial-access,1,0
41956f7c-7a6b-46d6-b6bb-da6eb2e83fbe,rules-emerging-threats,high,experimental,,webserver,,execution|initial-access,1,0
933f0bb5-0681-4fe7-8a17-4e6cccbaac44,rules-emerging-threats,high,experimental,windows,process_creation,,execution|persistence|privilege-escalation|stealth,1,0
ba479447-721f-42a9-9af2-6dcd517bbdb3,rules-emerging-threats,critical,experimental,windows,file_event,,initial-access,1,0
7477881c-ec3b-49d6-aced-7255944e5c59,rules-emerging-threats,high,experimental,windows,process_creation,,initial-access,1,0
48d053db-6a56-4866-b60d-0975647050ed,rules-emerging-threats,medium,experimental,,webserver,,initial-access,1,0
0fdc7c7f-c690-4217-9ae3-31f5156eed72,rules-emerging-threats,high,experimental,windows,process_creation,,execution|initial-access|privilege-escalation,1,1
c70834fa-fb9d-4aa0-9e7d-45ceed36f3f7,rules-emerging-threats,high,experimental,linux,process_creation,,execution|initial-access,1,0
271de298-cc0e-4842-acd8-079a0a99ea65,rules-emerging-threats,high,experimental,windows,process_creation,,execution|initial-access,1,0
917789e1-2c1f-4bf5-8c91-6f71a017f469,rules-emerging-threats,medium,experimental,windows,process_creation,,initial-access|persistence|privilege-escalation|stealth,1,1
bd3b3fff-a018-4994-9876-68af5809160f,rules-emerging-threats,high,experimental,windows,process_creation,,persistence,1,0
ff0225a0-1d9a-4bae-ab26-6038b18bb6d4,rules-emerging-threats,high,experimental,windows,process_creation,,initial-access,1,0
43259cc4-1b80-4931-bd98-baea01afc196,rules-emerging-threats,high,experimental,windows,process_creation,,execution|initial-access,1,1
e5f66e87-7d6b-404f-92fe-7aa67814b5cd,rules-emerging-threats,high,experimental,windows,,application,execution|initial-access,1,1
33b3cfb1-574e-44b9-b527-fbf9303b9d7b,rules-emerging-threats,medium,experimental,linux,process_creation,,credential-access|privilege-escalation,1,1
e710a880-1f18-4417-b6a0-b5afdf7e3023,rules-emerging-threats,high,experimental,macos,file_event,,persistence|privilege-escalation|stealth,1,0
e710a880-1f18-4417-b6a0-b5afdf7e33da,rules-emerging-threats,high,experimental,macos,process_creation,,execution,1,0
af688c76-4ce4-4309-bfdd-e896f01acf27,rules-emerging-threats,high,experimental,windows,process_creation,,discovery|reconnaissance,1,1
9c3d6e32-f4c8-4d73-8b8f-95c3b383a13c,rules-emerging-threats,high,experimental,windows,dns_query,,command-and-control,1,0
e6c7ab7c-c79d-4b84-b913-b2ec3f8e8a98,rules-emerging-threats,high,experimental,windows,image_load,,execution,1,0
6b0c762f-0e1b-435f-a829-5943b08fe36a,rules-emerging-threats,high,experimental,,dns,,command-and-control,1,0
834c6d2f-5e98-4b2a-b453-0c4f234afedd,rules-emerging-threats,high,experimental,zeek,,http,command-and-control,1,0
0aba5685-6db6-486f-88ef-29a99c545cfd,rules-emerging-threats,high,experimental,linux,file_event,,collection|credential-access|persistence,1,0
11bb9b26-4179-4a06-afcb-1ec31fce1627,rules-emerging-threats,high,experimental,linux,process_creation,,execution,1,1
eb827bbd-670a-4d58-8446-c464d8ac2323,rules-emerging-threats,high,experimental,linux,process_creation,,execution|initial-access,1,1
514f533b-f56e-421d-80b0-f7706a3e9d23,rules-emerging-threats,high,experimental,linux,process_creation,,execution|initial-access,1,0
efd2eb09-b72e-4a61-8dc7-b1382a1e8983,rules-emerging-threats,high,experimental,linux,process_creation,,collection|exfiltration,1,0
540703fb-a874-4385-a9d6-7cd1bfab268c,rules-emerging-threats,high,experimental,windows,process_creation,,execution,1,1
5299fadf-f228-4526-8274-251db1960be9,rules-emerging-threats,high,experimental,windows,process_creation,,execution|initial-access,1,1
bae7c70b-8569-44e9-accf-b30073da8a5d,rules-emerging-threats,high,experimental,windows,process_creation,,execution|initial-access,1,0
2c76a22b-702d-48fd-8fa9-e41e2fe203b3,rules-emerging-threats,high,experimental,windows,file_event,,impact,1,0
e99375eb-3ee0-407a-9f90-79569cc6a01c,rules-emerging-threats,high,experimental,windows,process_creation,,command-and-control|execution,1,0
474b415a-8b3d-4e6a-9f12-0d5c8a7b6e94,rules-emerging-threats,high,experimental,linux,,auditd,privilege-escalation,1,1
474b415a-d917-4f3b-8c62-9e1a0d5f7b48,rules-emerging-threats,high,experimental,linux,process_creation,,persistence|privilege-escalation,1,1
7c3a5b1d-9e2f-4a8c-b5d7-1e0f3c6a9b2d,rules-emerging-threats,high,test,windows,process_creation,,credential-access,1,0
f8a66a02-4a16-46e5-b7fd-a42c8a93d137,rules-emerging-threats,high,experimental,windows,,application,impact,1,0
c4a1f389-2e6b-4d9a-8f0c-b73e5a12d947,rules-emerging-threats,high,experimental,windows,,security,credential-access|privilege-escalation,1,0
8b7e2c54-1f93-4a6d-b8e0-3c9d7f25a168,rules-emerging-threats,high,experimental,windows,,security,credential-access|privilege-escalation,1,0
fa0bac5f-d170-4a91-9780-1ad71dc1f49e,rules-emerging-threats,high,experimental,windows,,security,credential-access|persistence|privilege-escalation,1,0
b8d5f301-2c49-4e6d-af83-4a5b6c7d8e9f,rules-emerging-threats,medium,experimental,,webserver,,initial-access,1,1
c9e6f412-3d50-4f7e-bf94-5b6c7d8e9f0a,rules-emerging-threats,critical,experimental,,webserver,,execution|persistence,1,0
a7c4e2f9-1b38-4d5c-9e72-3f4a5b6c7d8e,rules-emerging-threats,high,experimental,,webserver,,initial-access,1,0
f2e4b7d9-5c3a-4f8b-9e1d-7a6c2b3f4e5d,rules-emerging-threats,critical,experimental,windows,file_event,,stealth,1,0
9b4e7c2a-3f6d-4a8b-b5e9-1c7d3f2e6a4b,rules-emerging-threats,critical,experimental,windows,pipe_created,,defense-impairment|privilege-escalation|stealth,1,0
2ad78473-6978-40f5-b8f1-89c7e1c27a1a,rules-emerging-threats,high,experimental,windows,process_creation,,privilege-escalation|stealth,1,0
a7c3e5f2-8b1d-4e9a-b6c2-3d7f5e8a9b4c,rules-emerging-threats,critical,experimental,windows,,windefend,defense-impairment|privilege-escalation|stealth,1,0
b7cb840c-11f6-47f7-b3ef-5524739c9077,rules-emerging-threats,high,experimental,linux,file_event,,command-and-control|initial-access,1,1
2db0458c-05c9-4069-a26f-77becd9c8c13,rules-emerging-threats,high,experimental,macos,file_event,,command-and-control|initial-access,1,1
cd6386fa-bb9a-4b67-b006-786b6ab5d2ba,rules-emerging-threats,high,experimental,windows,file_event,,initial-access,1,1
73e5d24f-493f-4092-bd2f-c72cabda40ee,rules-emerging-threats,high,experimental,,dns,,command-and-control,1,0
0a23a62d-c5b3-468b-a072-25064a9a8c87,rules-emerging-threats,high,experimental,linux,process_creation,,command-and-control|execution|initial-access,1,0
a09ee860-31b3-4586-8a68-0ebd74ce0e5f,rules-emerging-threats,high,experimental,macos,process_creation,,command-and-control|execution|initial-access,1,0
f6c27ecc-d890-4452-80e6-2e274a10e097,rules-emerging-threats,high,experimental,windows,process_creation,,command-and-control|execution|initial-access,1,1
e0e121d0-be4d-4281-af7e-17abbba4a408,rules-emerging-threats,low,experimental,,proxy,,initial-access,1,1
6fd25dd1-527b-47c8-baa4-2a0e77279c6f,rules-emerging-threats,medium,experimental,,webserver,,initial-access,1,0
ac5a4e3f-7f9d-6abc-d8ea-3b4c5f6a7b8c,rules-emerging-threats,medium,experimental,windows,dns_query,,command-and-control|exfiltration,1,0
2b5e4d3f-7c9a-4fab-a8d1-3e6f5a7b8c9d,rules-emerging-threats,medium,experimental,linux,file_event,,execution|initial-access|persistence|privilege-escalation,1,0
8a3f2c1e-5d7b-4e9a-b6c8-1f2a3d4e5f6a,rules-emerging-threats,medium,experimental,windows,file_event,,execution|initial-access|persistence,1,0
3c6f5e4a-8d0b-6abc-d9e2-4f7a6b8c9d0e,rules-emerging-threats,high,experimental,linux,process_creation,,execution,1,0
9b4f3d2e-6e8c-5fab-c7d9-2a3b4e5f6a7b,rules-emerging-threats,high,experimental,windows,process_creation,,execution,1,0
81c0b7f5-81c9-435e-a291-bc32fc2b72cd,rules-emerging-threats,high,experimental,linux,file_event,,initial-access|persistence|privilege-escalation,1,0
36603778-030c-43c4-8cbb-cd3c1d1a80c7,rules-emerging-threats,high,experimental,linux,process_creation,,collection|initial-access|persistence|privilege-escalation,1,0
ea1a07f0-3dac-47a2-aeb4-86f5379ba2b4,rules-threat-hunting,low,experimental,azure,,signinlogs,collection|credential-access,1,1
c726e007-2cd0-4a55-abfb-79730fbedee5,rules-threat-hunting,medium,test,m365,,audit,collection|exfiltration|stealth,1,1
d3577be1-42c9-44a7-b56e-2e8de97349d3,rules-threat-hunting,medium,experimental,m365,,audit,collection|exfiltration|stealth,1,1
0d58814b-1660-4d31-8c93-d1086ed24cba,rules-threat-hunting,low,test,okta,,okta,credential-access,1,1
fb96c26c-9f85-4ae7-af0d-ed1ed1f1f5ce,rules-threat-hunting,medium,test,linux,file_event,,execution,1,1
11629c4d-0fe6-465b-be62-b39a1c442aad,rules-threat-hunting,low,experimental,linux,file_event,,execution|stealth,1,1
64c41342-6b27-523b-5d3f-c265f3efcdb3,rules-threat-hunting,medium,test,linux,process_creation,,defense-impairment,1,0
4e2f5868-08d4-413d-899f-dc2f1508627b,rules-threat-hunting,low,stable,linux,process_creation,,discovery,1,1
4f394635-13ef-4599-b677-3353e0f84f55,rules-threat-hunting,medium,test,macos,file_event,,execution,1,1
d8af0da1-2959-40f9-a3e4-37a6aa1228b7,rules-threat-hunting,medium,test,macos,process_creation,,collection|credential-access,1,1
cf5ee356-65c4-4556-8d11-6977fcdfed4b,rules-threat-hunting,medium,experimental,,dns,,command-and-control|initial-access,1,0
53c15703-b04c-42bb-9055-1937ddfb3392,rules-threat-hunting,medium,test,,proxy,,initial-access,1,0
289dfa9e-e378-4a56-a9d4-7ed5ee218029,rules-threat-hunting,low,experimental,windows,,appxdeployment-server,execution,1,1
5570c4d9-8fdd-4622-965b-403a5a101aa0,rules-threat-hunting,low,test,windows,,firewall-as,defense-impairment,0,0
9599c180-e3a8-4743-8f92-7fb96d3be648,rules-threat-hunting,medium,test,windows,,security,lateral-movement|persistence|privilege-escalation,1,0
4b60e527-ec73-4b47-8cb3-f02ad927ca65,rules-threat-hunting,low,test,windows,,security,credential-access,1,0
4f86b304-3e02-40e3-aa5d-e88a167c9617,rules-threat-hunting,low,test,windows,,security,execution|persistence|privilege-escalation,1,1
052ec6f6-1adc-41e6-907a-f1c813478bee,rules-threat-hunting,medium,test,windows,create_remote_thread,,privilege-escalation|stealth,1,0
eeb2e3dc-c1f4-40dd-9bd5-149ee465ad50,rules-threat-hunting,medium,test,windows,create_remote_thread,,execution,1,0
a9d4d3fa-8fc0-41bc-80b1-30b9fda79d6f,rules-threat-hunting,medium,test,windows,create_remote_thread,,privilege-escalation|stealth,1,0
c5f37810-a85f-4186-81e9-33f23abb4141,rules-threat-hunting,low,test,windows,file_access,,credential-access,1,1
91cb43db-302a-47e3-b3c8-7ede481e27bf,rules-threat-hunting,low,test,windows,file_access,,credential-access,1,1
fc3e237f-2fef-406c-b90d-b3ae7e02fa8f,rules-threat-hunting,low,test,windows,file_access,,stealth,1,1
8344c19f-a023-45ff-ad63-a01c5396aea0,rules-threat-hunting,medium,test,windows,file_access,,credential-access,1,0
337a31c6-46c4-46be-886a-260d7aa78cac,rules-threat-hunting,low,test,windows,file_access,,defense-impairment|persistence,1,1
76a26006-0942-430b-8249-bd51d448f8e5,rules-threat-hunting,low,test,windows,file_access,,credential-access,1,0
558eebe5-f2ba-4104-b339-36f7902bcc1a,rules-threat-hunting,low,test,windows,file_change,,stealth,1,1
7eac0a16-5832-4e81-865f-0268a6d19e4b,rules-threat-hunting,low,test,windows,file_delete,,stealth,1,0
3a525307-d100-48ae-b3b9-0964699d7f97,rules-threat-hunting,low,test,windows,file_event,,stealth,1,1
dca1b3e8-e043-4ec8-85d7-867f334b5724,rules-threat-hunting,low,test,windows,file_event,,credential-access,1,1
e3652ba3-0ad8-4010-a957-b7ba369e7bac,rules-threat-hunting,medium,test,windows,file_event,,execution,1,1
a762e74f-4dce-477c-b023-4ed81df600f9,rules-threat-hunting,low,test,windows,file_event,,execution|persistence|privilege-escalation,1,1
297afac9-5d02-4138-8c58-b977bac60556,rules-threat-hunting,low,test,windows,file_event,,resource-development,1,1
caf02a0a-1e1c-4552-9b48-5e070bd88d11,rules-threat-hunting,medium,test,windows,file_event,,impact,1,0
9661ec9d-4439-4a7a-abed-d9be4ca43b6d,rules-threat-hunting,medium,test,windows,file_event,,command-and-control,1,1
121b25f7-b9d6-4b37-afa0-cba317ec52f3,rules-threat-hunting,medium,experimental,windows,file_event,,defense-impairment,1,1
4c55738d-72d8-490e-a2db-7969654e375f,rules-threat-hunting,medium,test,windows,file_event,,initial-access|resource-development,1,1
bbfd974c-248e-4435-8de6-1e938c79c5c1,rules-threat-hunting,medium,test,windows,file_rename,,stealth,1,1
facd1549-e416-48e0-b8c4-41d7215eedc8,rules-threat-hunting,low,test,windows,image_load,,impact,1,1
e700ff14-1bff-4d1d-9438-738dff5f0466,rules-threat-hunting,low,experimental,windows,image_load,,execution|persistence|stealth,1,1
0e277796-5f23-4e49-a490-483131d4f6e1,rules-threat-hunting,medium,test,windows,image_load,,credential-access,1,1
666ecfc7-229d-42b8-821e-1a8f8cb7057c,rules-threat-hunting,low,test,windows,image_load,,collection,1,1
3b92a1d0-8d4b-4d28-a1b4-1e29d49a6a3e,rules-threat-hunting,low,test,windows,image_load,,execution|persistence|privilege-escalation,1,1
c5f4b5cb-4c25-4249-ba91-aa03626e3185,rules-threat-hunting,low,test,windows,image_load,,execution,1,1
1337afba-d17d-4d23-bd55-29b927603b30,rules-threat-hunting,low,test,windows,image_load,,execution,1,1
2a297820-04ce-41f2-b60d-5afe139aaab3,rules-threat-hunting,low,experimental,windows,image_load,,execution|stealth,1,1
8a2f4b1c-3d5e-4f7a-9b2c-1e4f6d8a9c2b,rules-threat-hunting,medium,experimental,windows,image_load,,defense-impairment,1,0
671bb7e3-a020-4824-a00e-2ee5b55f385e,rules-threat-hunting,low,test,windows,image_load,,execution,1,0
3c21219b-49b5-4268-bce6-c914ed50f09c,rules-threat-hunting,medium,test,windows,network_connection,,execution,1,1
4c5fba4a-9ef6-4f16-823d-606246054741,rules-threat-hunting,high,test,windows,network_connection,,execution,1,0
cfed2f44-16df-4bf3-833a-79405198b277,rules-threat-hunting,medium,test,windows,network_connection,,execution|stealth,1,1
468a8cea-2920-4909-a593-0cbe1d96674a,rules-threat-hunting,medium,test,windows,network_connection,,stealth,1,1
8e5e38e4-5350-4c0b-895a-e872ce0dd54f,rules-threat-hunting,low,test,windows,network_connection,,stealth,1,0
1f21ec3f-810d-4b0e-8045-322202e22b4b,rules-threat-hunting,low,test,windows,network_connection,,execution,1,1
8cb4d14e-776e-43c2-8fb9-91e7fcea32b4,rules-threat-hunting,medium,test,windows,network_connection,,command-and-control,1,1
bcb03938-9f8b-487d-8d86-e480691e1d71,rules-threat-hunting,medium,test,windows,network_connection,,command-and-control,1,1
f3f3a972-f982-40ad-b63c-bca6afdfad7c,rules-threat-hunting,low,test,windows,pipe_created,,execution,1,0
d7326048-328b-4d5e-98af-86e84b17c765,rules-threat-hunting,medium,test,windows,ps_classic_start,,execution,1,1
812837bb-b17f-45e9-8bd0-0ec35d2e3bd6,rules-threat-hunting,low,test,windows,ps_classic_start,,execution,1,0
ea207a23-b441-4a17-9f76-ad5be47d51d3,rules-threat-hunting,low,test,windows,ps_module,,discovery,1,1
6dc5d284-69ea-42cf-9311-fb1c3932a69a,rules-threat-hunting,low,test,windows,ps_script,,collection|exfiltration,1,0
0c7686d5-c74e-4292-b224-2a08e956ebc4,rules-threat-hunting,medium,experimental,windows,ps_script,,collection|exfiltration|stealth,1,1
04580eed-e1d6-426b-a570-f6e64a4577f7,rules-threat-hunting,medium,experimental,windows,ps_script,,collection|exfiltration|stealth,1,1
4e485d01-e18a-43f6-a46b-ef20496fa9d3,rules-threat-hunting,medium,test,windows,ps_script,,stealth,1,0
8d31dd2e-b582-48ca-826e-dcaa2c1ca264,rules-threat-hunting,low,test,windows,ps_script,,defense-impairment,1,1
6df07c3b-8456-4f8b-87bb-fe31ec964cae,rules-threat-hunting,medium,test,windows,ps_script,,lateral-movement,1,1
064060aa-09fb-4636-817f-020a32aa7e9e,rules-threat-hunting,medium,test,windows,ps_script,,discovery,1,1
b8af5f36-1361-4ebe-9e76-e36128d947bf,rules-threat-hunting,low,test,windows,ps_script,,stealth,1,1
9a7afa56-4762-43eb-807d-c3dc9ffe211b,rules-threat-hunting,medium,test,windows,ps_script,,exfiltration,1,0
f3a98ce4-6164-4dd4-867c-4d83de7eca51,rules-threat-hunting,medium,test,windows,ps_script,,stealth,1,1
19d65a1c-8540-4140-8062-8eb00db0bba5,rules-threat-hunting,medium,test,windows,ps_script,,execution,1,1
9f22ccd5-a435-453b-af96-bf99cbb594d4,rules-threat-hunting,medium,test,windows,ps_script,,execution,1,1
0f920ebe-7aea-4c54-b202-9aa0c609cfe5,rules-threat-hunting,medium,test,windows,process_access,,credential-access,1,0
fa34b441-961a-42fa-a100-ecc28c886725,rules-threat-hunting,medium,test,windows,process_access,,credential-access,1,1
678dfc63-fefb-47a5-a04c-26bcf8cc9f65,rules-threat-hunting,medium,test,windows,process_access,,credential-access,1,1
250ae82f-736e-4844-a68b-0b5e8cc887da,rules-threat-hunting,medium,test,windows,process_access,,privilege-escalation|stealth,1,0
b717b8fd-6467-4d7d-b3d3-27f9a463af77,rules-threat-hunting,low,test,windows,process_creation,,collection,1,1
bb19e94c-59ae-4c15-8c12-c563d23fe52b,rules-threat-hunting,low,test,windows,process_creation,,stealth,1,0
0090b851-3543-42db-828c-02fee986ff0b,rules-threat-hunting,informational,test,windows,process_creation,,defense-impairment|execution,1,1
4f4eaa9f-5ad4-410c-a4be-bc6132b0175a,rules-threat-hunting,low,test,windows,process_creation,,discovery,1,1
65e4c134-ee52-4099-9e35-5e17a4b45c62,rules-threat-hunting,low,test,windows,process_creation,,execution|stealth,1,1
00ca75ab-d5ce-43be-b86c-55ff39c6abfc,rules-threat-hunting,medium,test,windows,process_creation,,execution,1,0
acf2807c-805b-4042-aab9-f86b6ba9cb2b,rules-threat-hunting,medium,test,windows,process_creation,,stealth,1,1
9a517fca-4ba3-4629-9278-a68694697b81,rules-threat-hunting,medium,test,windows,process_creation,,command-and-control,1,1
bbeaed61-1990-4773-bf57-b81dbad7db2d,rules-threat-hunting,low,test,windows,process_creation,,command-and-control,1,1
00bca14a-df4e-4649-9054-3f2aa676bc04,rules-threat-hunting,medium,test,windows,process_creation,,command-and-control|exfiltration,1,1
3286d37a-00fd-41c2-a624-a672dcd34e60,rules-threat-hunting,medium,test,windows,process_creation,,command-and-control,1,1
241d52b5-eee0-49d0-ac8a-8b9c15c7221c,rules-threat-hunting,medium,test,windows,process_creation,,execution|stealth,1,1
56b1dde8-b274-435f-a73a-fb75eb81262a,rules-threat-hunting,medium,test,windows,process_creation,,execution|stealth,1,1
0c2f8629-7129-4a8a-9897-7e0768f13ff2,rules-threat-hunting,medium,test,windows,process_creation,,execution|stealth,1,1
9eb271b9-24ae-4cd4-9465-19cfc1047f3e,rules-threat-hunting,low,test,windows,process_creation,,stealth,1,1
fb0b815b-f5f6-4f50-970f-ffe21f253f7a,rules-threat-hunting,medium,test,windows,process_creation,,stealth,1,0
1a0f6f16-2099-4753-9a02-43b6ac7a1fa5,rules-threat-hunting,medium,test,windows,process_creation,,credential-access,1,0
c2b478fc-09bf-40b2-8768-ab3ec8d61c9a,rules-threat-hunting,medium,test,windows,process_creation,,stealth,1,1
419dbf2b-8a9b-4bea-bf99-7544b050ec8d,rules-threat-hunting,medium,test,windows,process_creation,,execution|stealth,1,1
d48c5ffa-3b02-4c0f-9a9e-3c275650dd0e,rules-threat-hunting,low,test,windows,process_creation,,stealth,1,0
183e7ea8-ac4b-4c23-9aec-b3dac4e401ac,rules-threat-hunting,low,test,windows,process_creation,,discovery|lateral-movement,1,0
2238d337-42fb-4971-9a68-63570f2aede4,rules-threat-hunting,medium,test,windows,process_creation,,lateral-movement,1,1
9bdaf1e9-fdef-443b-8081-4341b74a7e28,rules-threat-hunting,medium,test,windows,process_creation,,execution|stealth,1,1
d0d28567-4b9a-45e2-8bbc-fb1b66a1f7f6,rules-threat-hunting,low,test,windows,process_creation,,execution,1,0
ad856965-f44d-42a8-945e-bbf7bd03d05a,rules-threat-hunting,medium,test,windows,process_creation,,execution|stealth,1,1
4ad74d01-f48c-42d0-b88c-b31efa4d2262,rules-threat-hunting,low,test,windows,process_creation,,execution,1,1
51483085-0cba-46a8-837e-4416496d6971,rules-threat-hunting,low,test,windows,process_creation,,defense-impairment,1,1
e4b6d2a7-d8a4-4f19-acbd-943c16d90647,rules-threat-hunting,medium,test,windows,process_creation,,execution,1,1
ce2c44b5-a6ac-412a-afba-9e89326fa972,rules-threat-hunting,medium,test,windows,process_creation,,stealth,1,1
aa3168fb-d594-4f93-a92d-7a9ba675b766,rules-threat-hunting,medium,test,windows,process_creation,,command-and-control,1,1
7da7809e-f3d5-47a3-9d5d-fc9d019caf14,rules-threat-hunting,medium,test,windows,process_creation,,execution|persistence,1,1
bc533330-fc29-44c0-b245-7dc6e5939c87,rules-threat-hunting,medium,test,windows,process_creation,,execution|persistence,1,1
d1a401ab-8c47-4e86-a7d8-2460b6a53e4a,rules-threat-hunting,medium,test,windows,process_creation,,execution,1,1
e79a9e79-eb72-4e78-a628-0e7e8f59e89c,rules-threat-hunting,medium,stable,windows,process_creation,,stealth,1,1
d81a9fc6-55db-4461-b962-0e78fea5b0ad,rules-threat-hunting,medium,test,windows,process_creation,,stealth,1,1
57712d7a-679c-4a41-a913-87e7175ae429,rules-threat-hunting,low,test,windows,process_creation,,discovery,1,1
9494479d-d994-40bf-a8b1-eea890237021,rules-threat-hunting,medium,test,windows,process_creation,,execution|persistence|privilege-escalation,1,1
e0552b19-5a83-4222-b141-b36184bb8d79,rules-threat-hunting,medium,test,windows,process_creation,,stealth,1,0
27a72a60-7e5e-47b1-9d17-909c9abafdcd,rules-threat-hunting,medium,test,windows,process_creation,,collection,1,0
61065c72-5d7d-44ef-bf41-6a36684b545f,rules-threat-hunting,medium,test,windows,process_creation,,execution|privilege-escalation,1,0
9cd55b6c-430a-4fa9-96f4-7cadf5229e9f,rules-threat-hunting,medium,test,windows,process_creation,,credential-access,1,1
90b63c33-2b97-4631-a011-ceb0f47b77c3,rules-threat-hunting,low,test,windows,process_creation,,stealth,1,1
35efb964-e6a5-47ad-bbcd-19661854018d,rules-threat-hunting,medium,test,windows,process_creation,,persistence,1,1
c75309a3-59f8-4a8d-9c2c-4c927ad50555,rules-threat-hunting,medium,test,windows,process_creation,,command-and-control|exfiltration,1,1
37ae075c-271b-459b-8d7b-55ad5f993dd8,rules-threat-hunting,medium,test,windows,process_creation,,defense-impairment,1,1
349d891d-fef0-4fe4-bc53-eee623a15969,rules-threat-hunting,medium,test,windows,process_creation,,stealth,1,1
538c5851-8c03-4724-8ec4-623bc7aadaea,rules-threat-hunting,low,experimental,windows,process_creation,,initial-access|reconnaissance,1,1
bafd07c6-3ea5-454a-b4be-058fbb073de7,rules-threat-hunting,low,experimental,windows,process_creation,,privilege-escalation|stealth,1,1
95724fc1-a258-4674-97db-a30351981c5a,rules-threat-hunting,medium,test,windows,process_creation,,execution,1,1
86085955-ea48-42a2-9dd3-85d4c36b167d,rules-threat-hunting,low,test,windows,process_creation,,impact,1,1
63332011-f057-496c-ad8d-d2b6afb27f96,rules-threat-hunting,informational,test,windows,process_creation,,discovery,1,1
f8de9dd5-7a63-4cfd-9d0c-ae124878b5a9,rules-threat-hunting,low,experimental,windows,process_creation,,command-and-control|execution|lateral-movement,1,1
c1477deb-37cf-4439-9ffb-44499acb89d0,rules-threat-hunting,medium,experimental,windows,process_creation,,exfiltration,1,0
7674f8ef-7141-4cf0-a311-ee359264c64c,rules-threat-hunting,medium,experimental,windows,process_creation,,exfiltration,1,0
d85ecdd7-b855-4e6e-af59-d9c78b5b861e,rules-threat-hunting,low,test,windows,process_creation,,discovery,1,1
1e33157c-53b1-41ad-bbcc-780b80b58288,rules-threat-hunting,medium,test,windows,process_creation,,execution,1,1
dec44ca7-61ad-493c-bfd7-8819c5faa09b,rules-threat-hunting,medium,test,windows,process_creation,,execution|stealth,1,1
59b39960-5f9d-4a49-9cef-1e4d2c1d0cb9,rules-threat-hunting,medium,test,windows,process_creation,,execution,1,1
93ff0ceb-e0ef-4586-8cd8-a6c277d738e3,rules-threat-hunting,low,test,windows,registry_event,,execution|persistence|privilege-escalation,1,1
a0bed973-45fa-4625-adb5-6ecdf9be70ac,rules-threat-hunting,medium,test,windows,registry_set,,defense-impairment|persistence,1,1
1c2a3268-3881-414a-80af-a5b313b14c0e,rules-threat-hunting,medium,test,windows,registry_set,,execution|persistence|privilege-escalation|stealth,1,1
f9d091f6-f1c7-4873-a24f-050b4a02b4dd,rules-threat-hunting,low,test,windows,registry_set,,execution,1,0
277dc340-0540-42e7-8efb-5ff460045e07,rules-threat-hunting,medium,test,windows,registry_set,,defense-impairment|persistence,1,0
868df2d1-0939-4562-83a7-27408c4a1ada,rules-threat-hunting,low,test,windows,registry_set,,persistence,1,1
7e4bfe58-4a47-4709-828d-d86c78b7cc1f,rules-compliance,low,stable,,,netflow,credential-access,1,0
1a395cbc-a84a-463a-9086-ed8a70e573c7,rules-compliance,medium,experimental,qualys,,,initial-access,1,0
6b2066c8-3dc7-4db7-9db0-6cc1d7b0dde9,rules-compliance,low,experimental,qualys,,,,0,0
