consulta,post_utiles,post_expuestos,post_vacia,pre_utiles,pre_expuestos,q0,q1,q2,q3,q4,q5,q6,q7,q8,q9,q10,q11,q12,q13,q14,q15,q16,q17,q18,q19,q20,q21,q22,q23,q24,q25,q26,q27,q28,q29,q30,q31,q32,q33,q34,q35,q36,q37,q38,q39,q40,q41,q42,q43,q44,q45,q46,q47,q48,q49,q50,q51,q52,q53,q54,q55,q56,q57,q58,q59,q60,q61,q62,q63
0,2,8,0,10,0,-0.15618,-0.09288,-0.00861,0.03466,-0.13805,-0.02842,0.01425,-0.03393,0.17049,0.23030,0.06699,-0.23485,0.11520,-0.05300,-0.07244,0.31211,0.00732,-0.15960,0.18463,-0.11936,0.11842,-0.03430,-0.03260,0.00694,0.12712,0.11142,0.08318,0.15719,-0.05829,-0.01355,-0.20579,0.06238,0.18787,-0.18560,-0.00964,-0.14391,-0.05187,-0.10581,-0.02489,0.08363,-0.03173,-0.17978,-0.02292,-0.18168,0.15196,0.01897,0.22275,-0.05084,-0.04652,0.18181,0.05621,0.11399,0.16454,0.13330,0.10624,0.07148,0.08171,0.20392,-0.14173,0.10749,-0.07425,-0.07329,-0.13717,0.08389
1,0,10,1,10,0,0.04659,0.05359,0.18519,0.22491,0.15547,-0.07664,0.03801,0.04079,0.05304,0.00362,-0.02724,0.10412,0.11753,0.08282,-0.26304,-0.26689,-0.16423,0.05897,0.00410,0.09393,0.09072,0.05944,-0.08173,0.06883,-0.04229,0.04677,-0.17384,-0.00343,-0.06159,0.01195,-0.07210,-0.10222,0.21151,-0.02891,-0.17761,-0.04116,0.13665,-0.00771,0.02855,-0.18627,-0.00301,0.01442,-0.03350,0.01965,0.21922,0.16356,-0.10494,-0.25816,0.24845,0.19553,0.00428,0.19103,0.02133,-0.02436,0.14831,-0.00774,0.13839,0.27868,0.00406,0.05039,0.08371,0.05898,-0.11011,0.12790
2,0,10,1,10,0,0.05904,0.04649,0.08333,-0.08436,0.06203,0.01253,0.14278,0.05689,-0.25698,0.43745,0.08788,-0.08809,-0.16736,0.19328,-0.05263,-0.01821,0.00314,-0.06906,0.19849,-0.30514,-0.01290,0.05190,-0.05164,-0.12514,0.11277,-0.05206,0.04868,0.13948,-0.00400,-0.06896,0.03315,-0.02998,-0.02362,-0.08654,-0.07260,-0.18202,0.01309,-0.03399,0.09261,-0.02701,-0.21518,-0.07856,0.10028,0.00061,-0.10445,0.07479,0.20724,0.13940,0.07151,0.18598,0.02235,-0.14358,-0.22286,-0.03466,-0.09112,0.06727,-0.18318,-0.04252,-0.06082,0.03435,0.14413,-0.07000,0.01309,0.14045
3,0,10,1,10,0,-0.02848,0.05268,0.08548,-0.15324,0.16145,-0.10903,0.01199,0.11933,0.16766,-0.00182,0.02545,0.03908,0.03228,0.24068,0.03747,-0.09071,-0.03303,0.13523,0.13525,-0.09222,-0.03552,-0.15413,0.22434,-0.05808,-0.14136,0.00417,0.04593,-0.03349,-0.02832,-0.08714,0.10563,0.09818,-0.03434,-0.19934,0.06694,-0.16843,0.16442,0.11402,-0.25026,0.08301,-0.04787,-0.00487,0.17603,0.10020,0.15262,-0.12440,0.16910,-0.12556,0.03434,0.04576,-0.07893,0.26130,0.15463,-0.07331,-0.13726,0.18240,-0.07729,0.03044,0.06536,-0.08039,-0.25823,-0.12066,-0.24406,0.09836
4,0,10,1,10,0,-0.03465,0.16815,0.04607,-0.00458,0.24489,0.07984,-0.18510,-0.01870,0.06069,-0.18109,-0.22565,-0.13033,-0.09081,-0.00228,-0.03530,-0.11569,0.20208,-0.14421,0.06108,-0.10426,-0.05044,0.09006,0.01162,0.02427,-0.24334,-0.04645,-0.05537,0.02537,0.42043,0.10490,-0.05989,0.15264,-0.15059,-0.08408,0.17507,-0.20557,-0.06494,0.11453,0.01075,-0.02145,0.00416,0.00528,-0.01271,0.11155,-0.13145,0.05369,0.07833,-0.07734,-0.12536,-0.05198,0.08695,0.09823,-0.15739,-0.03880,-0.07161,0.05913,0.11777,-0.01349,0.22865,0.03272,0.14991,-0.03528,-0.16613,0.13442
5,0,10,1,10,0,-0.03105,-0.02614,0.02742,0.19381,-0.14909,0.13407,0.15033,-0.10115,-0.03852,0.11445,-0.39938,-0.10341,-0.04036,-0.13795,0.09070,0.00526,-0.05964,-0.16064,-0.02175,0.14799,-0.09767,0.20097,-0.13502,0.07001,0.28218,0.08044,-0.01073,-0.09781,0.14285,-0.03910,0.15625,-0.05849,-0.15842,-0.05094,-0.14581,-0.01539,0.01893,0.18767,-0.16403,0.02655,-0.05898,-0.15174,-0.08093,0.21772,0.09122,-0.08224,-0.05975,0.10704,-0.07930,0.07918,0.12109,-0.12096,-0.04055,0.04358,0.10443,0.09651,0.19571,-0.02247,0.09706,-0.06132,-0.03695,0.16376,-0.03891,-0.18086
6,2,8,0,10,0,-0.05771,0.17895,0.09331,-0.02612,0.06113,0.09842,0.12874,-0.02111,-0.00811,0.15487,-0.13448,0.05259,-0.04760,-0.04440,-0.19502,0.15752,0.14794,-0.06900,0.06308,0.23309,-0.11644,0.00823,-0.09741,-0.15326,-0.07509,0.16879,0.12090,-0.07437,0.05975,-0.07961,0.11713,0.18672,-0.12772,-0.04645,0.06593,-0.09398,0.01120,0.08550,0.07386,-0.15890,-0.15215,0.00310,-0.26331,-0.06039,0.02722,0.15203,-0.01273,-0.36132,-0.07029,-0.22136,0.01057,0.02390,-0.19544,0.14338,0.05545,0.00541,-0.01118,-0.03990,-0.01676,0.14073,-0.09379,-0.12931,-0.28032,-0.07499
7,6,4,0,10,0,-0.01984,0.12180,-0.04062,-0.05287,-0.15249,0.02029,0.10340,-0.25984,-0.00256,0.14227,0.00539,-0.00672,-0.01615,0.09683,-0.05317,-0.04784,0.00716,0.09363,0.19531,-0.20977,-0.12418,-0.03342,0.02024,-0.01643,0.08373,-0.01609,0.20386,0.02595,-0.24590,-0.22021,0.17329,0.00356,-0.19532,-0.16062,-0.32566,0.09352,0.12782,0.17126,-0.00077,0.04731,0.11464,-0.02793,0.01571,-0.08978,0.11143,-0.17564,0.04396,0.02794,-0.03504,0.18586,-0.20079,-0.00808,-0.02045,-0.12695,-0.07235,0.02496,-0.09817,-0.15604,0.07779,0.16264,-0.13677,0.00284,0.18101,-0.18790
8,2,8,0,10,0,0.01575,0.05453,-0.14180,-0.12184,0.01722,-0.04018,-0.04576,-0.32913,0.09876,-0.00735,0.14455,0.09899,-0.13166,-0.13185,-0.12491,-0.05306,0.07716,0.03977,-0.04719,0.03932,-0.09435,0.09426,-0.17957,0.25227,0.04878,-0.11563,-0.03450,0.10717,-0.21046,-0.36119,0.18883,0.06564,-0.00364,-0.13135,-0.00709,0.02197,-0.32234,0.06893,0.04056,-0.00533,-0.15597,0.06389,-0.18965,-0.05721,0.02370,0.13144,-0.07816,0.16687,-0.07296,0.12014,0.07579,-0.04004,0.03985,0.03711,-0.11859,0.18080,0.03974,0.03373,0.08612,-0.06111,-0.07564,-0.20070,0.04525,-0.03784
9,6,4,0,10,0,0.12015,0.02224,-0.00130,0.03854,-0.11796,0.01802,-0.15138,0.13864,-0.00092,-0.07957,0.18239,-0.01970,0.01647,-0.19881,0.06404,0.11692,0.08002,-0.04245,0.10394,-0.01424,0.07837,-0.07031,-0.33692,0.13280,0.14732,-0.08313,0.13565,-0.10581,-0.01237,-0.22954,-0.15882,-0.12980,0.06655,0.02876,0.19005,-0.08818,-0.11219,0.03804,0.11946,0.35627,-0.15046,0.05225,-0.10009,0.17385,0.03683,-0.09653,-0.01473,-0.03078,-0.02385,-0.05207,-0.05079,0.11528,0.18951,0.00196,-0.05974,0.18254,-0.01643,0.00372,-0.12757,-0.05324,0.23792,-0.04831,0.02233,-0.24993
10,9,1,0,10,0,0.13326,-0.07244,0.03506,0.04327,-0.14902,-0.12291,0.03037,-0.00835,0.14896,0.20309,-0.12952,-0.01024,0.14236,-0.15618,-0.27523,-0.02571,0.18710,-0.01591,-0.01870,0.12741,-0.10769,-0.05400,0.07398,0.01044,-0.04706,0.05234,0.12622,-0.03022,-0.15555,-0.27565,-0.08216,-0.10994,0.12719,0.07213,0.17457,0.07183,0.21697,-0.18941,0.19948,-0.04104,-0.22163,0.07732,0.14144,-0.04218,-0.02945,-0.06640,0.11489,0.12524,0.12471,-0.06080,-0.17741,-0.03510,0.22860,-0.00321,-0.01790,0.02722,-0.11818,0.19517,-0.15701,-0.04895,-0.03348,-0.03388,0.04746,-0.20012
11,0,10,1,10,0,0.00225,0.01052,-0.24491,0.02264,-0.09528,-0.04152,-0.03056,-0.01290,-0.17960,-0.19087,-0.08071,-0.01044,-0.07965,-0.04328,-0.02325,-0.01581,0.38024,0.04771,0.05484,0.24522,-0.09144,0.00883,0.26170,-0.01639,-0.06573,-0.12653,-0.04667,0.07982,-0.11900,-0.04937,0.05294,-0.04921,0.05574,-0.13727,0.05772,-0.22965,0.23196,0.13742,-0.14536,-0.05902,-0.12105,-0.01717,-0.07305,0.13579,0.02917,-0.01240,0.08603,-0.09923,-0.02382,0.00360,0.05710,0.08529,0.20660,0.16801,0.13773,0.04444,-0.02980,-0.18700,-0.21940,0.15037,0.07941,-0.22669,0.02445,-0.07151
12,2,8,0,10,0,-0.07451,-0.00934,0.22459,0.13583,0.15618,-0.05281,-0.05160,0.14833,0.03403,0.08918,0.18512,0.03615,-0.08675,0.14783,0.13655,0.02084,0.16712,0.12148,0.04344,0.18316,0.02607,-0.08642,0.00981,-0.02992,-0.07319,0.09001,-0.01697,0.01634,-0.29634,0.17017,-0.07297,0.14539,0.03880,-0.18931,-0.08389,-0.02306,0.10401,-0.03175,0.14268,-0.24761,-0.00862,0.02135,-0.05849,-0.18962,-0.24831,0.21040,0.13877,0.08490,-0.14776,-0.18955,-0.05819,-0.03676,-0.06062,0.01205,-0.09612,0.29254,-0.15650,0.05160,0.12586,-0.00337,-0.05852,0.12551,0.04333,-0.00789
13,0,10,1,10,0,0.10404,0.02804,0.06926,-0.15680,0.13154,-0.08437,-0.08270,-0.13028,0.07856,-0.13586,-0.09049,0.04199,-0.12924,-0.10727,0.09498,-0.36814,-0.05784,0.07951,0.04513,0.11639,0.09877,-0.09311,0.36535,-0.08989,-0.04780,-0.02152,0.05781,0.06250,-0.26761,-0.21702,-0.02130,0.04030,-0.12347,-0.10632,0.04054,0.10484,-0.03943,0.06153,-0.23259,0.13075,-0.03119,-0.11991,-0.08952,0.11814,-0.12157,0.15625,0.01339,-0.23229,-0.10782,-0.06326,0.02241,-0.22894,0.00857,-0.06685,0.03537,0.09948,-0.12725,-0.04790,-0.00921,0.12328,0.12571,0.02401,0.04280,-0.06944
14,0,10,1,10,0,-0.01788,0.02638,-0.05944,-0.04563,0.18285,-0.14087,-0.01714,-0.13826,-0.27299,0.07531,-0.20748,0.06407,-0.32151,0.00247,0.02110,0.10844,0.22330,-0.06199,0.03497,-0.07156,-0.05789,0.07656,0.01085,-0.00948,0.07961,0.08325,-0.00516,-0.17153,0.09216,0.09728,-0.02006,0.05595,0.10915,0.10348,0.01772,0.04036,0.07248,-0.06356,0.07591,0.11232,-0.17754,-0.21193,0.09744,0.06639,0.18221,0.04173,0.21987,0.27649,-0.12063,-0.08581,-0.09306,-0.21172,-0.01203,0.11073,0.19175,-0.04836,0.01161,-0.13731,-0.18716,-0.16586,0.16853,0.04445,0.05403,0.00489
15,0,10,1,10,0,0.24082,-0.04456,-0.19424,0.24915,-0.09589,0.01066,-0.28072,0.05532,0.06497,0.13713,0.12492,-0.08144,0.29860,0.14137,-0.18026,0.07348,0.03658,0.07647,-0.20496,-0.01688,0.01778,-0.08842,-0.05518,-0.08205,-0.03614,-0.20369,0.11005,-0.05795,0.02960,0.09024,0.08257,-0.08261,0.10984,-0.06403,0.15278,0.16324,-0.16260,0.10978,0.08315,-0.02885,-0.02733,0.14199,-0.03961,-0.17734,0.17169,0.17734,-0.11449,-0.05135,0.12191,0.08692,-0.04855,-0.05582,0.11169,-0.21857,-0.05097,-0.03307,0.02023,0.11416,0.00541,-0.00026,-0.12279,0.08742,0.16818,0.09548
16,2,8,0,10,0,-0.02853,-0.04741,-0.00080,-0.16069,-0.02389,-0.13166,0.04954,-0.02993,-0.06880,0.02316,-0.15736,0.08235,-0.02082,0.12520,0.04430,-0.07695,-0.04314,-0.09486,0.03923,-0.29007,0.05424,-0.02882,0.02919,-0.07251,0.18715,0.04479,0.05040,-0.06055,0.38538,0.05908,0.07189,-0.00515,-0.09322,0.11516,-0.16385,0.00230,0.21112,-0.16913,-0.21217,0.00543,0.02590,0.14724,0.18160,-0.03920,-0.06817,0.03511,0.15113,0.13522,-0.08826,0.04553,-0.03222,0.11710,0.11570,0.10402,-0.08277,-0.18786,-0.03164,-0.20993,0.27344,0.14967,-0.22864,-0.00075,0.04494,0.15426
17,9,1,0,10,0,-0.13958,0.09527,-0.03626,-0.03347,-0.23717,0.10120,0.05036,0.05340,-0.15628,-0.15719,-0.02432,-0.11474,0.02455,-0.07490,0.03604,-0.03244,-0.30384,-0.10744,0.17792,-0.02931,0.11404,-0.04943,-0.07671,0.06452,0.12807,-0.04629,0.02868,0.16065,-0.02788,-0.05418,0.29793,-0.16764,0.00117,-0.02800,-0.03217,0.12905,-0.09020,0.00325,-0.09541,0.08551,-0.11603,-0.11071,-0.07727,0.04914,0.17707,0.04554,0.26968,0.23726,-0.07624,0.27518,0.03050,0.07036,0.06327,0.14304,-0.20987,-0.13605,0.11368,-0.03871,-0.03438,0.08496,0.01595,0.01535,0.13764,0.20438
18,3,7,0,10,0,0.06283,-0.13191,-0.15460,0.21863,-0.11709,-0.12934,-0.03482,0.01219,0.18014,0.04910,-0.08591,-0.07083,0.03298,-0.04388,-0.19543,-0.00618,0.15336,0.03023,-0.01075,0.05701,-0.10402,0.04525,-0.08356,0.20077,-0.20910,-0.07757,0.00309,-0.03103,0.22195,-0.10415,0.17603,0.06214,0.05597,-0.12654,0.07595,0.03437,0.11542,0.06515,0.15817,-0.03798,-0.14391,0.18058,0.11802,-0.19486,-0.14150,-0.06667,0.02402,-0.09152,0.09182,0.35246,0.10217,-0.14528,-0.11754,0.07452,0.02808,0.02485,-0.13115,0.01134,0.27699,0.06836,-0.22523,0.05328,-0.01474,-0.08228
19,0,10,1,10,0,-0.00764,0.03113,0.22392,-0.00952,0.02211,-0.19532,-0.16542,0.10472,-0.11624,0.14114,0.26803,-0.20032,0.07694,0.05597,-0.02391,0.25927,0.08693,0.00785,-0.01615,0.11633,0.03178,-0.02711,0.26825,0.08520,0.02617,0.10835,-0.01507,0.00141,0.02093,0.13528,0.04003,0.19907,-0.10599,-0.11158,0.13363,-0.10372,0.05132,0.33216,-0.04679,-0.07418,0.11952,-0.15657,-0.09443,-0.07422,0.02262,0.12596,0.02699,0.02063,0.00617,0.14122,0.04747,-0.01106,-0.20945,0.20723,0.02471,0.14156,0.08193,-0.13085,-0.06364,-0.21921,0.02911,0.07550,-0.11392,0.07441
20,10,0,0,10,0,0.15378,-0.12881,-0.11076,-0.10772,-0.01817,0.05594,0.14686,0.02309,0.05736,-0.03689,-0.11511,0.00117,0.17906,0.11397,-0.07963,0.11758,-0.14809,-0.22790,-0.32126,0.08546,-0.10559,-0.18656,-0.04868,-0.13189,-0.02964,-0.16145,0.06008,0.02470,0.05206,0.01966,-0.06240,-0.20007,0.01558,-0.01183,0.28167,0.26220,-0.04258,-0.06214,-0.03096,0.09172,-0.01885,-0.23723,-0.00651,-0.06537,0.12543,0.08105,0.17577,0.05688,-0.18119,-0.06606,-0.01156,-0.12195,0.19779,0.10596,-0.05623,0.16811,0.08095,-0.06009,0.07588,-0.02504,0.12032,-0.02516,0.02895,-0.22707
21,8,2,0,10,0,-0.21027,0.00542,0.15554,0.11914,-0.12052,0.09020,-0.09575,-0.01452,0.15502,-0.06380,-0.06666,-0.12299,0.01186,-0.17946,-0.07372,-0.04062,0.15779,-0.07515,-0.24739,0.22840,-0.02523,-0.15987,-0.10378,-0.09749,0.00467,0.12186,0.09443,0.12234,-0.01418,-0.09518,-0.01778,0.16345,-0.11364,-0.02747,-0.13003,0.23640,0.12260,-0.02401,0.18012,0.03669,-0.18521,0.04083,-0.00809,-0.04631,0.08511,0.12337,-0.14723,0.15808,-0.18749,-0.04829,0.18941,-0.09366,-0.10619,-0.02109,-0.25670,-0.00220,0.09280,-0.08855,0.02276,0.17466,0.21805,-0.03661,0.15298,0.10056
22,0,10,1,10,0,-0.06400,-0.11609,-0.18458,-0.01822,-0.07310,-0.02397,-0.29403,0.05544,0.08339,-0.25680,0.15538,-0.12219,-0.02939,0.01671,0.18186,0.01020,-0.05624,-0.01656,0.19996,-0.06363,-0.01530,-0.19071,0.03482,-0.06103,-0.05766,-0.02621,0.26046,0.05927,0.08560,-0.26887,-0.08777,-0.13787,-0.05749,0.09309,-0.08230,-0.04882,0.02620,0.12379,-0.08738,-0.26175,-0.07728,-0.08888,-0.02002,0.07927,0.19040,-0.01575,-0.03638,-0.21232,-0.17135,0.07230,-0.18667,0.08312,-0.06198,0.09978,0.07262,-0.03891,-0.09375,-0.12529,-0.09022,0.14814,-0.14784,0.02408,0.11474,0.17817
23,1,9,0,10,0,0.03096,-0.03967,-0.10388,0.08210,-0.17929,0.18665,0.27767,-0.10506,0.12505,0.08563,-0.06577,0.01434,0.14249,-0.00340,-0.11063,0.31102,-0.14129,-0.07321,-0.00346,-0.02596,-0.01081,0.27920,-0.08233,-0.11875,0.14310,0.21889,0.28718,-0.07270,-0.00570,-0.10548,-0.13024,0.14448,0.06923,0.14865,0.11676,0.03874,0.07696,0.08108,0.10774,-0.00980,0.02695,0.08047,0.06031,0.00023,0.21960,0.07371,-0.13673,-0.02955,-0.11991,-0.09477,0.08094,0.01028,0.09828,0.06614,-0.05607,0.24164,0.09745,-0.23601,-0.03945,0.04069,-0.03813,-0.03131,-0.02220,0.10352
24,6,4,0,10,0,0.14590,0.07690,-0.13411,0.07019,-0.00818,0.04642,0.12011,-0.13643,0.10753,-0.02199,0.01108,-0.08701,0.23357,0.00742,-0.01664,0.06051,0.06845,-0.03634,-0.04310,-0.26595,-0.00453,-0.20754,0.11920,-0.11436,0.04170,-0.24505,0.05946,0.11198,-0.06038,0.00765,-0.11890,-0.16531,0.33096,0.11465,0.10131,0.17632,0.13887,-0.01558,-0.07603,0.11252,-0.12702,0.13230,-0.00469,-0.05265,-0.13465,-0.06171,0.01074,0.05297,-0.04887,-0.08142,0.02478,-0.11381,-0.27294,0.16662,0.02971,0.12531,-0.03032,-0.03586,0.06981,-0.02094,0.13065,-0.15843,-0.32476,0.06674
25,6,4,0,10,0,-0.24859,0.01729,0.09575,-0.11682,-0.07690,0.10978,-0.07412,-0.05338,0.03842,0.07200,-0.19869,-0.07725,0.21625,0.02212,-0.11653,0.13608,-0.07186,0.12961,-0.06015,0.14731,0.13032,0.08382,-0.01888,0.02156,0.17071,0.25938,0.01367,0.00813,0.02203,-0.08965,-0.15338,0.05740,0.09631,0.26343,0.03346,0.23026,-0.08504,0.23003,-0.05277,-0.14180,0.14592,-0.07684,0.00062,0.05923,-0.00430,0.14299,-0.07249,-0.01458,-0.04050,-0.24255,0.15607,-0.05548,0.05351,-0.10292,-0.18490,0.00158,0.10772,0.20035,0.13068,-0.23324,-0.13477,-0.01355,-0.04642,-0.03802
26,1,9,0,10,0,0.15673,-0.06499,0.00420,0.05623,0.18983,-0.07600,0.19625,-0.08261,0.07584,0.00118,0.14541,-0.07935,0.06272,0.03179,-0.06746,-0.01542,-0.17383,-0.06660,-0.01475,0.35242,-0.05379,0.10114,0.08504,-0.09913,-0.13047,-0.08579,0.02623,-0.15711,-0.10073,0.21146,-0.16810,0.12478,0.06808,-0.02949,0.02415,-0.12766,0.11007,0.04935,0.12308,-0.03092,0.28300,-0.04890,0.25292,-0.00346,-0.00800,0.02847,-0.01669,-0.14034,-0.22213,-0.12847,0.13652,0.14859,-0.10724,0.10507,-0.00790,0.12746,0.17316,-0.09783,-0.03020,0.17552,-0.16615,-0.09163,0.15226,-0.06359
27,9,1,0,10,0,-0.12290,0.19642,0.04261,0.19871,0.01625,-0.07673,-0.02433,-0.20780,-0.13615,0.00472,0.19526,0.04474,-0.10556,-0.20772,0.06927,-0.06506,-0.14643,-0.03680,-0.14805,-0.00230,0.02081,-0.29176,-0.17864,-0.02047,0.00455,-0.11384,-0.04865,-0.03232,-0.11263,0.07118,-0.03567,-0.19667,0.10035,0.01721,-0.03490,-0.05750,-0.13866,-0.04417,-0.09647,-0.31777,-0.15911,0.06788,0.11016,-0.10103,0.03787,-0.09570,0.09664,-0.16388,0.01552,0.08097,-0.01120,0.08131,0.04493,-0.09569,-0.31514,0.21608,-0.01330,0.01966,0.12635,0.06282,-0.14099,0.07011,0.11773,-0.14537
28,9,1,0,10,0,-0.07191,-0.02346,0.10551,0.12685,-0.10074,0.13491,-0.20388,0.07516,-0.24602,-0.11251,-0.16935,0.10016,0.00157,-0.32142,-0.14131,-0.20002,0.03939,0.10424,-0.11450,-0.11714,-0.23893,0.02500,0.02061,0.01530,-0.06574,-0.06443,0.05324,0.06526,0.17007,-0.08764,-0.21341,-0.02635,-0.22130,-0.25427,0.20377,0.04463,-0.01350,-0.03002,0.08641,-0.17310,-0.02341,0.15014,0.11572,-0.01556,-0.07071,0.14317,-0.11837,-0.17125,0.08744,0.06000,0.08706,0.23161,0.01701,-0.04192,0.00115,0.00149,0.02998,0.00886,-0.06357,0.17075,-0.04016,0.01873,-0.07198,-0.05680
29,0,10,1,10,0,-0.06316,0.19441,0.01414,0.22513,0.00490,-0.13275,-0.07864,-0.09574,-0.14496,0.00604,0.02798,0.02531,0.07676,0.03876,-0.07010,0.22393,0.12661,-0.03460,-0.02193,-0.06470,-0.20716,0.06214,0.06158,0.06766,0.07003,-0.01091,-0.04288,-0.08955,0.27000,0.00642,0.08940,0.06494,0.11530,0.06821,-0.13032,-0.20149,-0.16280,0.08293,0.09191,0.13839,-0.01966,-0.21565,-0.12581,0.09710,0.25477,-0.08987,-0.05172,-0.07748,0.06832,0.07355,0.06865,0.04609,0.08590,-0.09336,0.07377,-0.15210,0.07702,-0.07937,-0.32367,-0.17328,-0.12014,-0.18650,0.10665,0.22984
30,0,10,1,10,0,-0.10436,-0.07186,0.09013,-0.06504,0.09332,0.08279,0.00397,0.33778,0.10292,0.05173,-0.19217,-0.09350,-0.10099,0.06951,-0.05796,-0.02531,0.06702,0.10459,0.10575,0.02552,0.15781,-0.01188,0.03685,-0.09953,-0.10191,0.08614,0.12046,0.15719,0.05564,0.04060,0.04506,0.07124,-0.01226,0.03629,-0.45528,-0.01991,0.06726,-0.02304,0.20325,-0.07057,0.16708,-0.11848,-0.05776,0.10971,0.15821,-0.08409,0.04964,-0.05954,-0.16696,-0.00931,-0.31791,-0.10669,0.03599,-0.00557,0.15870,-0.23539,-0.04610,-0.15571,-0.12720,-0.06999,-0.00060,0.02665,0.06491,0.02924
31,2,8,0,10,0,-0.28787,-0.04469,-0.03959,0.19069,-0.04820,0.05367,0.26908,0.00629,-0.02356,0.12104,-0.12271,0.17218,0.05616,0.10290,0.09746,0.03985,-0.00107,0.04108,0.14263,0.10342,-0.04604,0.08356,-0.03471,0.13018,0.08129,-0.11201,0.13008,-0.10752,-0.03845,0.08649,0.03272,-0.05591,-0.13756,-0.16333,-0.03234,-0.04774,0.24903,0.15527,-0.16790,-0.24501,-0.06477,0.13004,-0.13155,-0.03749,0.05493,-0.01346,0.00900,0.01186,-0.36994,0.08970,0.16851,0.11511,-0.14290,0.06661,0.04525,0.07971,0.13339,0.03795,-0.03270,0.04653,0.23865,0.13996,0.07404,0.05697
32,2,8,0,10,0,0.13191,0.10561,0.04179,0.02744,-0.07620,0.29123,0.05690,0.18153,-0.01530,0.11012,-0.17769,-0.01229,-0.10012,0.04405,-0.21686,0.09574,0.11794,0.00524,-0.26628,-0.00460,-0.00644,0.07302,-0.00288,0.07707,-0.21652,-0.10694,0.00224,-0.17031,-0.00436,0.11352,0.13077,0.03463,-0.06268,-0.22230,0.04165,-0.09609,0.02783,0.01168,-0.03479,0.02416,0.07621,0.41299,-0.08428,-0.12871,-0.13204,0.10858,0.04312,0.20974,0.10655,0.21125,0.00368,0.20011,-0.00320,0.00905,0.00280,0.03499,-0.07780,-0.02659,-0.12200,-0.18677,-0.01602,0.11525,0.04374,0.06089
33,2,8,0,10,0,0.06377,0.13484,-0.14471,-0.14016,0.11634,-0.19785,0.26688,-0.20350,-0.03344,-0.11849,-0.02336,0.07299,-0.19282,-0.05106,0.02965,0.09309,-0.00311,0.26740,-0.04542,-0.17562,-0.17424,-0.04904,0.08216,-0.06682,0.19793,-0.09322,0.02792,0.14045,-0.20366,-0.08857,0.01951,0.02408,0.12300,-0.10679,0.05634,-0.06516,-0.00520,-0.18797,-0.03363,0.13442,-0.05752,0.17334,0.18530,-0.12961,-0.14641,-0.13480,-0.01041,-0.04410,0.00125,-0.01856,-0.08924,0.04916,0.10827,0.30820,0.08050,0.09612,-0.07540,-0.03061,-0.13799,-0.17892,-0.15129,-0.05450,0.04695,0.02967
34,1,9,0,10,0,0.03382,-0.02176,0.11649,0.07443,0.43778,-0.01056,0.28536,-0.03604,0.07806,-0.04649,-0.06340,-0.01305,0.06165,-0.09695,-0.11795,0.23612,-0.04579,0.06110,0.00868,0.00340,-0.04023,0.06513,0.00733,-0.04533,0.08343,-0.11943,0.07259,0.27735,-0.19762,0.17996,-0.02844,-0.00821,-0.19302,0.00539,0.03869,-0.22847,0.06495,0.00131,-0.31061,-0.06563,-0.08886,-0.03507,0.12186,0.02917,-0.05338,0.14972,-0.04268,-0.12343,0.11140,-0.01228,-0.08608,0.13394,-0.07574,0.13155,-0.09190,-0.21606,0.00936,-0.06616,-0.05684,0.12877,0.05452,-0.05302,-0.00430,-0.10276
35,0,10,1,10,0,-0.17807,0.08241,-0.04767,-0.20817,0.14693,-0.02787,0.09621,0.09589,-0.08702,0.20150,0.03353,-0.02043,-0.13031,0.18645,-0.02390,0.04676,-0.10104,-0.03820,-0.17665,-0.07321,0.00607,-0.00227,0.00465,-0.21552,-0.13714,-0.28951,-0.05201,-0.05578,-0.04714,-0.03566,-0.00789,0.36362,0.01599,-0.04465,0.29734,-0.00767,-0.05791,-0.05662,-0.04740,0.06089,0.01192,-0.03716,-0.14634,-0.03670,-0.00578,0.11081,0.12427,0.33953,-0.07143,0.08752,-0.05488,0.04420,-0.18445,-0.15743,-0.06716,0.03010,-0.01543,-0.12865,-0.11205,-0.09522,-0.17934,-0.01653,-0.03451,-0.08573
36,7,3,0,10,0,0.01373,-0.04511,0.00369,0.07465,0.14454,0.07228,0.24948,-0.03712,0.11870,0.10323,-0.20000,0.08023,-0.04774,-0.15435,-0.22395,-0.00747,0.05492,0.05566,-0.00606,0.08602,-0.10607,-0.38228,-0.03257,-0.19606,0.16681,0.14009,-0.07852,0.04425,-0.13925,-0.01434,0.07508,0.06239,-0.01881,0.11873,0.03420,0.07869,0.10209,-0.21809,0.26019,-0.01367,0.13331,0.08033,0.11312,0.00768,0.17926,-0.12540,-0.13114,-0.09436,-0.08216,-0.08731,-0.10442,0.04128,0.04824,-0.16318,-0.03261,-0.06481,-0.01409,0.21288,0.11912,0.12303,-0.10138,0.15553,0.00397,0.17484
37,0,10,1,10,0,-0.02418,0.00038,-0.06766,-0.15522,-0.05358,-0.14474,-0.06190,0.15745,-0.04917,0.21611,-0.10230,-0.07994,0.10308,-0.03888,-0.19250,0.03481,-0.10997,-0.02099,0.16330,0.02291,0.02021,-0.07130,0.18302,-0.00361,0.14287,0.04382,-0.06554,-0.01673,-0.02714,-0.04456,-0.12929,-0.27858,-0.10488,-0.33725,0.06214,0.09750,0.00277,0.00026,0.07248,-0.13000,0.05220,0.08356,-0.02219,0.14451,0.14183,0.06808,-0.02631,-0.04306,-0.11335,0.11198,-0.00480,-0.00067,-0.00085,-0.05193,0.26450,0.07086,0.35092,0.18473,0.15964,0.03870,-0.11781,0.20041,-0.00469,-0.19798
38,0,10,1,10,0,0.13451,0.15130,-0.13327,0.18147,-0.14332,0.24689,0.00904,-0.13372,0.03458,0.13237,-0.12168,0.03497,-0.18354,-0.16843,0.13799,-0.12788,-0.06557,0.11312,-0.12195,-0.17871,0.02322,-0.12752,-0.00132,0.13601,0.12602,0.04695,0.05662,-0.09774,-0.08220,-0.02953,-0.11036,0.09231,0.24893,-0.08322,0.02225,0.11409,0.01899,-0.01080,0.03389,-0.07415,-0.01441,0.00650,0.10671,0.23850,0.13593,0.11900,0.05207,-0.11737,0.04625,0.23422,0.11749,-0.14587,-0.12062,-0.08769,0.05799,0.02376,-0.08897,-0.12865,0.04299,-0.27657,-0.07756,0.04574,-0.01510,-0.28589
39,1,9,0,10,0,0.12370,-0.02690,-0.17671,0.18575,-0.01677,-0.01445,0.20834,-0.04941,-0.14499,-0.09315,0.17361,0.01597,0.04754,-0.05603,0.07482,-0.20711,-0.04613,0.23367,-0.03510,0.00157,-0.05374,0.13133,0.11361,-0.08670,-0.08089,0.15655,0.25398,0.03293,0.14879,0.16122,0.05733,-0.10573,-0.17245,0.06273,-0.07007,0.09337,0.07323,-0.21673,-0.06979,-0.19026,-0.09483,-0.06380,-0.25792,0.03959,-0.18862,0.10793,-0.13591,0.29252,-0.09011,-0.01491,-0.04061,-0.04116,-0.11086,0.04795,-0.13054,0.10384,-0.03777,-0.15790,-0.03856,-0.08261,-0.03466,-0.01671,0.12869,0.14226
40,0,10,1,10,0,-0.24331,-0.11464,0.04616,0.04316,0.06084,-0.04997,-0.11635,0.15320,0.18052,-0.24770,0.22699,0.17361,0.12668,0.15344,0.10108,-0.06755,-0.13187,0.10652,0.01789,0.11978,-0.09655,-0.04453,0.10317,-0.16432,0.07556,-0.00255,0.26327,-0.08939,0.03805,0.08054,-0.05326,0.11629,0.00355,-0.15269,-0.00297,-0.14277,0.01673,0.12143,0.26214,-0.00528,-0.07502,-0.08069,0.12379,0.12052,-0.11854,0.00264,0.00824,0.08636,-0.14133,-0.04193,0.16581,-0.02212,-0.23439,-0.11415,-0.06475,-0.09287,0.20402,0.08137,0.01382,0.12028,0.00257,-0.00025,0.23622,0.10265
41,6,4,0,10,0,0.05126,0.02930,0.13127,-0.25900,0.01744,-0.01552,0.06142,0.17058,0.02340,0.04866,-0.07631,-0.19433,0.00981,0.03990,-0.08268,0.14507,-0.17363,-0.07404,-0.06088,0.05908,0.01251,0.09715,0.41438,-0.12183,-0.26192,0.12106,-0.01786,-0.00470,0.02652,-0.16577,0.24501,-0.02371,-0.09036,0.10877,0.07737,-0.11173,0.02619,-0.02010,0.21615,-0.01229,-0.22116,0.04946,-0.15042,-0.01328,-0.09261,0.15927,-0.07802,0.04848,0.12574,0.08342,-0.03923,-0.06590,-0.16147,-0.03789,0.19768,0.18729,0.06799,-0.11804,-0.11498,-0.09651,-0.10205,0.00601,0.08019,0.01053
42,2,8,0,10,0,-0.05153,0.16511,-0.07113,0.18810,0.14401,0.10200,0.03412,0.07955,0.05073,0.03288,-0.20430,0.09028,-0.09388,-0.26802,0.00145,0.19460,-0.00740,-0.04330,0.30284,0.18597,0.04356,0.12594,-0.03541,0.11099,0.03062,-0.07747,0.18164,0.01933,0.11924,-0.17039,0.07275,-0.04043,0.13178,0.12894,-0.07995,-0.16223,0.08115,0.06963,0.15644,-0.17524,-0.03863,0.08731,0.03806,-0.04096,-0.10901,-0.15370,-0.05035,-0.05569,-0.14107,0.16358,-0.03653,0.09450,0.09449,-0.02781,0.20995,0.13379,0.10900,-0.19881,0.18368,-0.20234,-0.00893,-0.10011,-0.11279,0.06842
43,10,0,0,10,0,-0.09948,-0.00857,0.00118,-0.03800,-0.16306,-0.00354,0.02908,-0.27677,0.19845,-0.07388,0.10514,0.12791,-0.14453,-0.06226,-0.12297,-0.16861,0.26263,0.07862,-0.08503,0.18078,0.10093,-0.19964,-0.04646,0.03580,-0.12881,0.07010,-0.20669,-0.11084,0.07742,0.04829,0.12030,0.24097,-0.10516,0.00778,-0.12258,0.10019,0.13703,0.06311,0.07538,-0.18899,0.11981,-0.17517,-0.14592,0.01606,0.15343,-0.03298,-0.04131,0.04413,-0.13066,-0.03210,0.00230,0.11621,0.19879,-0.05147,0.14047,0.02285,-0.10333,-0.06115,0.26343,0.14147,-0.08441,-0.08247,0.03360,-0.09957
44,2,8,0,10,0,-0.26609,0.00925,0.04441,-0.00789,-0.00488,-0.09272,-0.02854,-0.00098,-0.00558,-0.05156,0.01340,0.20779,-0.00864,0.08507,-0.25339,0.03665,0.26719,-0.12832,-0.06288,0.04544,0.02643,0.26303,0.02507,-0.06680,-0.00106,0.03963,-0.08858,0.05948,0.10392,0.00592,-0.28825,0.13536,0.11469,0.10963,0.17050,0.02644,0.07155,0.12875,-0.20926,0.04966,-0.25907,0.05076,-0.11908,-0.05061,-0.06680,-0.16205,-0.19400,0.19782,0.02410,-0.01027,-0.03020,0.00403,-0.11178,-0.06684,-0.18206,0.03845,-0.07368,-0.05326,0.26319,-0.09612,-0.03482,0.18880,0.10400,-0.01445
45,3,7,0,10,0,-0.01749,0.12997,-0.00600,0.05201,0.20460,0.02340,0.22962,-0.18190,-0.10378,-0.00509,-0.05505,-0.00815,0.03568,-0.00110,0.00220,-0.13304,-0.16961,0.01035,0.06722,0.08422,-0.00702,-0.06929,0.05438,-0.05106,-0.27558,0.12942,0.00452,-0.09026,-0.06216,0.18574,-0.21253,0.13844,-0.05130,0.03578,-0.09593,-0.00412,-0.22157,-0.11524,0.12825,-0.06091,0.15722,-0.05769,0.21204,-0.03425,-0.04501,0.22753,0.05404,0.23311,-0.00689,0.05215,0.17052,0.08522,0.08861,-0.09862,-0.01960,0.17137,-0.02047,0.28174,0.00198,-0.00470,0.06241,-0.20217,-0.06515,-0.26141
46,0,10,1,10,0,-0.21495,-0.05930,-0.02405,-0.04000,0.15965,0.10698,-0.04065,0.01764,0.03402,0.16526,-0.06620,-0.00196,-0.06061,0.13947,-0.00302,-0.13692,-0.07744,-0.06328,0.07618,-0.05301,-0.02295,0.24432,-0.04498,-0.19552,-0.01882,0.16403,0.15358,0.12736,0.14767,-0.16123,-0.08423,0.12289,-0.12482,-0.08203,-0.07380,0.08597,0.24331,0.15686,0.11840,-0.14627,0.22940,0.40311,0.05167,0.07422,-0.01810,0.13153,0.05543,-0.08153,-0.04603,-0.05868,0.15554,-0.04036,0.09208,-0.12189,-0.11120,0.07953,-0.02252,0.12194,0.07630,-0.06964,-0.04941,-0.13758,-0.20180,0.10843
47,2,8,0,10,0,-0.00452,0.05892,-0.12978,-0.00383,-0.05616,-0.15038,0.10025,0.04683,-0.04605,-0.13487,0.13651,0.04710,0.03596,-0.08495,-0.19646,0.05621,0.14704,-0.23580,-0.09531,0.00791,-0.00497,-0.15813,0.13565,-0.10749,0.02819,-0.09129,0.03776,0.27313,0.23741,0.05385,-0.15531,0.06122,-0.06103,0.12240,-0.00670,-0.07383,0.04700,-0.13513,-0.31251,-0.03236,-0.14837,-0.07929,-0.00195,-0.08699,0.10245,0.22759,0.05787,-0.05209,-0.09269,-0.04564,-0.30033,-0.21247,0.13049,0.11171,0.22359,-0.07016,-0.03169,-0.00177,-0.03272,-0.12237,-0.14416,0.01407,0.14313,-0.00109
48,0,10,1,10,0,-0.05252,0.04177,-0.00111,-0.07800,0.07279,0.08813,0.02893,-0.00549,0.24992,0.08027,0.25302,0.06277,0.02277,0.33733,0.05647,0.16094,-0.00246,0.06106,0.03909,-0.10227,0.25879,0.04705,0.15342,-0.01550,-0.07034,0.06475,-0.01343,-0.23095,-0.17095,-0.12903,0.20404,0.04746,0.19763,0.00622,0.03864,0.04056,0.03825,0.18350,-0.03104,0.19439,0.08254,0.17447,-0.00010,-0.08465,0.10781,0.00904,-0.10744,0.01927,0.23978,0.03609,0.14380,-0.08731,-0.05573,-0.14185,-0.00818,0.11351,0.25043,-0.08628,0.15332,-0.04749,0.04872,-0.11482,-0.06270,0.10612
49,2,8,0,10,0,0.12386,0.07761,-0.08734,0.26773,-0.23978,-0.09870,-0.11439,0.04553,0.00370,0.02841,0.17188,-0.11477,-0.14523,0.03116,0.02392,-0.08243,0.02352,-0.03491,-0.21509,-0.16061,-0.04389,-0.18495,0.07833,0.11953,0.01431,-0.10289,0.01435,0.06096,-0.08147,0.02697,-0.04942,-0.06205,0.08855,-0.24500,-0.19166,0.08272,-0.16529,0.16461,0.04942,-0.01800,-0.21959,-0.06817,0.05354,-0.13060,0.06102,-0.00683,-0.19778,0.07866,0.10064,-0.16217,0.10615,0.12605,-0.16847,-0.04948,0.11201,0.10076,-0.10616,-0.06997,0.26694,0.18056,0.03895,0.00280,-0.22622,0.06988
50,0,10,1,10,0,0.01187,0.27131,0.07375,0.10967,-0.05460,0.00078,0.08601,0.00433,0.21468,0.04749,-0.14820,-0.01145,-0.13098,0.11256,-0.09720,0.01061,-0.00739,0.27482,0.14399,-0.20074,0.02363,-0.14874,0.12391,-0.04113,-0.11085,0.13563,-0.17778,-0.03868,0.13393,-0.04698,0.04686,0.04016,-0.09685,0.15131,0.18166,0.06973,0.02059,0.08371,0.10070,0.04586,-0.01696,-0.10981,0.21686,0.05346,0.12808,-0.05654,0.02581,0.01920,0.06786,-0.01049,0.04671,0.03340,0.07041,0.05858,-0.15808,-0.36049,0.10729,-0.28809,-0.07143,0.00555,-0.21141,-0.16918,0.02230,0.08375
51,0,10,1,10,0,0.05099,-0.06144,-0.00385,0.04070,0.11205,-0.04395,0.01261,-0.11141,0.17602,0.03056,0.06491,0.05883,0.05667,0.20704,0.21203,-0.03801,0.08581,-0.12732,0.00018,0.04576,0.01799,0.12672,-0.10758,0.27536,-0.06197,0.02940,0.15660,0.04804,0.15521,0.15720,0.02763,0.14619,-0.14674,0.02079,-0.16836,-0.01281,-0.13452,0.13513,0.03157,0.16426,-0.07888,0.13254,-0.03996,0.16344,-0.05911,0.02676,0.29942,0.16629,-0.02507,0.00972,-0.17895,0.23689,-0.25375,0.03042,-0.04167,0.03029,0.02796,0.00524,0.19188,-0.09778,-0.14543,0.01295,0.10713,-0.27509
52,0,10,1,10,0,0.14511,-0.16107,-0.02050,0.13088,0.00439,0.19769,-0.35021,0.02588,-0.05482,-0.13242,0.02854,0.11139,0.04758,-0.07927,-0.07793,-0.15730,0.08148,-0.12813,-0.08069,0.10032,-0.04792,-0.15607,-0.00495,-0.14516,-0.14090,-0.12026,-0.11027,-0.16647,-0.08099,-0.21503,0.08282,0.11920,0.15687,-0.18240,0.04368,-0.03390,-0.00649,-0.09444,-0.15200,0.22160,0.09786,-0.06682,-0.21542,-0.00577,-0.01949,-0.16984,0.15648,0.15567,0.24874,0.07072,0.11619,-0.07323,-0.07323,0.00256,0.21655,-0.05920,-0.06206,-0.07150,0.05633,0.00950,0.16293,-0.04329,0.03766,0.01925
53,1,9,0,10,0,0.17755,-0.00971,0.08048,0.18504,0.02954,-0.01805,-0.16868,0.02866,0.12724,-0.00847,0.17763,-0.08042,-0.00096,0.18079,-0.16489,-0.07613,-0.10839,0.17668,-0.09026,-0.08240,-0.13045,-0.09837,0.05095,0.06763,0.08578,0.22657,-0.10608,-0.00471,0.14688,0.05327,-0.08179,-0.05394,-0.16473,0.10356,0.12691,-0.07231,0.33020,-0.07792,0.22398,0.06835,-0.11679,0.12145,-0.13103,0.17650,-0.02056,0.07559,0.17558,-0.01641,-0.09295,0.22496,0.06272,0.00400,-0.19223,-0.03161,0.25019,0.08491,0.01395,-0.08248,0.11805,0.08215,-0.15606,0.08467,0.08262,0.03779
54,5,5,0,10,0,0.00173,-0.01438,-0.07275,-0.11816,-0.18936,-0.29753,-0.01023,0.18465,0.08908,0.06779,-0.04145,0.08634,-0.06133,-0.08988,-0.16804,0.07061,-0.15367,-0.13949,0.04325,-0.11721,-0.01690,0.24909,0.15266,0.00418,0.10595,-0.03022,0.02843,0.18061,-0.12412,0.11685,-0.04997,0.08401,0.15804,-0.19085,0.06821,-0.14254,0.07760,0.09264,-0.06833,-0.05246,0.02708,0.13569,-0.06464,0.05572,-0.02164,-0.09770,0.08157,0.09892,0.17566,0.12514,-0.07138,-0.13506,0.12626,-0.06207,-0.17782,0.31256,-0.13136,0.02474,-0.04373,-0.27632,-0.07642,-0.16137,0.07510,0.11305
55,4,6,0,10,0,-0.03277,0.17886,-0.12289,-0.15374,-0.17661,0.00154,0.09096,0.03130,-0.06569,0.02902,-0.01811,0.02768,-0.28702,-0.19929,-0.08582,-0.07623,-0.26862,-0.01478,-0.07314,0.30952,-0.10213,0.05742,-0.02406,0.06957,-0.14983,-0.24282,0.10876,-0.19377,0.10842,-0.02773,0.05444,-0.05301,-0.09667,-0.05381,0.01974,0.03260,0.04502,-0.09382,-0.05485,-0.10681,-0.12210,-0.01267,0.10933,-0.04984,0.07449,-0.05818,-0.00230,0.26715,-0.16427,0.07649,-0.07311,-0.11986,0.01676,-0.15718,0.06597,-0.08692,0.13536,-0.14122,0.17791,0.02765,-0.08284,0.09467,-0.26254,0.10414
56,0,10,1,10,0,0.07701,0.13738,0.05172,0.18148,-0.06740,0.07078,-0.17493,-0.32275,0.06230,0.01895,-0.11458,-0.08228,-0.17505,-0.19098,-0.05525,0.17854,0.02019,0.07745,-0.00719,0.02923,-0.02529,-0.04897,0.02079,-0.17469,-0.00656,-0.10474,-0.10157,-0.08632,0.21903,-0.20522,-0.22220,-0.08095,-0.05038,0.05388,-0.09042,-0.02328,-0.31798,0.17329,-0.09267,0.05522,0.00671,-0.14805,0.09186,0.13651,0.02430,0.02777,-0.03376,-0.06464,-0.02306,-0.16090,0.05701,0.12177,0.04228,-0.07441,0.05915,0.08708,0.02130,0.04807,0.01092,-0.06308,0.33801,-0.23101,-0.05246,-0.01414
57,4,6,0,10,0,-0.11586,0.06368,0.02909,0.13301,-0.04471,-0.06826,-0.20563,0.17020,0.03891,-0.17352,-0.07502,0.07797,-0.12580,-0.08114,-0.17810,-0.12396,-0.05720,0.02372,-0.02571,0.04983,-0.00196,0.11790,-0.14716,0.06232,-0.10263,-0.20682,0.12796,-0.04664,0.06192,-0.02545,0.12452,0.02635,-0.07064,0.05238,-0.14465,0.11744,-0.28326,-0.15130,0.30677,0.06092,-0.03830,0.00073,0.04306,0.09140,-0.19892,0.05889,-0.12141,-0.17408,-0.17639,0.07597,0.07822,-0.03076,-0.36649,0.11701,-0.14575,0.03203,-0.05286,-0.14123,0.13330,0.04437,-0.06241,-0.05620,0.11061,0.12301
58,9,1,0,10,0,0.11721,-0.04237,0.17826,-0.16214,-0.19161,-0.22218,0.11234,0.20139,0.07034,-0.00707,0.02494,-0.19719,0.06028,-0.05697,0.08941,0.08344,-0.21661,0.16766,0.02708,-0.15023,0.14734,0.11607,0.26069,0.08565,-0.08848,-0.03873,-0.20820,0.08167,-0.01493,-0.03026,0.16862,0.05201,0.05634,-0.02118,-0.01367,-0.11682,0.00661,0.16230,0.00514,0.01159,0.00766,0.23672,0.03680,-0.04810,-0.05245,0.03399,-0.27225,-0.14616,-0.06934,0.15298,-0.09304,0.06195,-0.14284,0.08282,-0.18995,0.07149,-0.07487,-0.10820,-0.09894,0.18830,-0.03920,0.07884,0.19365,-0.01569
59,0,10,1,10,0,0.01918,0.08589,0.15058,-0.11541,0.31069,0.16261,0.12031,0.13612,-0.18296,-0.04661,-0.05080,0.00045,0.00265,-0.11052,0.09968,0.10584,0.13804,-0.16210,0.09673,0.05022,-0.18866,0.05644,0.12921,-0.20025,0.11193,-0.15596,0.00353,-0.06719,0.17530,0.04083,-0.15097,-0.12860,0.05737,-0.04229,0.15808,0.07776,0.01327,-0.02667,0.04614,0.13471,0.02585,0.06785,0.10449,0.22553,-0.07925,-0.17564,0.06523,-0.14879,0.05042,-0.04048,0.10302,0.02511,-0.26516,-0.20497,-0.19562,0.01924,-0.22381,0.16557,0.02289,-0.02124,0.09750,0.04266,0.02173,0.13521
60,2,8,0,10,0,-0.12370,0.03910,-0.00703,-0.04815,-0.04747,0.15889,0.08938,0.02220,-0.01703,0.08247,0.07645,-0.10398,-0.07790,0.26347,0.09275,-0.09276,0.02081,-0.12870,-0.07271,0.19560,0.21856,0.10088,0.04821,-0.02413,0.32196,-0.29345,-0.07713,0.05409,-0.07143,0.06897,-0.26463,-0.00805,0.04870,-0.04659,-0.11717,-0.02110,0.03176,0.01920,-0.21937,0.12479,-0.11671,0.07660,0.05876,0.08764,-0.07414,-0.18085,-0.01122,-0.04507,-0.06689,0.09363,0.07044,-0.05015,0.07035,-0.08375,-0.00410,-0.15036,0.00822,-0.14091,0.09437,-0.10211,0.25934,0.02688,0.23572,0.23559
61,1,9,0,10,0,0.10709,0.05767,-0.10951,-0.06439,0.10813,-0.30767,-0.07828,0.04110,0.03650,0.26143,-0.09069,-0.00635,0.03509,-0.05397,0.12438,0.18097,-0.11758,0.12628,0.18313,0.04805,0.01626,0.01503,-0.13155,-0.01106,0.24442,-0.06785,0.12717,-0.16913,-0.09636,0.10931,-0.12223,-0.09752,0.09007,0.15596,-0.09167,-0.05263,-0.27951,-0.08548,0.11936,-0.22686,-0.04042,-0.05813,-0.09236,-0.02671,-0.10856,-0.13893,-0.05270,0.07679,-0.23188,0.10219,0.03347,0.17431,0.23151,0.15638,-0.13414,-0.07989,0.10522,0.03503,-0.00704,0.02520,-0.03899,0.01953,-0.15533,0.01827
62,0,10,1,10,0,0.30600,0.06691,-0.13370,-0.13629,0.14884,-0.07799,-0.01474,-0.03177,0.02845,-0.01981,0.12274,0.12459,0.04021,-0.11543,-0.17486,0.08952,-0.16096,0.12326,-0.04457,0.00455,-0.04350,0.02234,0.08645,-0.15194,0.10216,0.37533,0.03858,0.09990,0.06128,0.14857,-0.05029,0.01845,0.10109,0.02283,0.01523,0.09842,0.01800,0.20784,-0.16979,-0.18214,-0.03910,0.04185,0.16970,0.00691,-0.04744,0.25624,-0.18140,0.19197,-0.12156,0.07380,0.15153,-0.10080,0.24612,0.08472,-0.14751,0.02584,-0.00372,0.13153,-0.11889,0.01234,-0.07208,-0.02015,0.06402,-0.04802
63,8,2,0,10,0,-0.02181,0.26747,-0.03538,0.04478,0.13887,-0.07647,0.01688,-0.12664,-0.09755,-0.02861,-0.01971,0.05592,0.07259,0.03577,-0.12526,-0.00622,0.03949,0.15673,-0.09808,-0.11473,-0.03536,0.04124,-0.19076,-0.01663,0.10941,0.08761,0.08599,0.14932,-0.12407,0.08753,0.31283,0.19685,-0.27259,-0.01040,-0.05195,0.10025,-0.07068,0.14280,-0.11273,0.04702,-0.07827,0.09150,-0.07775,0.03546,0.08388,-0.06551,0.15505,0.10902,0.09814,-0.25607,0.02549,0.09357,-0.09832,0.30404,0.05356,-0.07671,0.17896,-0.04033,-0.00758,0.03406,0.04525,-0.18302,-0.20736,-0.21026
64,10,0,0,10,0,0.00612,-0.09374,0.06189,0.31865,-0.05020,-0.15537,0.02087,-0.10999,0.01841,-0.12218,-0.04694,-0.12375,-0.00329,-0.02651,0.33483,-0.08109,-0.13118,-0.12853,-0.07433,0.07081,-0.11052,0.03418,-0.01942,-0.10243,0.14319,-0.01294,-0.14540,-0.08968,0.06015,-0.04269,-0.04523,-0.05897,-0.18154,0.24590,0.00424,0.02445,-0.05858,0.05045,0.09007,-0.06747,0.15670,0.16225,-0.08418,-0.17657,-0.11919,0.14549,-0.25722,0.01608,0.27208,-0.14358,0.01266,-0.07418,-0.12323,0.28766,0.04122,0.10470,0.01846,0.05899,-0.08412,0.05804,-0.08505,-0.09090,0.08591,-0.11588
65,5,5,0,10,0,-0.26626,0.33560,-0.08216,0.09472,-0.16800,-0.14398,0.09242,-0.05874,-0.04039,-0.09648,0.12126,0.04146,-0.08124,-0.18452,0.07150,-0.15630,0.29708,-0.14468,0.07498,0.03314,-0.10736,-0.02130,-0.13685,-0.26343,0.08820,-0.07324,0.06531,0.00696,-0.23179,-0.12005,-0.10678,-0.13052,0.00311,0.10448,-0.01972,-0.00752,-0.16251,0.05200,0.14267,0.11370,-0.05133,0.06342,-0.03917,-0.02389,-0.01578,0.18041,-0.00064,0.06871,-0.00049,0.21669,0.02030,0.05312,0.24127,-0.15516,0.04959,0.06295,0.03612,-0.00399,-0.11791,0.06912,0.02181,-0.00025,-0.14759,0.10492
66,0,10,1,10,0,-0.05236,-0.16269,0.07901,0.10963,-0.01460,-0.23723,0.00887,0.05250,0.07015,-0.02155,-0.09364,0.01902,0.12605,0.00074,-0.14529,-0.09930,-0.12740,0.10998,0.01045,-0.25301,0.23091,0.11330,0.07763,0.09510,0.03340,0.05521,-0.07404,-0.20180,0.15614,0.11452,0.17510,0.13378,0.01055,-0.01738,-0.10712,0.02275,0.16713,0.06798,0.24111,-0.11400,0.10539,-0.20466,-0.05066,0.12575,0.07048,0.10024,0.08594,0.04808,-0.09967,0.10449,0.03280,0.08327,0.06936,-0.07605,0.14376,-0.27508,0.10364,-0.10506,-0.06305,-0.04537,-0.07842,-0.25946,-0.20733,0.17175
67,2,8,0,10,0,0.01316,0.00110,0.05246,-0.08655,-0.00610,-0.14136,0.06980,-0.12897,0.23248,0.01729,-0.03328,0.11729,0.02364,0.16371,0.08942,-0.05782,-0.12512,-0.08182,0.09827,0.06772,-0.03069,-0.04773,0.05098,0.09922,0.06594,-0.06152,-0.03599,0.00543,0.10455,-0.20044,0.04283,0.36562,0.11555,0.26414,0.17134,-0.02159,-0.20882,0.03718,-0.14078,-0.11255,0.01970,0.13815,0.02771,-0.11449,0.03488,-0.10569,0.17553,-0.15087,0.12151,-0.06361,0.01707,0.17502,-0.01622,0.32763,0.16953,-0.03918,0.00022,-0.07373,0.02109,0.00537,0.17328,-0.16135,-0.19610,0.11852
68,1,9,0,10,0,-0.09543,-0.15675,0.05827,0.07859,0.00104,-0.02548,-0.06113,-0.20557,0.00708,0.01554,-0.08022,0.02053,-0.17778,0.11889,-0.08022,0.18290,0.13515,-0.01354,0.07152,-0.06025,0.08044,-0.18043,0.14221,0.01613,0.10799,-0.07663,-0.12216,-0.03570,0.01742,-0.21279,0.04749,-0.10545,0.28483,0.05072,0.11206,0.23840,0.18806,-0.22398,-0.04310,-0.12474,0.09588,0.08196,-0.02792,-0.06677,-0.03205,0.08416,0.16586,0.37064,0.07899,-0.05834,0.00907,-0.08224,-0.10443,0.02317,0.05690,0.04574,-0.02108,-0.12710,0.14319,-0.08025,-0.04884,0.07503,0.15039,-0.28341
69,3,7,0,10,0,0.19863,0.07778,0.12866,-0.09149,0.07290,0.16153,0.05090,0.11875,0.01333,-0.04098,0.00157,-0.22616,0.05251,-0.21425,0.27636,0.10107,0.02148,0.12473,-0.05797,0.04480,0.00288,-0.01815,-0.04806,-0.04368,-0.17047,0.24136,-0.12669,0.06661,0.02821,0.07643,-0.01296,-0.13010,0.06727,-0.21418,0.31341,-0.09915,0.05518,0.00732,0.24148,0.14227,-0.07560,0.09094,0.06884,0.02576,0.07056,0.16299,0.11446,0.02122,-0.07771,0.27132,0.19793,-0.02351,-0.04113,-0.13322,0.13845,0.08444,-0.03736,0.22514,-0.01319,0.02811,0.04457,0.09973,-0.01873,0.02646
70,3,7,0,10,0,0.08290,-0.09961,-0.14075,0.09546,-0.18655,0.14943,0.00236,-0.16436,-0.08548,0.04462,0.09884,0.14421,-0.10190,-0.14116,0.02499,0.07192,-0.04214,-0.06006,0.13234,-0.18696,-0.03176,-0.12353,0.07035,-0.05531,-0.11121,-0.10420,0.01853,0.07778,0.10023,0.10453,0.10134,-0.23985,-0.09148,-0.07294,-0.04491,-0.03731,-0.01490,0.04132,0.14510,-0.13726,0.13574,0.40832,0.14960,0.00846,-0.05008,0.12491,0.05970,0.00417,-0.00257,-0.01680,-0.04611,0.05896,0.14837,0.11660,-0.23279,-0.11618,0.10719,0.20991,-0.15564,0.04196,-0.28813,0.03334,-0.00872,-0.17464
71,2,8,0,10,0,-0.11283,0.16540,-0.06948,-0.09212,-0.18583,-0.17657,0.05209,0.27121,-0.09003,0.15638,0.04116,0.07936,0.08676,0.07266,0.05583,0.13679,0.10330,0.02002,-0.02235,0.03802,-0.02892,0.12694,0.00171,0.03212,-0.10195,0.19305,0.31244,-0.01842,0.15221,-0.01540,-0.04937,-0.23165,0.12786,-0.14623,0.02009,0.17726,-0.06820,0.10265,0.00974,0.24168,-0.07064,0.08839,0.15543,0.03606,-0.17335,-0.03849,-0.01038,0.14983,-0.09641,-0.14145,-0.09616,-0.00739,0.00273,0.16050,0.26696,0.09546,0.06755,0.22039,0.09017,0.00713,0.17004,-0.03759,-0.03414,0.01203
72,3,7,0,10,0,0.07703,0.01402,-0.05431,-0.16912,-0.15438,-0.02609,0.08400,0.01328,-0.13381,0.09386,-0.13750,0.05063,-0.12332,-0.10176,-0.01672,-0.20834,0.16203,0.04701,-0.03663,0.04381,0.02371,0.20896,0.00232,-0.14274,0.08157,0.00248,0.08060,-0.06693,0.11796,-0.09743,0.08507,0.12052,-0.15151,-0.15624,-0.17920,0.14827,0.08832,0.22488,0.28976,-0.07826,-0.08593,0.18088,-0.08000,0.04421,-0.03552,-0.11621,0.12400,0.09831,0.06356,0.19482,0.18244,-0.04834,0.00584,0.09511,0.14117,0.04160,0.23883,0.00137,-0.17277,-0.07466,0.20769,0.05595,-0.25944,-0.03766
73,5,5,0,10,0,-0.15654,-0.06999,0.06244,-0.04690,0.08007,0.07498,-0.00269,-0.03914,0.11324,0.08965,-0.08417,-0.10062,-0.08168,0.06915,0.09694,0.20636,0.10032,-0.16530,0.00805,0.32415,0.20373,0.05143,-0.01860,-0.02564,0.05307,-0.12837,0.05424,-0.17208,0.00628,-0.06530,0.13799,-0.11930,-0.02339,0.10400,-0.10425,0.28691,-0.12229,-0.03220,0.01985,-0.20564,-0.04957,-0.20171,-0.13082,-0.03386,-0.15604,0.00251,0.24781,-0.12444,0.04834,-0.14745,0.04183,0.09771,0.18966,0.29145,-0.12554,0.01027,0.02872,-0.09290,-0.06930,-0.20357,0.01781,-0.00133,-0.13287,-0.02466
74,0,10,1,10,0,0.10614,-0.15195,0.07948,-0.02972,0.07440,-0.29871,-0.00134,0.01088,-0.07620,0.14300,-0.05418,0.06410,0.07447,0.02982,0.09114,-0.17281,0.32683,0.15487,-0.01615,0.02488,-0.10386,0.20342,-0.01207,-0.13965,-0.08298,-0.13599,-0.08626,0.01264,-0.05303,0.11444,-0.09872,-0.07480,0.04238,-0.01760,0.10825,-0.03533,0.09956,0.07272,0.08371,0.08405,0.13808,-0.00645,0.02300,0.07349,0.07992,0.20845,-0.33318,-0.10652,0.03631,0.33428,0.03201,0.09858,-0.18453,-0.17163,-0.02628,0.17808,-0.01002,-0.07194,0.06062,0.02287,0.07079,-0.17372,0.05059,0.09705
75,5,5,0,10,0,-0.01999,0.30769,-0.03038,-0.07956,-0.02141,0.02779,0.09432,0.01395,-0.21755,0.03170,0.16589,0.03033,0.18996,0.04053,-0.05965,0.11249,0.06796,-0.02031,-0.04311,-0.06635,0.15266,0.04603,0.13065,-0.15667,0.18942,-0.05952,-0.00035,-0.10449,-0.23745,0.03319,-0.04301,-0.02721,-0.04581,-0.12316,-0.14452,0.01179,-0.11924,-0.20014,0.17746,0.18848,0.01429,-0.03306,-0.06005,0.05473,0.04780,-0.03895,0.21968,-0.12890,0.13782,0.00353,0.19716,-0.16568,0.01174,-0.14701,-0.03612,-0.28650,0.15003,0.16716,0.16193,-0.08178,-0.20172,-0.03013,0.12771,0.00364
76,2,8,0,10,0,0.16562,-0.07560,-0.17274,-0.20792,-0.09533,0.18352,-0.12486,-0.09752,-0.02176,-0.19849,-0.04676,-0.02347,-0.14131,-0.00869,-0.18593,0.19986,-0.00091,0.15929,-0.09399,-0.06636,0.19851,0.18043,0.15145,0.00336,0.01976,-0.02204,-0.17617,0.06397,0.07216,0.02380,0.15352,-0.16713,-0.03921,0.20237,0.00949,0.12127,-0.12134,0.00723,-0.13456,0.09437,-0.03408,0.03909,0.05466,0.25183,0.15917,-0.09936,-0.09324,-0.07654,-0.05177,0.09634,0.06168,-0.10412,0.26875,-0.05922,-0.17400,-0.11630,-0.02907,-0.19552,-0.02917,0.05997,0.20875,-0.06800,0.04221,-0.06617
77,0,10,1,10,0,-0.15745,0.08564,0.01312,0.13490,-0.03712,0.07162,0.21881,0.10644,-0.18263,0.14520,0.01976,-0.14633,-0.01193,-0.04021,0.14818,0.01022,-0.10272,-0.15104,-0.04695,0.12959,0.12735,-0.14335,0.17434,0.06952,-0.18028,0.18078,-0.11217,-0.05647,-0.21359,0.01301,-0.01597,-0.12468,0.00486,-0.13443,-0.05738,0.10019,0.10974,0.12381,-0.13492,-0.18826,-0.17314,-0.10670,-0.07072,-0.08096,0.18621,0.18786,-0.11709,-0.22118,-0.00798,-0.02172,0.23036,0.03533,-0.02725,0.26041,0.17056,-0.08105,-0.00589,0.05349,0.20578,-0.03716,-0.00096,0.07646,-0.07560,0.04027
78,0,10,1,10,0,0.04094,-0.03646,0.14659,0.03593,0.04548,-0.04364,0.01462,0.17147,-0.21240,-0.04155,0.04239,-0.00414,-0.05380,0.10284,-0.20312,-0.27591,0.01335,-0.09994,0.07980,-0.13594,0.15186,0.03183,0.07854,0.01736,-0.14870,0.13548,0.14371,-0.15047,0.17921,-0.06620,-0.09184,-0.11466,0.21927,-0.14752,-0.06309,0.21869,-0.12641,0.09566,0.35863,0.14185,-0.02608,-0.00502,0.01447,-0.07893,0.03040,-0.00779,0.01565,-0.17564,-0.15210,-0.03524,0.01876,0.00062,-0.00472,-0.25198,-0.15322,-0.05511,-0.21399,0.08321,-0.05961,0.04038,0.18393,0.01378,0.09399,-0.05886
79,0,10,1,10,0,0.30600,0.03320,0.06885,-0.00913,0.00541,0.03169,0.10375,0.12821,0.08625,-0.03189,0.14359,-0.05522,-0.21923,0.17379,0.04284,0.13124,-0.02369,-0.17630,0.04518,0.13320,-0.04395,-0.10335,-0.11202,0.03034,0.02172,-0.22064,-0.05434,-0.03140,-0.01632,0.15274,-0.14541,0.28391,-0.07919,-0.06392,0.25631,0.15373,0.07463,0.14329,0.20922,0.11674,-0.09980,0.08015,0.05500,0.12047,-0.06475,0.02070,0.04485,0.05755,-0.03698,-0.10910,0.23315,-0.05273,-0.21368,0.08972,-0.08077,0.09773,-0.08094,-0.02722,0.10191,-0.13955,-0.02806,0.22033,0.05840,0.17223
80,0,10,1,10,0,-0.00641,0.14926,-0.07782,0.07176,-0.02962,-0.23773,0.13313,-0.05037,0.13281,0.10852,-0.02449,-0.11770,-0.05186,0.02367,0.04283,-0.01725,0.12769,0.21092,0.04400,-0.03889,0.12199,0.35553,0.22364,0.07135,-0.17822,-0.09712,-0.15011,-0.08443,-0.12002,-0.28789,-0.02254,-0.01683,0.12095,-0.04042,-0.05769,-0.06781,0.10049,-0.08834,-0.01281,0.13104,0.07770,0.02711,0.22661,0.18910,0.18270,-0.14633,0.25350,-0.10091,0.10250,0.00919,0.01290,-0.01821,0.03956,-0.22695,0.00709,0.10433,-0.11185,0.00417,-0.09277,-0.08880,-0.10668,0.08575,-0.01945,-0.06506
81,3,7,0,10,0,-0.02669,-0.04405,-0.07727,0.20026,-0.07406,0.06296,-0.09922,0.16839,0.05461,-0.03851,0.00071,-0.08773,-0.20376,-0.09447,-0.18478,-0.05065,0.13995,-0.27384,0.00987,-0.05719,-0.00040,0.11844,0.19874,0.07627,0.17383,0.10357,0.17131,0.06755,-0.10571,0.06395,-0.02548,0.15925,0.23441,-0.09819,-0.06988,0.12637,0.07849,-0.17598,0.15190,-0.05697,0.00767,0.13335,-0.16763,-0.25199,-0.08851,0.01464,0.00484,0.04642,0.26677,0.02663,0.22728,0.17510,-0.11057,0.04894,0.00807,0.00963,0.13831,-0.03532,0.11309,-0.18108,-0.03837,0.08847,0.13395,0.01252
82,2,8,0,10,0,-0.19799,0.20067,0.02118,-0.04366,0.00869,-0.03902,0.03059,-0.01094,-0.09788,0.16463,-0.01704,-0.14330,-0.09748,0.13420,-0.09624,0.00105,0.04497,-0.05846,-0.06523,0.11449,0.07000,-0.17975,0.15770,0.02929,-0.12907,-0.14138,0.03233,0.11703,0.01911,-0.30428,0.00852,-0.01788,0.07308,-0.21522,-0.06210,-0.10350,-0.03657,-0.01485,-0.02654,0.16629,0.03841,-0.12292,0.22315,-0.05067,0.01055,0.05262,-0.15446,-0.29331,-0.05842,0.02911,0.06579,0.13448,-0.06996,0.13270,-0.14180,0.10415,-0.40601,0.05046,-0.15204,-0.15929,-0.08222,-0.01511,-0.06279,-0.07729
83,10,0,0,10,0,0.04636,-0.19254,0.17692,-0.03947,-0.08280,0.11754,0.11876,0.10287,0.00433,0.08054,0.01662,-0.29049,-0.06778,-0.20978,-0.05095,-0.13042,-0.02922,-0.13265,-0.02460,-0.17031,0.25122,0.12666,0.10439,0.31178,-0.14154,-0.00677,-0.05621,0.05538,-0.01976,0.16405,-0.09979,-0.18568,-0.15851,0.08084,0.30416,0.15308,0.04800,-0.05362,0.02413,-0.06539,-0.13014,-0.11398,-0.09889,-0.16262,0.03201,-0.20161,-0.00818,0.14758,-0.09250,-0.12021,-0.01487,-0.07184,0.04763,0.10111,0.04353,0.12084,-0.01403,0.01819,-0.03406,0.05664,0.16851,0.00602,-0.09015,-0.06065
84,0,10,1,10,0,-0.09665,-0.07874,-0.16642,0.11417,0.25615,-0.07783,-0.14344,0.06387,0.00536,0.02041,-0.02117,0.08563,0.13316,-0.16375,0.11642,-0.05431,0.36965,0.04438,0.05446,0.07034,0.00591,0.23632,0.07518,0.00065,0.03934,-0.10573,0.06660,-0.05065,-0.10804,0.07467,-0.13050,-0.08146,-0.04572,-0.08121,-0.03523,0.01447,-0.07437,0.03704,0.05288,0.06536,0.15696,-0.00508,-0.10087,0.04110,0.11033,0.18503,-0.01104,0.14435,0.13615,0.14355,0.25515,0.16436,0.19105,-0.02580,-0.05836,0.09798,-0.01486,0.10744,0.26632,0.12232,0.05446,0.07886,0.19861,0.23176
85,0,10,1,10,0,0.10112,0.18533,0.10737,0.25521,0.28357,0.01129,0.07750,0.03759,0.11996,0.12308,0.02059,-0.08780,0.06388,0.09190,-0.20496,-0.04785,-0.02527,0.00390,-0.13696,0.13322,-0.05977,0.05148,-0.08285,-0.10725,-0.05460,-0.06194,-0.07629,-0.21685,0.08453,-0.09210,0.07025,0.17673,0.12050,0.15972,0.08974,-0.22852,-0.13994,0.03404,-0.11736,0.06730,0.02538,-0.12439,-0.24353,-0.18818,0.02471,-0.13834,0.10655,-0.20669,-0.05527,-0.08451,-0.21730,-0.09729,0.06033,-0.03543,-0.22299,-0.10773,0.08725,-0.01949,0.06811,0.21619,0.01533,-0.04956,0.00032,0.06267
86,10,0,0,10,0,0.12856,0.01393,-0.07150,0.04965,-0.16571,-0.20585,0.03538,-0.01591,0.31642,0.03862,-0.16633,-0.01926,0.18087,-0.08189,0.09780,-0.12396,0.35404,0.03318,-0.02787,0.03357,0.03303,-0.08708,-0.03911,-0.07459,0.06663,-0.13519,0.33896,0.08759,0.18508,0.02125,-0.03457,0.04091,0.12924,0.16759,0.29980,0.22669,0.11689,-0.16348,-0.00824,-0.17625,-0.12956,0.04158,-0.01632,0.06154,0.02230,-0.04453,0.02440,0.00209,-0.07883,0.03745,0.07707,0.11467,0.10063,-0.00545,0.07671,0.06173,-0.00711,-0.04559,0.18347,0.11689,0.03887,-0.01575,-0.02206,0.04369
87,7,3,0,10,0,0.12010,0.07184,0.00721,-0.04738,-0.12965,-0.00152,-0.09811,-0.06732,0.14465,-0.03410,-0.12207,-0.11373,-0.01789,-0.08950,-0.23633,-0.03816,0.30557,-0.05949,0.11911,0.07879,-0.08095,-0.09808,0.04453,-0.13478,-0.13027,0.15732,-0.03527,-0.07378,0.10294,0.05081,-0.00492,-0.02505,0.10303,-0.08991,0.20493,0.02177,0.17389,0.05317,0.05998,0.02017,0.27639,0.01359,-0.04104,-0.10285,-0.19944,-0.13942,-0.11390,0.04972,0.11581,-0.12572,0.24370,0.07334,-0.19249,-0.30583,0.06217,0.01509,-0.00619,0.01522,0.01141,0.16992,0.23284,-0.02637,-0.06456,0.19231
88,4,6,0,10,0,-0.10807,-0.08441,0.04267,-0.11535,-0.02207,0.09470,-0.04197,-0.23011,-0.17623,-0.21452,-0.04680,-0.07891,0.01934,0.00681,-0.02416,-0.06943,-0.04989,0.12827,-0.07009,-0.13482,-0.04848,-0.10659,0.02664,-0.13228,0.11479,-0.10516,0.09457,-0.00584,0.09370,0.25347,-0.16891,0.08113,-0.00487,-0.15166,0.14754,-0.04088,-0.15503,0.05258,-0.08594,-0.00723,0.29791,0.03195,0.19832,-0.01884,0.01665,-0.17414,-0.08360,-0.03783,0.12261,-0.30620,0.12402,0.22755,-0.02461,0.01760,0.04202,0.32804,-0.13228,-0.14034,0.02510,0.03488,0.00620,0.07064,-0.12315,0.02509
89,0,10,1,10,0,-0.14650,-0.08821,-0.16583,0.07824,0.05205,0.30686,-0.09393,-0.12423,-0.25580,0.01983,-0.17580,-0.01346,-0.28904,0.00512,0.07031,-0.13282,-0.03568,-0.13891,0.13095,-0.00907,-0.05379,-0.13432,0.02061,0.13119,0.08393,0.12994,0.10171,-0.13131,0.10835,-0.02467,-0.01396,-0.02748,0.10861,-0.05101,0.04829,-0.10110,0.01756,0.03772,0.09203,-0.09479,-0.27579,0.06021,-0.12006,-0.10079,0.15148,-0.11191,0.16431,-0.10004,0.05028,0.02738,-0.04230,-0.11444,-0.03410,-0.01423,0.16862,0.16123,0.24776,0.16426,-0.12248,-0.17013,0.13646,-0.05102,-0.02897,-0.14337
90,2,8,0,10,0,-0.04701,0.14157,-0.09374,-0.06027,-0.02426,0.02640,-0.06009,-0.03486,-0.00107,-0.05630,-0.03278,0.11439,0.22462,0.02258,-0.15401,0.11363,-0.24474,0.23245,-0.03213,0.26127,0.03995,-0.07331,0.18921,-0.14265,-0.11226,0.30003,-0.19283,0.02177,0.13996,0.06694,-0.12313,-0.17927,-0.17700,0.09510,0.06015,0.11397,-0.03012,0.08645,0.07661,-0.06738,-0.09726,-0.08619,0.08938,0.06696,-0.14202,0.00207,0.18171,0.05594,-0.06764,-0.16021,0.02315,-0.18191,-0.00142,-0.05120,-0.06483,0.03520,-0.15179,0.07918,-0.05492,-0.00206,-0.22367,-0.06497,0.16311,0.22299
91,3,7,0,10,0,-0.05309,0.00898,0.05296,-0.00299,0.27240,-0.03029,-0.04737,0.05025,-0.15279,-0.06943,-0.22766,0.00271,-0.03222,0.09504,0.16141,-0.05348,-0.00345,-0.12771,0.08390,0.03586,-0.14388,-0.05858,0.03656,-0.10029,0.09924,-0.20077,0.23127,0.26361,-0.27326,-0.08087,0.17418,-0.02673,0.23998,0.09596,0.12265,0.02128,-0.25876,0.11002,-0.03047,-0.08385,0.02283,-0.01965,0.17271,0.05565,0.15728,-0.15224,-0.03443,-0.19384,0.02870,0.12040,-0.05297,-0.08109,0.16953,0.01564,0.05746,0.06002,0.11247,0.20566,0.07608,0.08435,0.16747,-0.03148,0.00965,-0.04961
92,8,2,0,10,0,0.01206,-0.15777,-0.05295,0.04253,-0.14757,0.10220,0.02639,-0.01231,-0.03842,-0.10608,-0.00947,0.24891,0.24204,-0.07424,-0.19753,0.09046,0.12586,0.00075,0.01471,0.08458,0.13338,0.15281,0.07379,0.10262,0.02608,-0.13744,-0.10643,0.04835,0.03989,0.10507,0.26199,-0.11250,-0.09159,-0.10500,0.05754,-0.03587,-0.19638,0.05864,0.04822,-0.06275,-0.18716,-0.07445,-0.07969,0.00630,-0.32443,-0.11346,-0.13958,0.09163,0.12469,-0.00800,-0.14561,0.25183,-0.16562,0.07916,0.00231,-0.24170,-0.11784,-0.10497,0.12853,0.00207,-0.18978,0.02615,-0.01324,0.08841
93,10,0,0,10,0,-0.14951,0.09257,0.11900,-0.13072,-0.19486,0.04139,-0.07643,-0.02242,0.01957,-0.01947,-0.03804,-0.16588,0.21839,-0.23511,-0.02937,-0.05907,-0.14062,0.13061,-0.29755,-0.01963,-0.05084,0.03266,-0.11296,-0.03484,0.14679,0.12851,-0.09136,0.05888,0.17050,-0.11187,-0.08024,0.06006,-0.09247,-0.07041,-0.16175,0.26489,0.07405,-0.02160,-0.02457,0.00130,0.15096,-0.10376,-0.11629,-0.19742,-0.04104,-0.05152,-0.11527,0.04370,0.04771,-0.16984,0.04814,0.03210,0.10895,-0.19511,-0.05150,0.16972,0.07166,-0.20871,-0.14083,-0.05873,-0.02327,0.05713,0.23727,-0.19985
94,2,8,0,10,0,-0.04604,-0.09258,0.04360,-0.06280,0.05292,0.21705,0.01737,0.05820,0.19566,-0.22384,-0.00730,0.02153,0.10639,0.04592,0.08354,0.07674,-0.04077,-0.02733,0.01453,-0.00219,-0.25900,-0.12681,-0.00440,0.06912,-0.04645,0.06319,0.03597,-0.03245,-0.08250,0.28157,0.05489,-0.06680,-0.09410,-0.04655,-0.04578,-0.10121,-0.32904,-0.03008,0.09526,0.20606,-0.13503,-0.05059,0.14308,0.05354,0.18506,0.14312,-0.12425,-0.06662,-0.03530,-0.12392,0.09224,0.12075,-0.08584,-0.09113,0.13064,0.20110,0.12512,0.24809,0.14936,-0.20762,0.21395,0.02836,0.02363,-0.12877
95,0,10,1,10,0,0.04551,0.16954,-0.15385,0.11017,-0.08443,0.06529,0.10552,-0.02467,0.27235,0.04509,0.13299,-0.16604,-0.14504,0.08875,-0.12223,-0.00329,0.09971,0.01353,0.15896,-0.09574,-0.30098,0.12674,0.01182,-0.11655,0.12990,0.05723,-0.04505,0.08762,0.17386,0.02624,0.06231,-0.09826,-0.08080,0.23884,0.16415,-0.04615,0.00415,0.14180,-0.26641,0.12998,0.18328,0.04318,0.00679,0.05888,-0.07712,0.05344,-0.12216,-0.01813,0.06395,-0.18400,-0.05507,-0.15311,-0.08947,0.10661,0.10757,0.03518,-0.14086,-0.13696,-0.06571,0.20071,-0.00091,-0.11823,0.01016,0.21936
96,3,7,0,10,0,-0.08337,0.05831,0.13594,-0.14938,0.04759,0.13662,-0.13318,-0.02265,0.06904,-0.05952,-0.26895,0.02597,-0.05741,-0.21555,0.22774,-0.11430,0.03079,-0.09702,0.14321,-0.03481,0.15229,0.06073,0.09055,-0.00301,0.16188,-0.08170,0.16013,0.01025,0.00213,-0.07468,0.19311,-0.18746,0.12185,0.02864,-0.02322,-0.03281,0.12648,-0.13810,0.08841,-0.24408,-0.12302,-0.30513,0.13580,-0.05530,0.13001,0.03772,0.07015,-0.11820,-0.18858,0.09595,-0.02800,0.06239,0.01695,-0.09290,0.00911,0.06232,0.06607,0.08908,-0.22217,0.01901,0.26651,-0.08535,0.09965,0.10278
97,0,10,1,10,0,0.15199,-0.26690,-0.17214,0.07769,0.16837,-0.15514,0.02791,-0.01101,-0.20129,-0.11791,-0.24566,-0.00421,0.18268,0.04233,0.16940,-0.15623,-0.01212,-0.07261,-0.07878,-0.07281,-0.01082,-0.29728,-0.02864,-0.05493,-0.03313,-0.18941,-0.01247,-0.02149,0.22309,0.13304,-0.05496,0.02458,0.08213,-0.04868,0.00043,0.12466,-0.04233,-0.07465,0.10758,0.00730,0.01008,-0.05680,0.03097,-0.06996,0.21655,-0.13853,-0.02080,0.04395,-0.11570,-0.10404,-0.31146,-0.10347,-0.13550,-0.16420,0.08104,-0.17174,-0.03555,-0.08594,-0.17309,0.03372,0.09190,0.10762,-0.03252,0.01630
98,3,7,0,10,0,0.14237,0.09510,-0.02461,-0.15606,0.08224,0.10910,-0.01171,-0.12431,0.03601,-0.11079,-0.10535,0.01389,-0.15726,0.08078,-0.20220,0.01745,0.15147,-0.12741,0.13779,-0.01875,0.14395,0.13124,0.00863,-0.07769,-0.02867,-0.28584,-0.21436,-0.22022,-0.01438,-0.01735,0.24320,0.04668,0.01723,0.16409,-0.12548,0.25782,0.02358,0.24684,-0.04522,-0.03643,0.04815,0.01547,-0.02033,-0.12634,-0.08259,0.02485,-0.19389,-0.05221,-0.01544,-0.05271,0.04355,0.17187,0.04547,-0.08517,0.28085,-0.05505,0.01824,0.07037,-0.17992,-0.06866,-0.03214,0.22435,0.09913,0.05055
99,9,1,0,10,0,-0.27212,0.25550,0.02941,-0.06367,0.08370,0.10644,0.09443,-0.06345,-0.05530,-0.17776,-0.04101,0.12592,0.05518,-0.09472,-0.05717,-0.08609,-0.12574,0.05417,-0.12313,-0.22663,-0.07132,-0.04776,-0.11660,-0.16620,-0.07252,0.06134,-0.02573,-0.40249,-0.09385,0.12455,0.01212,-0.07866,-0.08611,0.28196,0.03563,-0.05632,-0.11094,-0.11317,0.13059,-0.10147,-0.04761,0.05704,-0.18588,0.10485,0.00300,-0.27333,0.06296,0.16189,0.06662,0.01330,0.05795,0.02705,0.14993,0.05238,-0.00282,-0.04274,0.09827,0.12557,0.09125,0.01462,-0.17879,-0.09383,-0.02336,-0.05070
100,9,1,0,10,0,-0.17473,-0.12874,-0.01842,0.10912,-0.11921,-0.09155,0.06105,0.01998,-0.11457,0.07803,0.16532,-0.01357,0.01714,0.02984,-0.07286,0.17060,-0.32340,0.14786,-0.03969,0.03076,0.03113,-0.28846,0.06043,-0.02661,-0.07483,0.08202,0.11617,0.17240,-0.03235,0.05870,0.10831,-0.28350,-0.11400,0.22406,-0.06055,-0.08148,0.02727,0.01877,0.22368,0.02072,0.03800,-0.09544,-0.03647,0.06144,0.21258,0.09864,-0.20766,-0.04479,0.19447,0.06926,-0.02250,-0.06284,0.03462,0.10160,0.05299,-0.07669,-0.26689,-0.08497,0.03944,0.10272,-0.19852,0.11365,-0.10198,0.02493
101,4,6,0,10,0,-0.24541,0.29373,-0.02156,0.08850,-0.00440,-0.04029,0.12433,-0.03483,-0.02306,-0.04539,-0.06901,0.25465,0.10286,0.03998,0.20900,0.02615,0.24873,-0.03985,-0.29066,-0.03535,0.04247,0.09457,-0.13967,0.18068,-0.00881,-0.07515,0.10461,-0.17822,0.06023,-0.07510,0.16491,0.00637,0.13689,0.06175,-0.25659,0.08116,0.04283,-0.24898,-0.08788,0.02666,-0.06622,0.02413,0.05374,0.18009,0.17633,0.02038,-0.05075,-0.11124,-0.28701,-0.03983,-0.05099,0.10828,-0.04597,0.02582,-0.06440,-0.00656,0.10811,0.03913,-0.05675,-0.00655,0.10464,0.06390,-0.10141,0.00918
102,1,9,0,10,0,-0.03123,-0.00373,0.10844,-0.11333,0.11164,0.05041,-0.09422,-0.02933,0.04552,-0.28924,-0.09119,-0.06835,0.05855,0.12217,0.10468,0.05939,0.07417,0.15654,-0.16141,0.08258,-0.17531,-0.04502,0.01925,-0.01107,-0.10220,-0.07130,-0.15137,0.04883,0.00808,-0.26246,0.00684,0.01985,0.09542,-0.15966,-0.17715,0.01076,-0.02246,-0.03401,-0.19845,0.11640,0.08245,0.04530,0.08474,0.04039,-0.31016,0.22815,-0.31061,-0.20988,-0.12596,-0.13774,-0.08328,-0.00260,-0.04084,-0.01538,-0.08167,0.10508,-0.15302,-0.09007,0.06226,0.00212,-0.24174,-0.07552,-0.11867,-0.09796
103,0,10,1,10,0,-0.12640,0.09770,0.08617,0.02783,-0.23907,0.07025,-0.22663,-0.08595,0.08290,-0.14244,0.00864,0.07323,-0.08063,0.00473,0.02685,0.07799,-0.01720,0.06427,0.25583,-0.00096,0.14016,-0.03900,0.14264,0.07400,0.03272,-0.09966,0.11297,-0.04511,-0.15318,-0.17473,0.00043,0.02548,0.01395,-0.17977,-0.00340,-0.10935,0.05353,-0.09629,0.05449,-0.11970,0.16741,-0.03126,0.13316,0.03342,0.18779,0.14290,-0.05100,-0.08025,-0.08302,0.28722,-0.19383,0.05188,0.05608,-0.05099,0.17337,-0.18722,0.06883,-0.21768,0.20557,-0.05773,-0.13049,-0.29697,0.10486,0.03580
104,10,0,0,10,0,0.06389,-0.02057,0.08004,-0.14833,-0.03295,0.05816,0.10814,0.01244,-0.26947,-0.11995,-0.07368,0.01304,0.15754,0.11161,0.02644,0.06977,0.07464,-0.08821,0.00976,-0.08302,0.16330,-0.12473,-0.09037,0.07457,0.08147,-0.31279,0.07087,0.06136,-0.02055,-0.01386,-0.06674,0.32633,-0.16558,0.04143,0.01191,0.17688,0.13106,-0.17491,-0.10852,0.00948,0.02477,0.07859,-0.01449,0.07537,-0.12821,0.04695,-0.19733,0.01480,0.08985,0.28667,0.05257,-0.05070,0.29397,0.02082,-0.24055,-0.10774,0.07650,0.15613,-0.00796,-0.09808,0.11372,0.12683,-0.02682,-0.04445
105,3,7,0,10,0,0.06692,-0.13596,-0.08969,-0.04549,-0.04439,0.14837,-0.03877,0.15148,-0.04293,0.17429,0.18291,-0.02809,0.05639,0.12984,0.18453,-0.05553,0.22713,-0.24171,-0.19203,-0.07965,0.16024,0.16357,-0.02071,0.15716,-0.00484,0.03918,-0.02703,0.07921,-0.13056,0.13886,0.15474,-0.03410,0.13571,0.01896,0.05803,-0.11705,-0.01832,-0.11524,-0.05041,-0.00558,0.20883,0.08797,0.21509,-0.20142,0.23255,0.10026,-0.06909,-0.18102,-0.02645,-0.07336,0.05508,-0.24369,0.02917,0.01176,0.00016,0.00106,-0.11117,-0.05180,0.03760,-0.15607,0.17259,-0.15203,0.19694,0.01308
106,4,6,0,10,0,-0.11196,0.05652,0.14962,0.12038,-0.04711,0.06308,-0.06861,0.09982,0.04617,0.07389,0.15729,-0.17287,0.13054,0.10384,-0.09474,-0.09934,0.07006,-0.19028,0.14341,-0.13547,-0.09882,-0.23797,-0.03579,-0.00860,0.16928,-0.12654,-0.08440,-0.17751,-0.06375,-0.07539,0.16330,-0.04974,0.09066,0.05217,0.29078,0.06221,-0.03073,0.15106,-0.28908,-0.10646,0.05018,-0.10323,0.26972,-0.17682,-0.01171,-0.02729,0.25869,0.08845,-0.09919,0.01489,-0.13671,-0.01268,0.00631,0.08678,-0.03911,0.05278,-0.08312,0.00249,-0.08368,-0.14196,-0.15820,-0.10560,-0.07320,-0.14290
107,1,9,0,10,0,-0.19235,0.07953,-0.14720,0.01965,0.13094,0.06171,0.27029,0.10143,-0.14256,-0.13400,0.02404,-0.04315,0.09132,0.04456,0.02412,-0.09219,0.12508,0.00894,0.19783,-0.20678,-0.25244,0.13522,0.08049,-0.16023,0.08173,0.13403,0.09814,-0.00457,0.02337,-0.11206,0.00726,0.07607,-0.03068,0.02654,0.13731,0.04851,0.05252,0.01810,0.17661,0.03494,0.10933,-0.17257,0.15837,0.23314,-0.02813,-0.08421,0.07788,0.08081,0.08363,0.04553,-0.05132,0.10455,0.09942,0.09615,0.12708,-0.07948,-0.24352,0.25033,0.12596,0.26985,0.05407,0.16525,-0.00148,-0.00791
108,0,10,1,10,0,-0.05509,0.14657,0.07939,-0.01430,-0.07841,-0.00034,0.00551,-0.06958,0.04289,0.08135,-0.03808,-0.03347,-0.11868,-0.24862,-0.04483,-0.19349,0.19637,0.20559,0.13535,0.02040,-0.19578,0.26507,-0.01203,0.07803,0.12353,0.15993,-0.09180,-0.25926,0.20361,-0.04346,0.02042,-0.11277,-0.03333,-0.06307,-0.03085,0.10516,0.01522,0.03962,0.26543,0.12848,0.05419,0.07260,0.15840,0.18696,0.14763,-0.13189,0.08493,-0.00481,-0.03518,0.13116,-0.08195,0.09229,0.02633,-0.07379,0.06325,-0.05790,0.12707,0.16283,0.08775,0.17949,-0.24012,-0.11223,-0.03639,0.14959
109,0,10,1,10,0,0.07258,-0.03089,-0.05280,-0.03201,-0.03224,0.01048,-0.01703,0.08811,0.14285,-0.21273,-0.14729,0.07134,-0.10323,-0.06968,-0.13169,0.00999,0.00010,-0.27639,0.00759,-0.28527,0.18854,0.08862,-0.04103,0.07670,0.02885,-0.05455,-0.01584,-0.05549,-0.03037,0.00235,-0.24767,0.27042,-0.10961,-0.13298,0.26876,-0.08835,0.14864,0.13583,-0.00208,0.09809,-0.07110,-0.01382,-0.01364,0.29395,-0.04173,-0.01902,-0.04651,-0.06141,0.07456,-0.04619,0.12083,0.01268,-0.02898,-0.11222,0.16760,0.06558,-0.16326,0.07715,0.01848,-0.11424,0.29391,0.08337,-0.00614,-0.19134
110,4,6,0,10,0,0.20515,-0.04437,-0.14380,-0.08417,0.00517,-0.14508,0.01204,-0.17108,0.06394,-0.01986,-0.08133,0.29919,-0.02636,0.01344,0.13129,0.03737,0.04096,0.30151,0.04022,0.04871,0.08792,0.06861,0.22987,0.03842,0.16053,0.04665,-0.10397,0.02029,-0.10918,0.02823,0.06182,0.06723,0.15109,0.08565,0.11822,-0.01563,-0.05817,-0.03024,-0.08333,0.14907,0.17787,0.18532,0.08983,-0.16316,-0.05168,-0.26641,-0.16311,-0.00858,-0.26563,-0.12698,0.14189,-0.03144,0.17358,-0.07930,-0.05462,0.01047,-0.10514,-0.07231,0.11375,-0.06888,-0.03202,-0.08026,-0.11665,-0.22983
111,0,10,1,10,0,-0.04416,0.06049,-0.11184,-0.06971,0.21767,-0.33428,0.12738,0.13461,-0.10321,-0.03899,0.12266,-0.06760,-0.02916,-0.14951,-0.20375,0.13540,-0.03597,0.17800,-0.04525,-0.00464,-0.00626,-0.04427,-0.14213,-0.01297,-0.01298,-0.38578,-0.02479,-0.13127,0.07182,-0.05204,0.01251,0.18858,0.08174,-0.07734,-0.05708,0.04319,-0.02876,-0.02362,-0.18709,-0.11750,-0.08004,-0.11552,0.07457,-0.08828,-0.18394,0.03054,0.01286,-0.05750,-0.13969,0.17187,0.13691,0.01411,-0.25586,0.04765,-0.11488,-0.06191,-0.11973,-0.04524,-0.08081,-0.03153,0.07780,-0.14659,-0.18575,0.15113
112,9,1,0,10,0,-0.05686,-0.02282,0.08262,0.00185,-0.15179,0.10952,-0.15276,-0.07113,-0.01353,0.22361,0.30073,-0.01922,0.04915,-0.06883,-0.11826,-0.28832,-0.14326,0.08049,-0.16378,0.04432,-0.12681,-0.15148,0.20816,0.15515,0.04207,0.03518,0.00324,0.21414,-0.04255,-0.08797,-0.01130,0.00704,0.21141,-0.09839,-0.01458,-0.14299,0.17846,0.06685,-0.00882,-0.17087,0.08113,0.10627,0.12930,0.10712,0.07607,0.03401,-0.19860,-0.09880,0.06890,-0.10328,0.02421,-0.01825,0.06010,-0.03131,-0.02841,-0.08950,-0.20233,0.07303,0.16020,-0.14429,-0.05159,-0.25200,0.14902,-0.07868
113,9,1,0,10,0,-0.04195,-0.03256,-0.13254,-0.12906,0.23775,0.19298,-0.19770,0.15600,-0.17328,-0.01369,0.15228,-0.04777,0.03520,0.02441,0.04254,0.01622,0.20558,0.00613,-0.11263,0.06400,-0.20463,0.00372,0.16898,-0.04602,0.17679,-0.20794,-0.01053,0.25358,-0.03950,0.09736,-0.12485,-0.16110,-0.12302,0.03556,-0.19034,0.03481,0.00394,-0.13745,0.15290,-0.13123,0.14907,-0.05562,0.07292,-0.07015,0.05758,-0.11949,0.05632,0.17116,-0.04182,-0.21889,-0.05568,0.23181,0.06863,-0.04015,-0.12747,0.15237,0.13549,-0.03989,0.01248,-0.11470,0.02125,0.08817,-0.14498,0.09644
114,3,7,0,10,0,-0.05657,0.25463,-0.03614,-0.23958,-0.01771,-0.05808,0.08344,-0.02865,0.14373,-0.20169,-0.12233,0.14969,0.01467,-0.10012,-0.08825,-0.07773,-0.13559,-0.10036,-0.00387,-0.05297,-0.23001,0.22190,0.20648,-0.06146,-0.04324,-0.04245,0.15538,-0.00920,-0.07000,-0.17037,-0.04027,-0.12401,-0.21368,0.09115,-0.04038,-0.05674,-0.01658,0.06806,0.00066,-0.09715,-0.14289,-0.05777,0.01664,-0.14334,-0.10970,0.10810,0.05190,0.07580,-0.05066,-0.00527,0.15131,-0.06390,-0.08588,0.17965,-0.23325,-0.11497,0.19607,0.05256,0.06094,-0.10696,0.11723,-0.16372,-0.25567,-0.17704
115,7,3,0,10,0,-0.02105,-0.14669,0.06789,-0.10929,-0.02640,-0.04423,-0.20294,0.02802,0.11780,0.25422,0.08816,0.21284,-0.00591,0.25529,-0.07199,0.08559,0.18757,0.01837,-0.18244,0.05272,-0.03804,-0.12498,-0.04627,-0.11655,-0.23987,-0.15982,0.02703,0.02672,0.05137,0.07192,-0.04007,-0.07348,-0.06905,-0.05763,-0.07847,0.11543,0.16153,0.09050,0.02111,0.12997,0.07268,-0.03836,-0.09982,0.03228,0.22570,-0.20580,-0.01928,0.08457,0.07001,0.04515,0.26059,-0.05917,-0.04633,-0.16590,0.12589,0.10435,0.26116,0.19234,0.00144,-0.17052,0.02987,0.05513,-0.13383,-0.12334
116,2,8,0,10,0,-0.02701,0.17155,0.14908,0.10831,0.00213,-0.04236,0.03061,0.06221,-0.07749,0.07975,0.02890,0.14529,0.06929,0.04985,0.08776,-0.21283,0.04219,0.16522,0.18129,0.11195,-0.04592,-0.19102,-0.14125,-0.01954,0.11238,0.11219,-0.24320,-0.16690,-0.18115,-0.07113,-0.13641,-0.06654,0.04821,0.15791,0.17245,0.18163,0.30470,0.13343,-0.19227,-0.10223,0.00628,0.13509,-0.01884,-0.09041,-0.22108,0.01721,0.08369,-0.06658,0.02834,0.00990,0.04679,0.15040,-0.05435,-0.02693,-0.23804,-0.01919,0.09036,0.11199,0.08101,0.10662,-0.04475,-0.00330,-0.24973,0.05691
117,1,9,0,10,0,-0.04719,-0.06155,-0.05692,-0.25004,0.09459,-0.01420,-0.01597,-0.18395,0.08982,0.11854,-0.09485,-0.10613,0.03032,0.14521,0.03149,-0.04419,-0.18709,-0.21580,0.01617,0.13918,-0.13655,-0.01473,-0.13290,-0.15763,-0.04761,-0.21332,0.21168,-0.02358,0.18885,0.10717,-0.07166,0.10245,0.15905,0.09530,0.08934,0.10373,0.02733,0.20750,-0.26302,0.15083,0.10891,0.07675,-0.01933,-0.05899,-0.13096,0.12304,-0.26086,-0.01843,0.00317,-0.08689,-0.13798,0.10518,-0.20212,0.05390,-0.09037,-0.06201,0.01100,-0.04000,-0.12542,0.04180,-0.07999,0.14273,-0.20890,-0.07061
118,8,2,0,10,0,-0.09565,-0.19013,-0.04007,-0.02582,-0.12196,0.09988,0.01211,-0.09000,-0.07263,-0.02378,-0.18896,-0.03576,0.06188,0.09045,0.13725,0.15065,0.16926,-0.15508,0.13356,0.16376,-0.03178,-0.13551,0.00559,-0.08128,0.02014,0.26784,-0.09821,-0.12566,-0.11541,0.25681,-0.04594,-0.18340,-0.09321,0.19940,-0.03009,0.08936,0.15580,0.02274,0.03331,0.05673,0.18274,0.23829,0.03086,0.21104,-0.09080,0.00990,-0.27535,-0.04193,0.06302,-0.00954,0.15246,0.00113,0.13555,-0.01253,-0.04192,0.09072,0.11238,-0.01506,0.19398,-0.18626,-0.04562,-0.08879,0.03754,-0.16303
119,2,8,0,10,0,-0.17076,0.00384,-0.00913,-0.10543,0.15694,0.03922,-0.03326,0.30279,0.19162,0.03847,0.16284,-0.26898,0.06843,-0.01072,0.09942,0.11106,-0.10851,-0.06312,0.00021,-0.12744,-0.02436,-0.10111,-0.03406,-0.15690,-0.16462,-0.14127,0.35311,-0.03673,0.06633,0.02089,0.11189,0.00070,0.06659,0.13853,-0.05849,0.19417,0.17446,0.10090,-0.05842,0.14495,0.03198,-0.07230,-0.04964,0.02425,-0.09981,0.02013,-0.15125,-0.01685,0.13159,0.17491,0.02073,0.07021,0.05775,-0.03435,-0.10831,0.02346,0.05851,-0.01960,0.04399,0.06605,0.07759,0.07165,-0.27934,0.27491
120,4,6,0,10,0,0.03282,-0.10319,-0.19925,-0.04047,0.04441,0.03256,0.31071,0.02389,0.02181,0.11915,-0.10486,-0.07485,-0.04507,-0.00435,-0.05795,0.11792,-0.04309,-0.06760,0.06801,-0.10727,0.11413,-0.15590,0.19178,0.06382,-0.14845,-0.02556,0.09760,-0.06769,0.16640,0.17655,-0.09499,-0.10835,-0.06242,0.22499,-0.08487,-0.20435,-0.15611,0.07295,0.12865,0.04503,0.21290,-0.10172,-0.17043,-0.17450,0.11817,-0.00669,0.08764,0.00225,0.03277,-0.10105,0.11531,-0.06289,0.31062,-0.12751,-0.02243,0.00914,-0.11100,0.02785,0.18091,-0.14394,0.05839,-0.12427,0.19446,-0.15923
121,8,2,0,10,0,0.03124,-0.10619,0.09705,0.06099,0.06983,0.11062,-0.02613,0.11914,-0.02702,-0.11173,-0.04614,-0.25120,0.05161,-0.04170,-0.04660,-0.07934,-0.29870,-0.04573,-0.12981,-0.03553,0.08846,0.01472,0.02585,-0.15520,-0.15075,0.04278,-0.05332,0.04318,-0.17892,-0.11115,0.14531,0.14226,0.05722,-0.07202,-0.15574,-0.18372,0.21197,-0.18773,-0.07150,-0.36854,0.18582,0.01722,0.03282,-0.20889,0.04715,-0.05576,-0.00621,-0.02596,-0.18341,-0.11213,0.06580,0.07612,0.12718,-0.01160,-0.08857,0.08388,-0.04909,0.16527,0.13924,-0.18521,-0.14849,-0.08133,-0.12778,0.07075
122,4,6,0,10,0,-0.03432,-0.11393,-0.05804,0.18230,0.04015,0.21028,0.10532,0.01595,-0.12675,0.12939,0.14536,0.11697,0.29920,-0.32990,0.03868,-0.05775,0.07954,-0.15961,-0.01027,0.07890,-0.12437,0.12542,0.09776,-0.11258,-0.05834,-0.15830,0.05238,-0.14421,0.03525,-0.04416,-0.08707,0.12498,-0.06030,0.13697,0.11784,0.21126,0.17355,-0.03846,-0.14257,0.08639,-0.11119,-0.14516,0.19902,0.12281,-0.20522,-0.08827,-0.03178,0.13855,0.11245,-0.04713,-0.03970,0.15577,-0.14093,-0.06454,-0.06323,0.11553,-0.03206,0.01280,-0.07590,-0.16743,-0.02978,-0.01171,-0.01911,0.18522
123,7,3,0,10,0,0.08142,0.29601,0.08486,0.07778,0.01391,0.02227,0.02038,0.20587,-0.09143,0.09099,0.34462,0.04527,0.18042,0.07461,-0.12628,-0.24154,0.09082,0.09557,0.04969,0.06607,0.01747,0.04847,-0.10991,0.13079,0.02969,0.07764,0.14100,-0.03573,0.04279,0.06371,0.05292,0.12864,0.01535,0.00884,-0.11684,0.25228,-0.14650,-0.13203,0.07818,0.09376,-0.08693,0.05255,-0.09962,-0.04775,0.03713,0.01473,-0.21476,-0.07575,-0.05250,0.04165,0.09902,-0.12955,-0.22152,0.00619,0.03532,0.01569,-0.04401,0.23107,-0.07911,0.28073,-0.01268,0.17823,0.14385,-0.08775
124,0,10,1,10,0,0.05529,0.07392,0.13026,0.00630,0.07413,0.26509,-0.15953,-0.17023,-0.01299,-0.25701,0.10903,-0.09955,0.05837,0.34501,-0.05501,0.25458,-0.02186,0.03118,-0.21478,-0.00947,-0.08929,0.07305,0.12267,-0.18078,-0.13028,0.11507,0.10267,-0.03180,-0.11105,-0.17490,-0.12128,-0.12914,0.06805,-0.21857,0.01156,0.19503,0.12243,-0.13881,-0.02023,0.08341,-0.03368,-0.01630,0.05291,0.05009,0.03518,-0.00956,0.03678,-0.14105,0.00862,0.04087,-0.03147,0.11881,0.22972,0.18363,0.19369,0.00800,-0.05073,-0.06747,-0.04840,0.03761,-0.15722,0.03215,-0.04185,-0.02000
125,8,2,0,10,0,0.03779,0.00486,0.05564,0.22050,-0.07262,-0.08927,0.20977,0.15692,0.11160,0.12019,0.08563,-0.16794,-0.04571,0.02950,-0.29565,0.04721,0.03169,-0.13188,0.10314,-0.01875,-0.17953,0.03171,0.01680,-0.06327,-0.02155,-0.15830,-0.10086,0.12454,-0.04693,-0.14857,-0.11371,0.22040,0.14735,0.14722,-0.14766,-0.09988,-0.01558,0.13535,0.10522,-0.08298,-0.02504,-0.16030,-0.04283,0.09342,0.05225,-0.18200,0.25483,0.00094,0.26858,0.01353,-0.08986,0.22923,0.11468,-0.13412,-0.08928,-0.17391,-0.11187,-0.06333,-0.05521,0.04215,-0.02681,0.09110,-0.11866,-0.09966
126,8,2,0,10,0,-0.20872,0.14668,0.07042,-0.01935,-0.06891,-0.19305,0.05370,-0.21592,0.02596,-0.06787,-0.10944,0.01158,-0.13114,-0.17769,-0.01909,0.21871,-0.08573,0.10668,0.07808,-0.04351,-0.13700,-0.02322,-0.05452,0.05204,0.07738,-0.27057,-0.03227,0.14520,0.06339,-0.06709,-0.28121,0.09469,-0.01696,0.13601,0.13779,-0.06485,-0.15465,0.00462,0.14210,0.23710,-0.18976,-0.03084,-0.11511,-0.00659,0.24575,0.00976,0.11357,0.06874,0.10740,-0.09896,0.10686,0.15003,-0.02117,0.01774,0.00502,-0.04280,0.13814,-0.12416,-0.08747,0.03339,0.19582,-0.02192,0.09759,-0.23221
127,0,10,1,10,0,-0.10855,0.03559,-0.02719,0.22717,-0.08638,-0.11939,0.12867,0.10629,0.13683,0.10613,0.18104,0.05959,0.04461,-0.07149,0.05801,0.27343,0.07108,0.08231,-0.21667,-0.03770,-0.01664,-0.01690,0.01982,-0.17685,-0.21765,0.11395,0.05128,0.09078,0.06373,-0.26668,0.20642,-0.03884,0.15117,-0.12334,-0.04999,-0.13109,0.15618,0.18915,0.00835,0.13134,-0.06836,0.18998,-0.10875,-0.16309,-0.11413,0.21154,0.00649,-0.01654,0.05311,-0.16063,-0.15377,-0.10673,0.00335,0.12439,-0.06597,0.00549,-0.11495,0.07205,0.00167,-0.02760,-0.09403,0.13715,-0.14464,0.16357
128,8,2,0,10,0,-0.06572,0.08190,0.13363,-0.06126,0.04313,-0.05794,0.01630,-0.17151,0.14551,-0.22568,-0.23750,0.10698,0.12333,0.22955,0.10468,-0.24064,0.16930,-0.03628,-0.06154,-0.00891,0.11590,0.14578,0.13064,-0.08585,-0.01645,-0.01927,0.03931,-0.01086,-0.09917,-0.13400,-0.30124,0.11498,-0.08821,0.07898,-0.02856,-0.10406,0.02404,-0.10272,-0.01666,-0.19361,-0.05567,0.07340,0.08612,-0.25427,-0.04096,0.11304,0.00317,0.07236,-0.04662,0.08598,-0.02752,0.21660,-0.08812,0.07779,0.02550,-0.01759,-0.13175,-0.31440,-0.01678,-0.00758,0.17124,0.17580,-0.00943,0.07091
129,8,2,0,10,0,0.02986,0.30029,-0.00360,0.17418,-0.03497,-0.17877,-0.12055,-0.01621,-0.16628,-0.12539,0.05173,-0.04104,0.12030,0.08059,-0.22997,0.11930,0.09418,-0.04898,-0.03576,0.13612,0.08197,-0.14820,0.17499,0.04922,-0.09161,0.04686,-0.17888,0.07946,-0.02105,0.11202,0.16294,-0.16640,-0.17561,-0.02282,-0.09730,0.04893,-0.05814,0.05870,0.04287,-0.22389,0.01252,-0.01431,-0.14628,0.08748,-0.02028,-0.04252,-0.25243,0.19153,-0.04890,0.08383,0.15678,0.02422,-0.15547,-0.19970,-0.01348,0.11707,0.03063,-0.00987,0.06369,-0.21485,-0.18243,0.05025,-0.10243,-0.20429
130,5,5,0,10,0,-0.19265,0.19910,-0.11034,0.03880,-0.12335,0.12416,-0.05834,0.02927,-0.10646,-0.00781,-0.10937,0.21803,0.05923,-0.14513,-0.14333,0.14509,0.05743,0.15623,0.04912,-0.35022,0.04604,-0.26130,0.03620,-0.01569,-0.12072,-0.15077,-0.16481,0.24886,-0.15861,-0.06182,-0.15948,-0.03886,0.13073,-0.16340,0.07377,-0.05177,0.12872,-0.02812,-0.00014,0.12179,-0.03779,0.13875,-0.14304,-0.14020,0.09792,0.01836,0.14435,0.13252,-0.08874,0.04797,-0.08043,-0.03500,0.06520,0.08113,-0.02623,-0.14947,0.12701,0.20253,-0.00186,0.07551,-0.09836,0.06607,0.00288,0.09332
131,3,7,0,10,0,-0.11614,0.06622,-0.23609,-0.06581,-0.10845,-0.14108,-0.01332,0.05188,0.10941,-0.09438,0.15651,-0.06082,0.20313,-0.04671,-0.14710,0.18059,0.06844,-0.06524,-0.27260,-0.24064,-0.15684,-0.01034,0.02030,0.04146,-0.01987,-0.14085,-0.07820,-0.18001,0.11906,0.12781,-0.08066,-0.00974,0.14016,-0.04930,-0.03178,0.20298,0.06082,-0.05646,-0.28146,0.11973,0.15335,0.09191,-0.02639,-0.07131,-0.14709,-0.05023,0.11924,0.21530,0.01265,-0.22553,0.09764,0.04249,-0.07255,-0.01037,0.09509,0.26936,-0.13803,-0.02058,0.04890,0.08139,-0.05869,0.08442,0.02035,-0.02975
132,2,8,0,10,0,0.12742,0.03194,-0.17573,0.03353,-0.23058,0.12970,0.09915,-0.02004,-0.15007,-0.01582,0.02999,0.00667,0.05913,-0.22016,0.11804,-0.08467,-0.26938,-0.06803,0.25131,-0.06950,0.00195,0.00901,-0.03767,0.13831,0.12116,-0.05321,-0.13342,0.12138,0.08630,-0.14596,-0.14062,0.14437,-0.23789,0.04113,0.07977,-0.12279,-0.16908,-0.10028,0.17648,-0.04143,0.04088,-0.12761,-0.01328,0.08585,-0.09226,0.09452,-0.07139,0.08043,-0.16320,-0.05157,-0.14974,-0.17811,-0.12179,-0.12385,-0.07438,0.00413,0.19160,0.10427,-0.07148,0.15632,-0.05020,-0.15453,0.23496,0.06980
133,0,10,1,10,0,-0.03765,-0.04681,-0.08748,-0.00179,-0.00466,0.05158,0.00284,0.04976,-0.24865,0.04844,-0.13925,-0.19980,0.06882,0.13461,0.18100,0.12190,0.24940,0.05420,-0.16353,0.24025,0.13388,0.25670,-0.05963,-0.04566,-0.00858,0.02036,-0.14919,-0.08862,-0.12382,-0.18044,-0.12815,-0.13337,-0.02297,0.03460,-0.08610,0.19143,0.08592,-0.02198,0.06831,0.27910,0.09683,-0.14013,0.04335,0.08042,0.02317,0.00883,0.10561,0.12087,-0.05140,-0.11457,-0.29217,-0.00443,-0.06877,-0.19086,0.13653,0.00197,-0.12707,-0.00938,-0.00282,-0.15116,0.03491,0.04827,0.10998,-0.14904
134,4,6,0,10,0,0.28576,0.00027,0.11006,-0.10228,0.12473,0.11630,0.06130,0.07312,0.03959,-0.25628,-0.33963,-0.08134,0.17757,-0.06568,-0.07058,0.02899,-0.14265,0.06050,0.11646,0.15732,0.13194,0.11822,0.03020,-0.00395,0.05317,0.09861,0.14343,0.15242,-0.14443,-0.02154,-0.04209,-0.05334,0.19349,0.05268,0.13990,0.02846,-0.07232,-0.01352,-0.16891,-0.01206,0.15608,-0.06164,-0.20074,0.07230,-0.05156,0.00493,0.03523,-0.11333,0.17449,-0.08698,-0.20195,-0.03751,-0.02523,-0.20676,0.10539,-0.02182,-0.01788,0.29221,0.02023,0.03553,-0.12608,-0.11797,-0.08555,0.07041
135,0,10,1,10,0,0.13527,-0.25053,-0.18058,-0.13058,0.07308,-0.17184,-0.12204,-0.04079,0.06027,0.02019,0.30085,0.21313,0.07795,0.17258,-0.10615,0.00960,0.01139,0.08498,0.20370,0.07953,0.03773,-0.05260,0.04182,-0.11615,0.08792,0.14820,0.03823,0.04786,-0.15941,-0.05183,-0.16779,0.13297,-0.28028,-0.04077,0.04357,0.19795,0.03954,0.16799,0.06479,-0.21549,0.15956,-0.12797,-0.02470,-0.00253,-0.05868,-0.09924,-0.17435,0.02791,0.08314,-0.05503,-0.10780,-0.04630,0.11340,-0.18015,0.10340,0.05282,-0.01452,-0.08110,0.04297,-0.05363,-0.20465,-0.03891,0.03740,-0.14572
136,7,3,0,10,0,-0.16975,-0.09647,0.19584,0.03933,-0.13222,-0.03371,0.04609,-0.04546,0.27669,-0.16785,0.24501,-0.10196,-0.03143,-0.13923,0.08261,0.04816,-0.13798,-0.05745,-0.14139,-0.04067,0.07295,-0.17824,-0.23254,0.06682,-0.15177,-0.15611,-0.09547,0.16089,-0.02505,0.16417,0.04569,-0.14497,0.15941,-0.19294,-0.12081,0.10214,0.00436,-0.24314,-0.11760,-0.11075,0.02302,-0.04220,-0.03069,0.04804,0.15069,0.19818,0.03539,0.15167,-0.05752,0.07470,-0.03655,0.01472,-0.16921,0.01558,-0.01407,0.13699,-0.01887,0.15654,-0.04363,-0.06758,0.06426,-0.08158,0.03137,0.23603
137,7,3,0,10,0,-0.05571,-0.00256,-0.24924,-0.07129,-0.00015,-0.04782,-0.04869,0.00152,0.06672,-0.11318,0.08314,-0.09224,0.11957,0.08258,0.20464,-0.01851,0.12450,-0.10631,-0.03442,0.08016,0.04025,-0.10865,0.16420,-0.15559,-0.31414,-0.10422,0.15394,-0.11604,0.14415,0.22985,0.32151,0.00921,-0.10637,-0.11903,-0.07623,0.05151,-0.10304,0.21268,0.09798,0.17109,0.16052,-0.12311,0.05116,0.06442,-0.15746,-0.04385,-0.00088,-0.09018,0.10477,-0.14365,-0.12983,-0.01938,0.13335,-0.03209,-0.16693,0.04311,-0.01988,0.04561,-0.17949,-0.21104,-0.04135,-0.08959,0.09286,0.00700
138,0,10,1,10,0,0.13287,0.00028,-0.08165,0.03290,0.01422,-0.00981,0.14968,-0.26837,0.07568,-0.19783,0.00524,0.02993,-0.14681,0.09410,-0.10187,0.06787,-0.10559,-0.04676,0.11634,-0.15995,0.01262,-0.00689,-0.02484,-0.22204,0.07572,0.06461,-0.10664,-0.00675,-0.03278,-0.12366,0.05745,0.15180,-0.07876,-0.13306,-0.26299,0.09936,0.00523,-0.07554,-0.19491,0.19666,0.03930,0.11813,0.05201,-0.15224,0.05628,-0.03945,-0.15216,-0.02770,-0.04007,-0.11698,-0.28553,0.11794,-0.21062,0.28053,-0.10278,-0.03650,0.07279,0.09381,0.04343,-0.25411,0.10807,-0.06769,0.05712,-0.14471
139,1,9,0,10,0,0.07788,0.16102,-0.06974,-0.16272,0.08230,0.24773,0.11721,-0.02876,-0.16289,0.22510,-0.06405,-0.06763,0.14613,-0.11158,-0.04481,-0.21567,0.25549,0.01371,0.11276,-0.30291,0.17563,-0.01118,0.01123,-0.00468,0.11129,0.21665,0.00974,-0.28532,0.09549,-0.03009,-0.02970,-0.01567,-0.13717,-0.03178,-0.12589,-0.22621,0.07964,-0.02771,-0.09006,-0.12894,0.18433,-0.07427,-0.04969,-0.07873,0.11876,-0.07993,-0.03843,0.16078,-0.04817,0.09882,0.04881,-0.12774,0.00736,-0.01412,-0.12310,0.06622,0.07331,0.01293,0.03023,-0.20393,-0.05947,0.11081,0.00057,0.06025
140,8,2,0,10,0,0.18421,-0.18503,0.09579,0.02967,-0.08302,0.06224,0.09675,0.03788,-0.21932,0.01716,-0.13770,-0.05258,0.08039,0.12804,0.17661,0.05370,-0.08754,0.01892,0.09060,-0.12921,0.00362,-0.04558,-0.20809,-0.02407,-0.09668,-0.16947,-0.00595,0.27004,-0.02875,-0.00347,0.07704,-0.07517,0.05164,-0.06346,-0.02662,-0.00496,-0.08434,-0.05928,0.02406,0.33994,-0.28631,0.06033,-0.08971,0.07041,-0.08957,-0.26101,-0.20556,0.21049,0.00786,-0.09277,-0.16926,0.11439,-0.12064,0.03410,-0.03660,0.02973,0.06534,-0.02754,0.25317,0.00568,0.12479,0.03134,-0.08517,0.11826
141,0,10,1,10,0,-0.09214,-0.13775,0.02934,0.04222,-0.04314,0.21384,-0.03984,0.26120,0.00447,0.18622,0.05475,-0.03708,-0.25572,-0.19301,0.03481,-0.13445,0.06014,0.11626,-0.22910,-0.07937,0.02657,-0.00164,-0.14033,-0.12311,0.17402,-0.05111,0.05656,-0.14397,-0.15901,0.09193,0.14738,-0.13488,0.01961,-0.15957,0.03914,-0.19929,0.01028,0.07566,-0.07145,0.01488,-0.02949,0.03787,0.21846,-0.06819,-0.08737,0.04923,0.10828,-0.30478,-0.08808,0.02885,-0.21595,0.04747,-0.04871,-0.00875,-0.11575,0.22759,0.05655,0.04021,-0.01881,0.04175,0.10701,0.02136,0.15524,-0.18409
142,3,7,0,10,0,0.06781,0.14580,-0.00152,0.11605,-0.06347,0.08423,-0.06475,-0.03484,0.12961,-0.06138,-0.14538,0.13739,-0.00010,-0.18841,-0.08421,0.15142,0.05577,0.00967,-0.17269,0.11790,-0.03507,-0.34558,0.20257,-0.02716,-0.07831,-0.20034,0.22569,-0.29858,-0.04255,-0.06280,-0.00847,-0.01908,0.13445,-0.04841,0.17211,-0.04425,-0.01602,0.07313,-0.00233,-0.00853,-0.06597,-0.04410,0.02791,-0.08946,0.02537,-0.04227,-0.31695,-0.03795,0.05189,0.07055,0.07531,-0.10301,-0.01263,0.06395,0.19208,0.28683,-0.11946,0.08829,0.04195,-0.13121,0.01461,0.00388,-0.21705,-0.05763
143,8,2,0,10,0,0.16186,0.02187,0.28298,0.02443,-0.11472,-0.02205,-0.12643,0.16327,0.13940,-0.05117,-0.11948,-0.04072,0.03627,-0.00229,0.07460,-0.13947,-0.12325,-0.00416,-0.17195,0.19876,0.00819,-0.01422,0.22931,-0.06410,0.21334,-0.01584,0.05269,-0.32375,-0.03113,-0.05115,-0.07211,0.18356,-0.06943,0.11140,-0.06368,-0.23119,0.12409,0.01403,0.01219,0.04214,0.08097,-0.00829,0.17893,0.02653,-0.07456,-0.08534,0.04627,-0.02645,0.02076,-0.00179,-0.00558,-0.08679,0.00054,-0.10349,-0.31731,-0.00636,0.22753,0.28108,-0.10033,0.04104,-0.00035,0.00816,0.06925,0.14439
144,1,9,0,10,0,0.01823,0.15501,0.11402,0.05526,0.03176,-0.12190,-0.05824,-0.00616,0.14701,-0.16793,0.10603,0.02430,-0.03990,-0.23047,0.05516,0.03865,0.16453,-0.04035,0.06030,-0.00256,-0.13636,-0.01076,-0.17833,-0.06799,-0.13859,0.18295,-0.13824,0.09809,-0.01358,0.04487,-0.05295,0.15582,0.17773,0.03989,-0.02402,0.16747,0.03045,-0.11278,-0.08047,0.16395,0.33953,-0.20305,0.15627,0.09407,0.00052,0.00409,-0.10479,-0.19469,-0.10910,0.28082,0.01142,-0.12269,0.18477,0.00836,0.23931,-0.03267,-0.18672,-0.00396,0.06296,0.17247,-0.04717,-0.01230,-0.05041,0.04177
145,5,5,0,10,0,0.14199,-0.05809,0.02382,0.02362,-0.09088,0.13362,0.08455,0.07047,-0.39926,0.04012,0.14293,0.07684,0.00892,-0.21247,-0.15020,0.07484,0.10117,-0.00522,0.00892,0.08736,0.08380,0.16587,0.02604,-0.24979,0.10697,0.17755,0.08035,0.14211,0.11267,0.11378,-0.13418,0.09812,-0.12451,-0.02523,-0.03054,0.01333,0.17908,0.04717,0.02318,-0.03133,-0.05470,-0.04313,-0.06251,-0.00908,-0.01854,-0.10271,0.00742,0.15508,-0.02090,-0.22754,0.07289,-0.21797,-0.02584,-0.13862,-0.12628,-0.01975,-0.00781,0.01796,-0.02185,0.16183,-0.10298,-0.15333,-0.21615,-0.30308
146,3,7,0,10,0,-0.03576,0.19345,0.12001,0.01562,0.06366,-0.06433,0.10808,-0.02150,0.09456,-0.01828,-0.10118,-0.03202,-0.00029,-0.09143,-0.18450,-0.13187,0.38741,-0.01287,-0.17948,-0.17587,0.06655,-0.20674,0.09493,-0.12394,0.01487,-0.03952,-0.06989,-0.07920,0.03448,-0.03067,-0.19204,0.20955,-0.11285,0.03857,-0.06075,-0.03352,-0.18233,-0.17310,-0.03497,0.03165,0.13952,0.18421,0.19200,0.00107,-0.01741,-0.08023,-0.02568,0.01331,-0.06317,-0.18069,0.28213,-0.11574,0.20020,-0.24538,0.08954,0.00198,-0.04512,0.07848,-0.07132,0.10135,0.08239,-0.12078,-0.00163,0.00308
147,9,1,0,10,0,0.10080,-0.09465,0.29530,0.06498,-0.14626,-0.01744,0.13352,-0.09098,-0.01408,0.06777,0.08251,0.21446,0.06222,-0.02404,0.10815,0.09994,-0.16754,-0.03472,0.06566,0.10693,0.01797,-0.17020,0.06416,-0.11614,-0.00585,-0.01035,-0.02148,0.21610,-0.15883,-0.10390,-0.01059,-0.16966,-0.01318,0.00499,-0.27945,0.08076,-0.15125,-0.13031,0.00261,-0.10055,0.06085,0.13174,0.21251,0.11454,0.10867,0.02076,-0.11471,0.13165,-0.08356,-0.33224,-0.05258,-0.08891,0.02090,-0.07968,-0.08511,-0.14316,-0.05165,0.05206,-0.18997,0.09260,0.01676,-0.06474,-0.06255,-0.27559
148,0,10,1,10,0,-0.13971,-0.07302,0.09256,0.01227,0.20249,-0.18186,0.20645,0.15678,-0.07009,-0.20107,-0.01696,-0.04822,-0.19391,0.00627,-0.24451,-0.08660,0.14254,-0.06151,0.05742,-0.19882,0.18067,0.28494,0.07293,0.07427,0.05374,0.09454,-0.05480,-0.05386,-0.09470,0.07520,-0.12917,0.20679,-0.01608,0.04538,-0.10100,-0.01424,-0.11802,0.00487,0.06910,0.10909,-0.00007,0.24046,-0.15747,0.03207,0.15045,-0.06413,0.02253,0.11084,-0.08809,-0.07794,-0.00207,-0.03284,-0.16721,0.19027,0.01716,0.10647,-0.19210,-0.11051,-0.14908,-0.04299,0.02725,0.18073,-0.13851,-0.07649
149,5,5,0,10,0,-0.05403,0.02632,0.15598,-0.16660,0.13806,0.12377,0.10952,-0.06829,0.00176,0.35609,0.02259,0.07335,0.01452,-0.05324,0.08108,0.17761,-0.10345,0.03172,0.04849,-0.05113,-0.04301,-0.17196,0.24885,-0.20643,-0.00225,-0.14010,-0.16228,-0.02161,-0.06352,0.02396,0.08337,0.17652,-0.15396,0.01740,-0.11364,0.09920,-0.12188,-0.04301,0.02332,-0.15974,-0.13978,0.09560,-0.17693,0.03014,-0.11331,0.06928,0.03704,-0.04009,0.00532,-0.07639,-0.02121,-0.07512,0.21218,0.20571,0.13818,0.27742,0.06743,0.05190,0.00524,-0.01836,-0.15123,0.12504,0.06448,0.24691
150,10,0,0,10,0,-0.03480,0.13962,0.03898,-0.13720,-0.13827,-0.04855,-0.30170,-0.31249,-0.07679,0.01706,0.02522,0.14107,0.08125,0.00281,-0.04149,0.06567,-0.10932,0.25819,-0.19799,-0.29022,-0.09937,0.23492,0.02358,0.09122,0.00006,0.02937,0.06311,0.00069,-0.19304,0.02021,-0.15978,0.20138,0.01399,0.10194,0.01653,0.18012,-0.04142,-0.06796,-0.08357,0.16995,-0.02716,-0.12907,-0.14570,-0.00356,0.18647,-0.03650,-0.06881,-0.00846,-0.03599,0.11668,0.13393,-0.04328,-0.04090,0.24085,-0.09242,0.08055,0.04122,-0.02242,-0.00779,-0.15602,-0.02235,0.12789,0.07955,0.02416
151,10,0,0,10,0,-0.04663,-0.08465,0.12217,0.05619,-0.02783,0.20112,-0.12283,-0.19102,-0.03833,-0.05511,0.08270,0.02050,0.14859,0.00119,-0.08746,0.05360,-0.02118,-0.09221,-0.18889,0.05437,-0.14845,-0.06413,0.12369,-0.04974,-0.02021,0.07645,0.20850,0.17195,-0.28017,0.07085,-0.19111,-0.06638,-0.07983,0.08931,0.14126,-0.00561,-0.01568,-0.21171,-0.12893,-0.14971,-0.11721,0.00912,0.04822,-0.37301,0.08702,-0.06720,-0.03201,-0.04163,0.11356,-0.09278,0.07956,0.04700,-0.22750,0.31261,-0.05580,0.07156,-0.05058,-0.10050,-0.17803,0.07679,-0.01499,0.03464,0.10801,0.02225
152,0,10,1,10,0,0.00402,-0.11033,-0.07993,0.00363,0.20877,0.14769,0.06599,-0.11542,0.12737,-0.18883,0.01607,0.16335,0.07516,0.00316,-0.01511,0.11057,-0.17390,0.19142,-0.08488,-0.14961,0.10017,-0.05202,0.04888,-0.05116,-0.07697,-0.16221,-0.04323,-0.12010,0.14092,-0.27695,-0.06490,-0.00652,-0.21871,-0.12439,0.02404,0.12680,0.06411,-0.03870,-0.17843,0.11183,-0.17660,0.06009,0.09595,0.28278,-0.14436,0.19912,0.01854,-0.08671,0.08419,-0.15626,0.02931,0.16524,0.09989,-0.18869,0.09650,-0.26163,0.02064,-0.05970,-0.04652,0.02183,0.05880,0.11719,-0.06978,0.06236
153,7,3,0,10,0,0.00732,0.14258,-0.07402,-0.19733,-0.04424,0.09712,-0.10294,-0.12223,0.22319,-0.28161,-0.07981,0.11947,-0.04297,0.05374,-0.17017,-0.14410,0.04880,-0.00856,-0.08642,-0.09162,-0.23123,-0.17059,-0.13505,-0.09471,0.00627,-0.01180,0.30616,0.08297,0.03564,-0.04357,0.27307,-0.04323,-0.06597,-0.22145,-0.09422,0.05677,-0.26317,-0.06233,-0.13932,0.03499,0.05407,-0.11449,-0.16231,0.02567,0.07727,-0.04803,0.02142,-0.02004,-0.09166,-0.19672,0.03913,-0.04117,0.11858,0.02399,0.05539,-0.00224,0.17323,0.11674,-0.05993,-0.02468,0.07190,0.08435,0.01667,-0.21373
154,4,6,0,10,0,-0.32994,-0.11377,0.08793,0.16510,-0.07923,0.05539,0.07844,-0.05243,0.01162,0.11524,-0.03864,0.17501,-0.18132,-0.00264,-0.12064,0.13541,-0.05466,0.08508,-0.12701,0.11874,0.15658,0.04975,-0.15154,0.20308,-0.13338,-0.07030,-0.10729,0.10484,-0.22448,0.06547,-0.09670,-0.07941,0.01224,0.17967,-0.13180,-0.14523,0.01247,0.06168,-0.28104,-0.16404,0.10117,-0.10634,-0.12413,0.08896,0.18371,-0.16085,0.11062,-0.04002,0.04299,0.13590,0.10515,-0.03412,0.00590,-0.09250,-0.04819,0.01266,0.07503,0.24745,0.16074,-0.07259,0.08396,-0.08169,0.06139,-0.09094
155,9,1,0,10,0,-0.07093,-0.12618,0.28000,-0.07137,0.17228,-0.07828,-0.16260,0.19724,0.12539,-0.12018,0.05462,-0.08546,-0.07384,-0.19414,0.11543,0.02524,0.10792,0.18068,0.08497,-0.19775,0.22473,-0.18746,-0.26816,0.09512,0.06103,-0.16310,0.18905,0.05470,-0.08688,-0.08070,0.02360,0.00187,0.12737,0.03134,-0.05349,-0.11126,0.04361,-0.11314,0.03960,-0.13465,0.04974,-0.09530,-0.13483,-0.13624,0.00328,0.11074,-0.00714,0.07250,0.23066,-0.00182,0.05422,0.06021,-0.06477,0.03367,0.19081,0.19517,-0.12260,0.20016,0.00804,-0.08777,-0.10419,0.03064,-0.05091,0.07984
156,2,8,0,10,0,-0.13637,-0.06859,-0.20912,0.13246,0.21304,-0.16781,-0.05551,0.06468,-0.05621,0.13793,-0.08601,0.02070,0.09440,0.05297,0.05985,0.05658,-0.01113,0.22579,-0.30575,0.02537,-0.10253,-0.24225,-0.23218,-0.16475,-0.06789,0.10745,0.17152,0.12163,0.00707,-0.12889,-0.06115,-0.01569,-0.09931,0.25195,-0.08205,0.00514,0.08201,-0.10971,0.05774,0.19258,-0.05922,-0.03305,-0.12775,0.08356,0.10687,0.01870,-0.09683,0.10555,0.01318,0.02428,-0.04505,0.19120,0.07695,-0.05379,0.03064,0.17770,0.09862,0.09373,0.13424,-0.22753,0.15714,-0.09580,0.08478,0.00947
157,6,4,0,10,0,0.16380,0.09286,0.06012,0.21212,-0.22446,0.00546,-0.07559,-0.16474,-0.13587,0.04653,-0.22489,-0.03039,-0.28232,-0.05203,-0.22192,0.00766,0.05099,0.12847,0.07523,-0.11600,0.01686,-0.05808,-0.04419,-0.06550,0.19204,-0.00285,0.05664,-0.12129,0.04871,0.11206,-0.17265,-0.18469,-0.07327,-0.00873,-0.04657,-0.18564,-0.01902,-0.28151,-0.02423,0.18364,0.09275,-0.01363,-0.16759,-0.04769,0.06718,0.06203,-0.02602,0.10293,0.13657,0.02479,0.04981,-0.08539,-0.05001,0.05264,-0.02675,0.12198,-0.24751,0.16839,0.16374,0.11527,0.11398,0.02583,0.19685,-0.01570
158,0,10,1,10,0,-0.15673,0.07429,0.12409,-0.02961,-0.21054,0.08509,0.07918,0.12394,0.12877,-0.01278,-0.26341,0.03579,-0.04589,-0.01534,-0.01318,0.12747,-0.12163,-0.32886,0.05367,0.01820,0.04249,0.06002,0.04950,-0.02800,0.08796,0.05095,-0.02882,-0.03207,-0.01022,0.01074,0.15799,-0.37668,-0.02183,-0.19393,-0.06833,0.18444,-0.11274,0.00387,0.04300,-0.05665,-0.07562,0.02149,0.13354,-0.04891,-0.01065,-0.12270,0.08408,0.17726,-0.07645,0.28621,0.01977,0.00338,-0.10683,-0.05984,0.06004,-0.06423,-0.08268,-0.07975,0.01655,0.26856,-0.23911,0.15745,-0.00780,0.08416
159,5,5,0,10,0,-0.07939,-0.12018,0.10282,0.06582,-0.11359,-0.08501,-0.14031,-0.12996,-0.06580,0.01704,-0.10399,-0.05716,0.12121,-0.18759,-0.04836,-0.01731,0.06219,0.14713,-0.03361,0.24323,0.15557,0.11047,-0.16353,-0.00837,0.22236,-0.06936,0.14869,-0.04110,-0.02995,-0.05858,-0.00045,-0.08606,-0.00639,0.03516,0.00554,-0.09665,-0.09933,0.20085,0.03200,-0.19675,-0.06967,-0.04283,-0.17043,0.07281,0.16789,-0.07317,-0.11539,0.04453,0.00980,0.07453,-0.45095,-0.01763,-0.13582,-0.04330,0.11103,0.17582,-0.02209,0.07043,0.24139,-0.11558,0.10301,-0.14153,0.01625,0.16213
160,9,1,0,10,0,0.05480,0.21098,0.10648,-0.00085,-0.05111,-0.06945,-0.11931,0.03023,-0.05825,-0.04251,0.25547,-0.09453,0.27405,-0.00683,0.11914,-0.13327,-0.10045,-0.04247,0.03341,-0.09712,0.05520,-0.17546,-0.13985,0.17846,-0.13714,-0.24527,0.14437,-0.09768,0.14099,-0.15429,0.12667,0.01931,0.09200,0.02895,0.10719,0.10550,0.17234,0.18100,0.02784,-0.19007,0.04467,0.10794,-0.23485,-0.01721,-0.01268,-0.05521,0.10618,-0.21927,-0.03110,0.18809,-0.02240,0.02839,0.04792,-0.07586,-0.25543,-0.06606,-0.06405,-0.07247,-0.08913,0.00046,-0.06803,0.02652,-0.08998,0.21434
161,8,2,0,10,0,0.03099,-0.09907,0.03949,0.15925,0.16481,-0.00201,0.29708,-0.30413,-0.20727,0.10656,0.09242,0.02770,0.04427,-0.10721,-0.11382,-0.12558,0.03333,0.03423,0.00565,0.13306,0.24498,-0.08835,0.00615,-0.06468,0.11519,0.11641,-0.12340,-0.01107,-0.09292,-0.00421,0.18281,0.16986,-0.26823,-0.03915,0.11085,-0.16861,0.14356,-0.08228,0.03925,0.01770,0.04325,0.28126,0.08235,-0.01124,-0.00395,-0.07754,-0.15597,-0.19393,0.06089,-0.02622,-0.12728,0.02465,0.07099,0.19714,0.09874,0.02073,0.07134,-0.01365,-0.05317,0.14837,0.00787,-0.05984,0.18389,-0.03595
162,7,3,0,10,0,-0.04707,0.11517,0.10427,-0.02516,0.08270,-0.21575,-0.23701,-0.10359,0.07647,-0.12886,0.12980,-0.08927,0.18602,-0.15614,-0.24508,0.21516,0.09061,-0.13681,0.11087,0.08685,0.09806,-0.05061,0.19203,-0.04516,0.12631,-0.03211,0.10237,0.04065,-0.03974,-0.10468,-0.06102,-0.12703,0.13652,-0.16975,0.00342,-0.01586,-0.02272,-0.04136,-0.10701,0.15243,-0.07438,0.17738,0.03535,0.03339,-0.13949,-0.14444,-0.09282,-0.12708,0.19216,-0.00234,-0.03434,0.15442,-0.16684,0.17365,-0.02897,-0.08331,-0.07377,-0.10644,-0.07139,0.15875,0.06042,0.29316,0.00867,-0.16494
163,0,10,1,10,0,-0.02915,0.03492,0.04748,0.26651,-0.04792,-0.02859,-0.15491,-0.01053,0.07496,0.06420,-0.11994,0.11852,-0.40043,-0.31783,-0.04228,-0.03414,-0.04033,0.17575,-0.04252,0.10543,0.13928,-0.10714,0.05736,0.14279,0.05473,-0.14366,0.08451,-0.14814,-0.05723,0.04727,0.01781,-0.08434,0.08892,0.06160,-0.11077,0.07476,-0.12935,0.14534,-0.04634,0.13048,0.10192,-0.04667,0.05874,-0.03991,0.13524,-0.11111,0.00663,0.00883,0.16618,0.20478,-0.04469,0.03581,-0.03094,0.15943,-0.02602,-0.12202,0.14879,-0.05809,-0.17087,-0.04797,0.02236,-0.22357,-0.25140,0.09412
164,6,4,0,10,0,-0.02340,0.06556,0.01776,-0.03653,0.08276,0.04499,0.28701,-0.00143,-0.11097,-0.10499,-0.27652,-0.21548,0.11761,0.01838,-0.10653,0.06001,-0.13451,0.01712,-0.00784,0.10493,0.07356,0.05104,-0.05540,-0.03733,0.07650,-0.03418,-0.01634,-0.15710,0.18481,-0.26196,0.11339,-0.07269,0.02165,-0.17271,-0.00476,-0.07464,0.14537,-0.10805,0.19326,-0.17094,0.10620,0.17826,-0.01235,-0.22662,0.03304,-0.01799,0.13204,-0.19078,0.05098,0.03975,0.12522,0.04344,0.22212,0.01909,0.00726,0.20514,-0.11343,-0.06464,-0.00640,0.10075,0.25441,0.11020,0.17093,0.00986
165,4,6,0,10,0,0.06726,-0.20465,0.04222,-0.06062,-0.03084,0.05932,-0.03239,0.08686,0.13314,-0.04900,-0.04378,0.00582,0.12181,-0.02304,0.07921,0.24323,-0.02885,0.35344,-0.16626,-0.04075,-0.28656,-0.02978,0.10460,-0.07876,0.09230,0.03677,0.28092,-0.08660,-0.03973,0.14501,-0.02590,0.05685,-0.22763,-0.11049,-0.01561,-0.02551,0.03106,0.07949,0.05716,-0.01468,-0.24157,-0.08655,-0.23372,0.04128,0.14193,-0.10474,0.05947,-0.08513,-0.20433,-0.10615,-0.01404,-0.16327,0.12133,0.19937,-0.05692,-0.05033,-0.12629,-0.07834,0.09368,-0.01126,-0.00975,-0.07386,-0.16637,0.10051
166,0,10,1,10,0,0.04764,-0.03930,-0.02539,0.05527,0.06273,-0.00632,-0.08856,-0.13304,-0.00699,-0.06889,0.35845,-0.03157,-0.03607,-0.07931,0.04368,-0.12981,-0.09816,0.02718,0.13638,0.11578,0.17637,0.20455,0.15247,0.13463,0.21324,-0.15956,-0.07185,-0.03533,-0.04816,0.08181,-0.00750,0.23061,0.00252,0.14226,-0.11509,0.11853,-0.34737,-0.17018,0.00948,0.06270,0.14676,-0.02956,-0.05211,0.01359,-0.01734,-0.02239,-0.04034,0.02421,-0.16745,0.05038,0.12281,-0.03984,0.09463,-0.08448,-0.00716,0.15374,0.03515,0.10165,-0.09838,0.15003,-0.30607,-0.00455,-0.19477,0.11884
167,7,3,0,10,0,-0.06153,-0.09090,0.22192,-0.06400,0.03762,0.06425,-0.08653,0.08072,0.00324,-0.14999,0.08297,0.15631,-0.16522,0.17578,-0.03760,-0.08519,-0.13041,0.07891,0.23255,0.16788,0.00120,0.14835,0.05520,-0.05965,0.15995,0.01223,0.21721,0.02988,0.09407,0.03821,-0.13185,-0.19264,-0.12452,0.15022,0.11497,-0.14381,-0.25221,0.04452,-0.03610,-0.01304,-0.14131,-0.07362,-0.15653,-0.10775,-0.08852,-0.17979,-0.01511,-0.00413,0.28147,-0.11222,-0.07909,0.02377,0.14675,-0.13403,0.09231,-0.24121,-0.15118,0.01113,0.06007,-0.07581,-0.15875,0.00731,-0.13049,-0.03530
168,0,10,1,10,0,-0.03730,-0.23537,0.02751,-0.08006,-0.03999,0.16360,0.02135,-0.20916,0.06873,-0.02172,-0.16020,-0.01787,-0.19954,-0.13311,-0.09970,0.03994,-0.27023,0.20734,-0.22644,0.12047,0.04943,-0.00468,0.19064,-0.16393,0.17308,0.12752,-0.02628,-0.18065,0.07516,0.00965,-0.00631,0.20251,-0.02364,0.17462,-0.06419,0.19990,-0.05729,-0.07574,-0.31467,0.03814,0.00264,-0.18758,-0.06153,-0.11743,-0.07798,0.03013,0.08066,-0.13875,0.07734,-0.01057,0.00856,0.00106,0.02408,0.11380,-0.07078,0.11906,-0.04818,0.20963,-0.13003,-0.07431,0.00708,0.05143,-0.08035,0.05042
169,1,9,0,10,0,-0.01110,-0.18171,0.05825,-0.17984,-0.12449,0.02694,-0.10086,0.06957,0.01785,0.05168,-0.14375,-0.17198,-0.37832,0.05806,0.10250,-0.07172,0.11186,0.20555,-0.10825,0.10509,-0.04405,-0.29273,-0.02348,-0.07077,0.01584,0.20979,-0.04988,0.07975,0.17312,-0.13480,0.07543,0.15402,-0.08005,-0.01404,0.24530,-0.02479,-0.05933,0.05244,-0.00011,-0.00799,-0.14858,-0.16177,0.05002,-0.05228,0.02933,-0.07262,-0.03817,0.14387,0.22577,0.00935,-0.13752,0.09112,0.04084,-0.14543,0.08082,0.02083,-0.10894,-0.05626,0.11127,-0.06394,-0.09255,-0.15790,-0.04750,-0.22874
170,3,7,0,10,0,0.09467,-0.00585,0.06047,0.22638,-0.00684,0.01148,-0.03309,-0.10785,0.00156,0.28105,-0.14468,0.01738,0.15375,0.06390,-0.18246,-0.19256,0.17282,-0.13295,0.07993,0.20611,-0.11728,0.05152,0.04419,0.01625,0.01764,0.10831,-0.11331,-0.16335,0.02543,-0.10949,0.08950,-0.10619,-0.09509,0.03888,-0.03697,0.02667,0.00023,0.03095,0.27219,-0.07756,-0.03022,-0.16112,0.03704,-0.15574,0.05847,-0.05555,-0.02029,-0.10653,0.08549,-0.09207,-0.17307,0.00537,0.07555,-0.02996,0.07863,0.18509,-0.11248,0.17903,-0.04531,-0.33829,0.25895,-0.04378,0.17540,0.09028
171,0,10,1,10,0,-0.09982,-0.14539,0.05592,0.01040,0.07254,0.05485,-0.05251,0.10781,-0.10313,-0.15071,0.18593,0.07633,-0.16982,-0.00188,0.13913,0.10265,0.13569,0.11377,0.11370,-0.07706,0.19866,-0.16339,-0.27934,0.12020,0.10047,0.19121,0.00047,-0.17056,0.13204,-0.14539,0.15182,0.03052,0.13301,0.18593,0.11567,0.06284,0.19019,-0.03888,-0.15793,-0.19799,-0.10620,-0.06260,0.00718,0.12780,0.03990,-0.14880,-0.03510,0.14738,-0.01456,-0.19573,0.11475,0.05559,-0.10215,0.15124,-0.10117,-0.05374,0.08227,-0.17305,-0.04120,-0.10197,-0.14836,0.00462,0.18244,-0.09135
172,3,7,0,10,0,0.30797,-0.05948,-0.13560,0.04364,-0.10273,0.18181,-0.14022,-0.15826,0.10583,-0.05607,-0.06420,0.05692,-0.20805,-0.11473,0.10543,0.09558,-0.00003,-0.09735,-0.11697,-0.07548,-0.03540,-0.00605,0.09036,-0.04623,-0.03324,0.00428,-0.02709,0.15310,-0.03095,0.05480,0.01836,0.07057,-0.26974,0.02117,-0.09135,0.16759,-0.05345,-0.05636,-0.03111,-0.02707,-0.05667,-0.04410,0.24906,-0.13481,-0.11563,-0.12994,0.12753,-0.02744,-0.10797,-0.05521,0.10692,0.11836,-0.06635,-0.01951,0.37017,-0.13968,-0.01318,-0.10922,0.08744,-0.08245,-0.13358,0.25818,0.14955,0.18628
173,0,10,1,10,0,0.16232,0.05447,-0.02756,0.23419,0.03454,0.12392,0.19450,0.14246,0.21117,-0.27022,0.12950,0.13071,-0.08832,-0.15904,-0.15609,-0.09076,0.08149,-0.01437,-0.10466,-0.24443,0.15654,0.12311,-0.03544,0.10093,0.06693,-0.00258,-0.01305,0.07384,0.25746,-0.08192,-0.09206,-0.11821,0.11214,0.02887,0.06002,-0.11568,0.03477,0.07015,0.01226,-0.14693,-0.22216,0.01154,0.01509,0.00895,-0.08972,0.00686,-0.03700,0.23769,-0.03435,-0.13727,0.00150,-0.01919,-0.30994,0.08658,0.02818,-0.14761,0.19308,-0.05397,-0.05167,-0.04835,0.02319,0.02381,-0.10929,-0.10115
174,2,8,0,10,0,0.02440,-0.11744,-0.20955,0.06433,0.01812,0.34161,-0.09597,0.30805,0.05998,-0.14502,-0.00042,0.18407,-0.08128,0.05590,-0.10378,-0.22913,-0.04215,-0.01628,0.07807,-0.13030,0.06448,0.17140,-0.03433,0.18452,0.01436,-0.09343,-0.11464,0.00511,-0.15054,0.04742,-0.00735,-0.06052,-0.03565,-0.07006,0.14012,-0.01189,0.00275,0.07438,0.08390,0.16103,0.13225,-0.00146,0.21679,-0.24318,-0.12317,-0.04489,-0.04279,0.12971,-0.07355,-0.17754,0.13598,0.06122,0.04565,0.10413,0.04524,0.03889,-0.13256,0.01547,-0.19990,0.01923,0.00743,0.27809,-0.00452,0.07192
175,0,10,1,10,0,-0.03245,0.02818,0.07118,-0.07713,-0.02348,0.10373,0.06403,-0.07672,0.02145,0.12433,0.34901,-0.07095,-0.08955,-0.04269,-0.27711,-0.09147,-0.00571,0.05743,0.09272,0.17301,-0.23281,0.15364,0.01701,0.21261,0.02376,-0.06947,0.06046,-0.02366,-0.10075,0.07422,-0.03052,0.14930,0.03705,0.06489,0.15158,-0.02814,-0.17405,0.16114,0.03676,-0.02493,-0.03750,-0.06408,0.04390,0.10796,-0.02591,-0.06256,0.07857,0.20511,0.14552,0.01790,0.01044,-0.25430,-0.01744,0.08296,-0.31524,-0.10238,0.08846,0.21302,0.08292,-0.11901,-0.11534,-0.16429,-0.18817,-0.04077
176,5,5,0,10,0,-0.10623,0.05457,0.03225,0.16376,0.00851,0.19086,0.12256,-0.02324,0.21398,0.01011,0.44105,0.02640,0.17546,-0.00319,0.03033,-0.19104,-0.13524,-0.05184,-0.11362,0.00964,0.22149,-0.05799,-0.17193,-0.03823,-0.13229,0.06615,0.06612,0.08109,-0.11288,-0.02184,-0.11129,0.11583,0.23156,0.14767,-0.07705,0.13136,-0.00431,-0.11035,-0.07281,-0.18291,0.07451,-0.11335,-0.00434,-0.08803,0.13024,-0.03206,-0.05989,-0.04343,0.11978,0.01665,-0.02845,0.00797,-0.04411,-0.07090,0.10331,-0.14680,-0.03390,-0.09657,-0.12211,-0.22287,-0.01441,-0.00143,0.11454,0.25485
177,3,7,0,10,0,0.21916,0.17112,-0.02897,0.25062,-0.10786,0.24482,-0.02201,0.00531,-0.22834,-0.03692,0.02669,0.02717,-0.19250,-0.01392,-0.03838,-0.10801,-0.16559,-0.01051,-0.08397,0.00399,0.09328,-0.01462,-0.05069,-0.00178,-0.03425,0.14001,0.13907,0.27757,0.09620,0.03712,0.08697,0.09475,0.03178,0.07519,0.09817,-0.17078,-0.17519,0.09682,-0.01184,-0.12012,0.11988,0.20004,0.05328,-0.25101,0.06492,0.03239,-0.09918,-0.01858,-0.02705,0.10275,-0.13644,0.01966,-0.05082,-0.25129,-0.01574,-0.13882,-0.07179,-0.20594,-0.06758,-0.03898,-0.21943,0.11403,0.05663,-0.14787
178,8,2,0,10,0,-0.04050,0.17975,0.12712,0.01960,0.03164,0.10558,0.03493,-0.17169,-0.00649,0.10396,-0.02944,0.15771,0.10560,-0.07029,-0.01426,-0.21890,-0.16397,0.02829,-0.28093,0.02067,0.00503,0.00319,-0.19210,-0.20154,0.02449,-0.01168,-0.10298,-0.12358,0.10062,0.00160,0.29422,-0.04118,-0.07099,-0.19162,0.03233,-0.04036,0.16838,0.18079,0.17093,-0.02804,0.07482,-0.04274,0.04173,0.27301,0.08852,-0.07591,0.10410,-0.12634,-0.02689,-0.10269,0.07160,0.10451,0.14395,-0.00769,-0.04924,0.08359,0.18226,-0.09718,0.04997,-0.23853,0.20086,0.14585,0.02810,0.12131
179,9,1,0,10,0,-0.01055,-0.15147,-0.08322,-0.10903,0.10561,-0.06642,-0.28827,-0.07302,-0.19482,-0.21850,0.00205,0.04977,0.12691,0.14195,0.06234,0.00189,0.01935,-0.16200,0.02560,0.18797,-0.05721,-0.16697,0.13173,0.05283,0.16730,0.01798,-0.17749,0.05890,-0.08644,0.05310,0.10601,-0.11887,0.06617,0.10869,0.01784,0.12950,0.06603,0.07482,0.14658,-0.00941,-0.13441,-0.04766,-0.21501,-0.27143,-0.10537,0.21005,-0.10132,-0.10304,-0.17689,0.02664,0.15127,-0.12851,0.05874,-0.03880,-0.14297,0.01664,0.21512,0.05554,-0.02638,-0.22629,-0.00644,-0.13380,0.12252,-0.02245
180,8,2,0,10,0,-0.00995,-0.17224,0.05937,-0.17571,-0.06966,-0.06068,0.09405,0.06457,-0.05730,-0.05354,-0.28220,-0.01077,0.23064,0.02257,-0.16651,0.07050,-0.01518,-0.25442,0.04490,0.13735,0.03757,-0.04213,-0.04808,-0.13395,-0.04395,-0.01516,-0.00693,-0.14135,0.11488,0.00333,-0.15122,0.27893,0.07063,0.08098,0.05145,-0.07517,0.18569,-0.01144,0.05723,-0.23094,0.16273,-0.11530,0.17988,0.03607,0.03539,0.05680,0.14470,0.15636,0.11325,-0.17670,-0.05960,-0.32270,0.08231,-0.12835,0.17129,0.01324,-0.08461,0.00339,-0.01008,0.00439,0.15362,0.00362,-0.03593,-0.15995
181,10,0,0,10,0,-0.12098,0.06140,-0.07227,-0.00850,-0.38189,0.22803,0.24376,0.05462,0.20833,-0.15871,0.00927,-0.00820,0.08594,-0.06940,-0.04369,-0.11377,0.13864,0.06961,0.05047,0.13688,0.12376,-0.00916,-0.13823,-0.03868,0.03964,-0.18640,-0.08684,-0.16554,-0.01253,-0.18026,-0.05541,0.00104,-0.03664,-0.10934,0.03431,-0.15725,0.10187,-0.08743,0.15520,-0.18878,-0.04522,0.04402,0.03623,-0.00401,0.22239,-0.11516,0.01962,0.13316,0.02767,0.03613,0.14665,0.04569,-0.12272,0.13768,-0.03607,-0.01229,0.16718,-0.13105,-0.13442,0.08447,-0.25816,0.07588,0.09550,0.12581
182,0,10,1,10,0,-0.03615,0.10602,-0.16837,0.08675,-0.07969,0.09640,-0.05042,0.13592,0.00183,0.11656,-0.16821,0.11183,0.22180,-0.10407,-0.06508,0.17219,-0.18109,0.07199,0.16205,0.01308,-0.08628,0.09445,-0.01986,0.02490,-0.08576,0.06236,-0.17728,0.00961,-0.18175,-0.08476,-0.10771,0.08850,-0.09407,-0.24571,0.14330,-0.11108,0.16018,0.10089,-0.00733,-0.06308,-0.11164,-0.13713,-0.07799,-0.11471,0.03421,0.17828,0.18063,0.03849,0.08110,0.07195,0.01647,-0.01098,-0.26991,0.02630,-0.15539,0.01406,-0.17710,0.17168,-0.24584,0.16882,-0.07609,-0.07695,-0.22619,-0.01384
183,0,10,1,10,0,0.00745,0.09297,0.07309,-0.04292,-0.01424,0.16655,-0.04453,-0.05400,-0.04225,0.07187,0.00383,-0.17952,-0.27739,-0.05539,0.07764,-0.00636,-0.27783,-0.00905,-0.03181,-0.08192,0.11334,0.04984,0.11538,-0.11152,0.00993,0.19612,0.02844,-0.28917,0.02286,0.07833,0.13956,-0.11941,0.05816,0.10641,0.00645,-0.23631,-0.04812,-0.07978,0.00644,0.06737,-0.01968,0.24380,0.11086,0.18515,0.21437,0.09621,-0.09269,0.00578,-0.09031,0.00906,-0.06340,0.28307,0.15710,0.00499,0.09656,0.18571,0.02055,0.13454,-0.16997,0.09796,0.07437,0.19871,-0.00518,-0.13967
184,0,10,1,10,0,-0.00846,0.03017,0.02185,0.03942,0.05197,0.19261,0.11586,0.06851,0.01712,-0.33431,-0.12264,0.06379,0.05602,0.25401,0.01533,0.37833,-0.12562,0.11931,0.17923,-0.13694,-0.09338,0.05172,-0.06840,-0.00399,0.00998,0.05129,-0.10802,0.02310,0.01589,0.09336,0.12433,0.09894,-0.00216,0.09204,0.08190,0.17858,0.03099,-0.05626,-0.09754,-0.09889,0.03629,-0.00594,0.04671,-0.16995,0.10273,0.03404,-0.02992,0.04704,-0.07470,0.21816,-0.05781,-0.10438,0.01187,0.05206,0.01158,0.10504,0.13555,0.01888,-0.13445,0.21654,-0.05538,0.28736,-0.23618,0.16269
185,8,2,0,10,0,0.02428,-0.01361,0.09897,-0.09591,0.01091,0.00300,0.01774,0.15070,-0.07760,-0.33639,0.08975,0.11026,0.06655,-0.19947,0.00951,-0.09173,-0.24466,0.02449,0.09930,-0.08420,0.10683,0.20749,-0.07894,-0.30559,0.01383,-0.06494,-0.05520,-0.08890,-0.27233,0.05484,0.02649,-0.06187,-0.11071,0.10503,-0.12729,-0.05914,0.18202,-0.09072,-0.18701,-0.02843,-0.09391,-0.02996,-0.00230,-0.13115,-0.03672,-0.21909,-0.00898,-0.16493,0.06946,-0.04293,0.08338,0.02827,-0.08829,-0.06709,-0.09438,-0.16889,0.10985,0.08456,-0.09727,0.23911,0.17311,-0.10816,0.07597,0.12366
186,10,0,0,10,0,0.06923,-0.05569,-0.04341,0.06503,-0.13908,0.09236,0.08769,0.17246,-0.20389,-0.07742,-0.15481,0.07740,-0.00673,0.12243,0.05631,-0.19788,-0.00299,-0.06207,-0.00065,0.01430,0.16141,-0.07237,-0.04839,-0.13848,-0.17390,-0.13894,0.10315,-0.08747,-0.06042,-0.10557,-0.01701,0.26271,-0.18327,0.25122,0.00442,0.03028,0.10948,-0.00938,0.03808,0.20263,-0.01816,-0.14527,0.10178,-0.14526,0.06329,0.19127,0.02936,0.01220,0.15766,-0.09032,-0.14236,-0.09345,0.08016,0.07164,-0.35168,0.07366,-0.16023,0.11252,0.02608,0.12343,-0.11550,-0.03793,0.03073,-0.24008
187,9,1,0,10,0,0.27574,0.14859,0.13326,0.08524,-0.04732,-0.01049,0.13220,-0.18687,0.01934,0.24415,0.08330,0.07879,0.11758,-0.00813,0.03167,0.07988,-0.07098,0.18271,-0.11754,0.01557,0.14230,0.11274,0.04824,-0.10971,0.01618,-0.12162,-0.04522,-0.19065,0.22244,0.05410,-0.04329,0.05344,0.13278,0.23931,0.18915,0.03926,-0.02768,-0.09358,-0.09303,-0.09059,-0.00897,0.09895,0.05655,-0.18227,0.04717,-0.26932,0.12448,0.00080,0.08351,0.14572,-0.19490,-0.09094,-0.01034,0.20365,0.03361,0.08259,-0.04550,0.09178,0.02868,-0.11418,-0.23333,-0.19431,-0.00837,-0.03957
188,10,0,0,10,0,-0.28751,-0.10921,-0.18821,-0.12053,-0.13018,-0.02604,0.03258,-0.18560,0.07984,0.07261,-0.03746,-0.08438,0.17182,-0.08458,0.02915,-0.01452,0.16972,0.06095,0.01960,0.20284,-0.07632,-0.07001,-0.04046,-0.06005,0.00129,0.08597,0.12833,0.24085,0.11342,0.06426,-0.20104,-0.23307,-0.00805,0.19260,-0.01015,-0.02196,0.11521,0.05555,-0.06587,-0.12804,0.01179,0.19095,0.13315,0.01456,0.11571,-0.11601,-0.01491,0.04661,0.00675,-0.10430,-0.16653,0.00147,-0.02762,-0.21154,0.12902,0.15464,-0.28851,0.19557,0.03581,-0.14039,0.01949,-0.12815,0.13257,0.02431
189,2,8,0,10,0,0.13884,-0.01573,0.13833,0.02745,0.05723,0.12753,-0.24155,0.15732,0.17679,0.19566,-0.10062,0.20435,0.13695,0.07140,0.24411,-0.14300,-0.11805,0.27150,0.04497,-0.01760,-0.19460,-0.10939,0.18004,0.18941,0.02350,0.04250,0.02336,0.11848,-0.02405,-0.00986,-0.04696,-0.14132,-0.04059,-0.10860,0.04438,0.03328,-0.02494,-0.18774,0.00196,0.08514,-0.09309,0.00796,-0.15443,-0.01389,0.20229,-0.10172,0.18122,0.00840,-0.23301,0.20700,-0.03743,0.01264,0.15194,0.00108,-0.13901,0.04112,0.00752,-0.00869,-0.14627,0.01399,-0.12516,0.08609,0.12583,0.06866
190,0,10,1,10,0,0.04936,-0.21266,0.01861,0.17733,-0.12819,-0.20965,-0.25290,0.05603,-0.03629,0.14975,0.01196,0.07299,-0.11730,-0.00936,0.22606,-0.20190,0.11215,-0.05622,0.02332,0.08593,0.06061,0.18110,0.17186,0.12677,-0.10511,-0.11474,-0.02156,0.13065,-0.12100,0.00294,-0.08448,-0.08060,-0.24780,-0.33210,0.04458,-0.00841,-0.07835,0.08458,-0.12704,-0.02217,-0.06990,-0.04746,-0.02562,0.11269,0.13703,-0.01544,0.08255,0.15293,-0.00770,0.15583,0.04404,-0.08476,-0.22247,-0.16742,0.08787,-0.14004,0.13247,-0.12077,-0.08690,0.00665,0.03612,-0.13105,0.02860,-0.10783
191,7,3,0,10,0,0.08682,0.01455,-0.13714,0.05331,0.07757,0.13936,-0.12727,0.07511,-0.24946,-0.00613,-0.21361,0.04512,0.05072,0.00595,-0.04219,-0.12310,0.13518,-0.21798,-0.05923,-0.01273,-0.00710,-0.08676,0.13218,0.08235,-0.06745,-0.03514,-0.05528,0.08052,-0.32848,0.10209,-0.34597,0.00364,0.03088,-0.04736,0.09992,0.07492,0.14349,-0.02109,0.04606,-0.04306,-0.07564,0.13858,0.10351,0.06046,-0.25207,-0.22096,-0.25028,0.11812,0.10476,-0.01381,0.09914,0.16425,0.13579,-0.22066,-0.09768,-0.12378,0.02338,0.11415,-0.07750,0.00390,0.04403,-0.05248,-0.03828,-0.03786
192,10,0,0,10,0,0.13971,-0.01790,0.02141,0.11670,0.13697,-0.12252,0.14733,-0.11601,-0.12154,-0.16754,-0.00075,-0.11986,0.04355,0.14163,-0.05923,0.00520,0.01577,0.20731,0.03476,0.07825,-0.23014,0.02240,0.04921,0.00095,0.08474,0.04200,0.00270,0.25527,-0.16712,0.09946,0.05275,-0.06121,-0.15487,0.12689,0.11283,-0.09979,0.18987,-0.00845,0.28334,0.03769,0.03321,-0.01624,-0.13099,0.19640,0.08835,0.07228,-0.19744,-0.05114,0.19147,-0.18987,-0.02788,-0.05121,-0.09405,-0.03453,-0.05304,-0.37499,-0.10471,0.14203,0.10250,0.09416,0.02960,0.12392,0.00108,0.02996
193,4,6,0,10,0,-0.09977,0.05689,0.17332,-0.01231,-0.10735,-0.16109,0.06079,-0.05449,0.06198,0.00839,0.00615,0.05949,-0.18375,-0.15335,-0.17298,0.06510,0.01828,0.05468,0.05575,0.05627,-0.04417,0.09240,-0.07246,0.02359,0.17496,-0.06939,-0.05601,0.01028,0.07758,0.01621,-0.11830,-0.00402,0.03307,-0.04971,-0.28841,-0.16743,0.06845,-0.19906,-0.05035,0.04364,-0.08742,0.00555,-0.19223,-0.09374,-0.11903,0.03407,-0.09283,-0.14037,-0.07178,-0.25462,0.21067,0.10957,0.05667,0.15838,-0.33568,0.04171,0.00658,-0.11804,-0.13899,0.15236,0.29242,0.20224,-0.10771,-0.06707
194,5,5,0,10,0,-0.30258,-0.13648,-0.07826,-0.14756,-0.10963,-0.05853,-0.10564,0.00374,-0.08290,-0.10915,-0.17165,0.02011,0.10243,-0.26898,0.10487,0.01442,0.13746,0.07351,0.01047,0.06516,0.07392,-0.10476,-0.19872,0.05772,-0.11654,0.06100,-0.05579,-0.15029,-0.12396,0.15104,0.10316,-0.04842,0.04847,-0.06835,0.09703,0.24105,0.19889,-0.08591,-0.08112,0.11028,0.05094,-0.06384,-0.14995,0.01970,0.31567,-0.15089,0.02014,-0.15811,0.12394,-0.13232,0.22751,-0.10661,0.08021,-0.02738,0.02261,-0.09199,0.02398,-0.01473,0.14821,-0.00408,-0.06070,-0.18844,0.11252,0.07847
195,2,8,0,10,0,-0.01428,-0.19393,0.00878,-0.15468,-0.08479,0.07152,-0.07869,-0.05857,-0.11341,0.17613,-0.09185,0.05879,-0.11412,0.03344,-0.10862,-0.04471,0.18751,-0.05845,-0.00124,-0.09477,0.06708,-0.05016,-0.03566,-0.11105,0.06874,0.07603,0.20659,-0.01037,-0.02051,0.00745,-0.01770,0.11034,-0.03525,0.08978,-0.10479,-0.09622,-0.11761,-0.28280,0.11629,-0.08199,-0.03899,-0.12457,-0.05983,-0.05408,0.08796,0.18278,0.08355,-0.27564,0.05338,0.23637,-0.10858,-0.01548,0.18774,0.04290,-0.22895,0.08086,0.02471,0.25642,-0.32895,-0.13440,-0.10550,-0.11416,-0.10245,-0.11304
196,2,8,0,10,0,0.00212,-0.05576,-0.02215,-0.02800,0.14062,0.02395,0.19876,0.03557,-0.21465,0.03072,0.16106,0.12989,0.00538,0.04915,0.12636,-0.05418,-0.02969,0.05927,0.22973,0.09559,0.33468,-0.11362,-0.17906,0.09817,-0.15898,-0.06372,0.04153,-0.01729,0.15958,0.01171,0.09009,-0.12622,0.24086,-0.20117,0.23219,-0.02828,-0.01749,0.01868,0.08040,-0.08475,-0.07388,0.05302,0.15508,-0.17132,-0.11482,-0.08831,-0.09579,0.02163,0.06203,0.16231,0.22908,0.10054,-0.00808,-0.15475,0.21374,0.15400,0.13814,-0.04887,0.02435,-0.00321,-0.14809,0.11434,0.07286,-0.03179
197,7,3,0,10,0,0.12148,-0.23722,0.15875,-0.14316,0.02336,-0.07334,0.31004,-0.18430,-0.30150,0.00918,-0.10723,0.15928,-0.20669,0.25158,-0.07153,0.05835,0.06650,-0.00762,0.06726,0.11909,0.10160,0.07948,-0.01648,0.07143,0.06489,-0.03925,0.00551,-0.09841,-0.02842,0.00079,0.06350,-0.00467,-0.05167,-0.04977,0.06917,0.06841,-0.07510,-0.03134,0.07969,-0.22228,0.15301,-0.03840,-0.16202,-0.02970,-0.12824,0.07345,0.15372,-0.12269,-0.01434,0.05369,-0.11371,0.19703,-0.01907,-0.17132,0.10645,0.28161,0.06484,0.08071,-0.03093,-0.06505,-0.14732,0.07884,0.17525,0.00914
198,0,10,1,10,0,0.13504,-0.04342,0.24368,0.14242,0.02883,-0.10629,-0.16100,-0.07102,0.15269,0.04292,0.06784,0.02674,-0.09409,-0.40523,0.05821,-0.16169,0.06558,-0.02773,0.05048,-0.24482,-0.03606,0.15227,0.01563,0.06524,-0.04129,0.14001,0.00206,-0.03444,-0.15515,-0.01455,0.17697,-0.12730,-0.00398,-0.11071,-0.09027,0.09649,0.14936,0.12049,-0.05793,-0.01735,-0.21022,-0.10393,0.06987,-0.05021,0.06951,-0.17607,-0.11349,-0.02287,-0.02814,0.10739,-0.02606,0.02540,0.10098,-0.01237,0.01133,0.20234,0.17502,-0.29077,-0.09199,-0.10913,-0.08408,-0.01282,0.04082,0.20454
199,4,6,0,10,0,-0.18866,-0.02859,0.12291,0.03824,0.17557,0.06530,0.07735,-0.08467,0.02666,0.01188,-0.21962,0.11417,0.05513,0.15797,0.05724,-0.15058,-0.11646,0.10188,0.11898,-0.12658,-0.11835,-0.04456,0.04484,-0.30423,0.00468,-0.15813,-0.15780,-0.08830,-0.00670,-0.06293,0.13815,-0.09857,0.01846,0.23042,-0.07214,0.07314,-0.09359,-0.21385,0.07470,0.06760,-0.08186,-0.11958,0.19075,0.09689,-0.04609,-0.02850,-0.08516,0.04981,-0.00145,0.17500,-0.04252,0.08494,0.17685,0.17816,0.02390,-0.08132,-0.01614,-0.31018,0.01102,0.22181,0.06418,0.01405,0.20890,0.12581
200,0,10,1,10,0,0.15946,-0.00769,-0.00256,-0.09344,-0.00019,-0.15254,0.18362,0.00991,-0.11675,0.02598,0.14242,-0.03762,-0.04897,0.20512,0.07225,0.05620,-0.13673,0.15674,0.02870,-0.13698,-0.11279,-0.23754,0.06578,-0.03330,-0.10131,-0.01561,-0.00191,-0.27084,-0.05676,0.22952,0.08735,-0.09510,0.10757,0.07568,-0.00826,0.10419,0.07056,-0.15771,-0.10237,0.09290,0.04473,0.28611,-0.04443,0.14450,0.04834,-0.03165,-0.02876,0.08863,0.15014,0.10613,0.01068,-0.09593,-0.19972,-0.19623,0.19310,0.20556,-0.04618,-0.00795,0.01392,-0.04040,0.11192,-0.29160,-0.13918,0.08969
201,0,10,1,10,0,0.03999,-0.09703,0.02056,-0.11417,-0.05167,-0.16025,0.10808,-0.06822,0.18263,-0.13485,0.16374,0.20087,0.11603,0.18785,-0.01680,-0.19927,-0.01235,-0.02696,0.00445,-0.12738,0.05825,-0.02348,0.13412,0.01166,0.07733,-0.01291,0.00093,-0.11588,0.11364,-0.17037,0.01322,0.16453,-0.17547,-0.08829,-0.30885,0.18381,-0.13258,-0.09421,-0.24396,0.01772,0.13725,0.09547,0.15634,-0.00634,0.01016,-0.16352,-0.10930,0.04564,0.04346,-0.05534,-0.14284,0.00321,-0.08281,-0.35612,0.10787,-0.06642,0.01201,0.01703,-0.08080,0.05546,-0.13576,-0.17584,0.07898,0.08590
202,0,10,1,10,0,0.09890,0.06157,-0.01902,-0.13151,-0.10810,-0.07962,0.38138,0.09098,0.18392,-0.04698,0.04110,-0.02211,-0.17046,-0.00381,-0.11703,0.05075,0.12701,0.08120,-0.11927,0.10077,-0.08025,0.15243,-0.04933,-0.13014,-0.08605,0.08777,-0.10995,-0.02964,0.23320,-0.03280,0.01447,-0.04278,-0.09825,0.02655,-0.02145,0.17998,-0.10335,0.17183,0.00174,-0.00092,-0.12249,0.04299,-0.06170,0.04947,-0.07215,-0.11605,0.17607,-0.12730,0.06632,0.01248,-0.15846,0.02223,-0.20787,-0.09623,0.07223,0.13232,0.19408,0.24112,0.00475,0.15633,-0.11245,0.00012,-0.33357,0.09901
203,8,2,0,10,0,0.12587,-0.08013,0.29286,-0.23519,-0.23586,0.13733,0.05914,0.23505,0.07522,-0.00851,0.04668,-0.14689,0.03739,0.09613,-0.16309,0.27902,-0.00638,-0.07302,-0.02302,-0.14026,-0.07002,0.09593,-0.07243,-0.02727,0.06470,-0.06536,0.09659,0.08791,-0.03164,-0.04793,-0.08044,-0.09058,0.13015,-0.12658,0.05601,0.13221,0.20686,-0.13211,0.04797,0.20770,-0.23560,-0.00710,0.25213,-0.05545,0.15200,-0.08026,0.02050,-0.10955,0.08920,0.04493,0.03741,0.03655,0.02103,-0.08489,-0.05729,0.11637,0.02458,0.14794,0.12030,-0.22582,0.02429,-0.04897,0.10808,0.08023
204,0,10,1,10,0,-0.13797,-0.01492,-0.27479,0.05365,-0.01364,-0.08007,-0.05492,-0.05565,-0.09897,0.13050,-0.12570,0.18339,0.03707,-0.11503,-0.01026,0.01676,0.14204,-0.00799,-0.02599,0.48785,-0.01046,-0.01973,-0.12772,0.09692,0.15252,0.21925,-0.24451,0.07169,0.10454,0.10741,0.07877,0.05593,0.16232,-0.06414,0.02520,-0.03313,-0.08165,-0.02825,0.06860,-0.06327,-0.06220,-0.10015,-0.31030,0.07837,-0.07290,0.04191,-0.00384,0.03094,0.06643,0.02460,0.13964,0.11462,-0.08242,-0.10930,0.13280,0.01152,0.02771,0.08682,0.07785,0.23310,0.06571,0.04958,-0.02941,0.14825
205,2,8,0,10,0,0.17971,0.12344,-0.02910,-0.02023,0.06881,-0.10405,0.11363,0.00529,-0.07425,0.23628,-0.01675,-0.07928,0.11845,0.02403,0.15027,-0.03173,-0.29800,-0.06913,-0.16824,0.23176,0.26403,-0.15530,-0.03004,-0.10318,0.08363,0.09184,-0.08235,-0.02453,-0.10056,0.05835,-0.02164,-0.10793,0.16728,0.13572,-0.09287,0.08751,-0.22600,0.02849,0.11424,0.08778,-0.15426,0.06813,-0.09671,-0.07500,0.20479,0.00183,0.19917,-0.04068,-0.26195,0.06019,-0.16311,-0.02941,-0.06300,-0.12363,0.08502,0.04046,0.05731,0.11407,0.02329,0.24406,-0.04326,0.03540,0.11875,-0.06093
206,9,1,0,10,0,-0.05115,0.10704,0.05860,-0.18093,-0.11813,0.33270,-0.11633,-0.03874,0.02859,-0.01258,-0.13815,-0.05159,0.07870,0.04878,-0.17761,0.05013,0.32384,-0.10094,0.13535,0.10068,-0.05181,-0.22343,0.02849,0.16298,0.08776,0.01515,-0.07441,0.05204,0.07596,-0.02395,0.22539,-0.07539,0.10344,0.05777,-0.00737,0.06586,0.08454,0.22958,-0.02122,0.29008,0.06161,0.05900,-0.09447,0.00233,-0.08492,0.06989,0.04519,0.17373,-0.06938,0.09138,0.12866,-0.12204,0.01239,-0.30586,0.08953,0.14049,-0.12756,-0.00051,0.08438,-0.09770,-0.01346,-0.06480,0.02662,-0.12136
207,9,1,0,10,0,-0.12458,-0.04968,0.08462,0.10266,-0.11130,-0.03564,-0.06121,0.01967,0.14241,0.10320,0.09394,-0.11153,-0.12581,-0.02383,0.07616,0.09156,0.12119,-0.11844,0.23947,0.02401,0.12044,-0.00898,0.19657,-0.00367,-0.17059,-0.08752,0.07255,0.12731,-0.06779,0.14734,0.01574,-0.06609,-0.09053,0.36880,-0.21851,0.18590,0.01900,0.09510,-0.01978,-0.13202,0.03921,0.12578,0.02009,0.01562,-0.06095,-0.10022,-0.12756,0.19580,0.10621,0.09976,0.30743,0.11103,0.04212,-0.00505,0.06479,0.08063,0.22252,0.16425,-0.07878,0.07554,0.15164,-0.12879,-0.01622,-0.16056
208,8,2,0,10,0,0.15912,-0.00091,0.11045,-0.19465,-0.02291,-0.05603,-0.24519,-0.20522,0.07836,-0.11420,-0.03105,-0.22728,0.17361,0.17200,0.05112,0.11878,-0.27074,-0.12272,-0.09602,-0.02239,0.18116,0.09619,0.05105,-0.11295,-0.17989,-0.09227,-0.08655,-0.00586,-0.16743,-0.06474,0.03477,-0.02197,-0.18159,-0.05106,0.17219,-0.17149,0.12405,0.04988,-0.13003,-0.12286,-0.01706,-0.02895,0.19082,-0.17941,0.18600,0.24710,-0.12949,-0.00200,0.10935,0.01475,-0.04544,-0.19751,-0.13897,0.01205,-0.01486,0.02353,0.08699,-0.04638,0.00245,0.07858,-0.00198,0.04949,0.01227,-0.11816
209,0,10,1,10,0,0.14238,0.01033,-0.07819,0.04877,0.01048,0.15873,-0.04976,-0.08690,-0.14857,0.17776,-0.02171,0.01494,-0.11932,-0.24895,-0.06495,0.14062,-0.03623,0.28582,0.02375,-0.02454,-0.04812,0.02620,0.00534,0.12136,-0.02876,-0.26497,0.04805,-0.10359,0.20929,-0.12392,0.11176,-0.12172,0.01790,-0.20074,-0.10686,0.22224,-0.04341,-0.02869,0.02948,0.01605,0.11105,0.15622,0.36752,0.02274,-0.05256,0.19497,-0.01356,-0.15562,0.05863,-0.27274,0.09298,-0.01810,-0.05617,-0.00313,0.02338,-0.18267,0.03530,0.04624,0.05232,-0.15218,-0.07498,-0.00302,0.03061,-0.07916
210,5,5,0,10,0,-0.06943,0.02034,-0.02543,0.08545,-0.14879,0.19613,-0.06852,0.23536,0.00843,0.00301,0.03755,-0.01825,-0.18885,-0.09150,0.23916,-0.01220,-0.20084,0.05870,-0.15654,0.02489,0.15896,-0.34009,-0.21850,0.03118,-0.17362,0.04598,0.06843,-0.10074,0.11734,-0.08311,-0.03931,-0.02093,-0.08891,-0.07541,-0.09924,-0.16074,-0.02734,-0.18217,0.04059,0.09522,-0.12575,0.22506,0.05340,-0.00649,0.00150,-0.08318,0.13369,-0.07795,-0.25261,-0.09681,-0.14562,-0.06912,0.20473,0.04493,-0.04115,-0.10841,0.04170,0.03936,-0.14394,-0.08370,0.05272,0.20492,-0.01680,-0.08854
211,5,5,0,10,0,-0.00144,-0.01872,-0.05278,-0.05080,-0.01532,-0.06192,0.13274,-0.05277,0.20129,0.12854,-0.00632,0.05253,0.00565,-0.01284,0.07925,0.00480,0.09007,0.18694,-0.20405,-0.08105,0.17983,-0.19912,-0.07682,-0.21003,0.00974,-0.21128,-0.13972,-0.05728,0.09016,-0.05400,-0.01174,0.09355,-0.17705,0.11910,-0.02054,-0.04347,-0.08411,-0.09818,-0.02375,-0.13619,-0.03402,-0.05199,-0.13973,-0.04652,-0.06876,-0.17027,-0.12142,0.25884,-0.00119,-0.18611,-0.14190,0.05731,-0.01095,0.11325,-0.05361,-0.32758,-0.02925,-0.21516,-0.21611,-0.20075,0.15298,0.05992,0.14917,-0.11604
212,10,0,0,10,0,-0.04820,0.03204,0.10730,-0.15430,0.09198,0.07189,0.00549,-0.08414,0.02163,0.03973,0.06970,-0.04090,0.10873,0.00667,-0.12402,0.00255,-0.12380,-0.01387,0.02000,-0.00966,0.22316,-0.03457,-0.22733,-0.12430,-0.07890,-0.28059,0.36836,0.03601,0.10931,0.31801,-0.06412,0.11679,-0.12978,0.25340,-0.03445,0.04331,-0.01680,0.09723,-0.16211,-0.00767,0.08476,-0.03485,0.06768,-0.14453,-0.01685,-0.14482,0.16129,-0.09328,0.18819,0.11133,0.22630,0.16107,-0.05037,0.04543,-0.01183,0.06106,0.09895,-0.04040,-0.15417,-0.02266,-0.10318,-0.01691,0.00800,0.16637
213,1,9,0,10,0,-0.02626,0.02080,-0.08589,0.06004,0.06690,-0.11739,-0.10467,-0.07054,0.05817,-0.00175,0.06107,-0.05346,-0.20556,-0.11318,-0.12966,0.00827,-0.13597,0.04656,0.07408,0.10706,0.18406,0.06718,-0.00514,-0.07190,0.02690,0.02304,-0.03275,-0.14540,-0.01772,-0.00435,-0.12075,-0.04966,0.13318,0.29091,-0.05253,-0.03773,-0.16493,-0.09264,0.06872,-0.05056,0.09285,0.02622,0.09962,-0.01227,0.13823,0.02966,0.02397,-0.23181,-0.32602,-0.12146,-0.20148,0.16158,0.01725,-0.21652,-0.00162,0.34287,-0.20621,0.08221,0.05712,0.05577,-0.10987,-0.16591,0.13089,-0.20393
214,10,0,0,10,0,-0.15860,0.06779,0.12287,-0.11999,-0.20943,0.02588,-0.08151,0.21566,0.10069,0.14398,-0.04626,0.11105,0.01805,0.13653,0.10760,0.00289,0.09411,0.11497,-0.05776,-0.04186,0.13873,0.18006,-0.19554,0.04057,-0.30043,0.08912,-0.11535,0.02396,0.01634,-0.16398,-0.00531,-0.03697,0.03619,0.36194,-0.15946,0.03054,-0.05791,0.07806,-0.02975,-0.08232,0.16062,-0.21824,-0.03541,-0.25393,0.10834,-0.08505,0.04517,-0.04671,0.12371,-0.10385,-0.05760,-0.02072,0.11166,-0.01944,-0.14394,-0.06861,0.13183,0.13538,0.16717,-0.03127,-0.01983,0.05702,-0.12769,-0.13044
215,0,10,1,10,0,-0.07644,-0.08459,-0.19158,0.12439,-0.08497,-0.01544,0.07601,0.13266,0.06672,-0.02254,-0.10336,0.05718,-0.16377,0.00343,0.04214,-0.19118,0.10349,0.02344,0.16197,0.08030,0.14147,0.06966,-0.03858,-0.04022,-0.20113,0.10771,0.13624,0.02760,0.12229,-0.05312,-0.10200,0.29669,-0.17019,-0.10223,0.07315,-0.12779,0.11753,-0.07858,0.12302,0.17748,-0.09559,-0.06530,0.26087,0.07513,-0.10676,0.02107,0.01262,0.17542,-0.03872,-0.10238,0.02621,0.17179,0.18765,-0.00985,0.26601,-0.09907,0.07200,-0.12288,0.02913,-0.02645,0.17047,-0.23332,0.19706,0.02455
216,8,2,0,10,0,0.14403,0.14204,0.02347,-0.08846,0.14697,-0.00559,-0.20468,-0.04543,0.02715,-0.10275,-0.06777,0.12918,0.17256,-0.06762,0.13941,0.06080,0.14458,-0.01839,-0.11713,0.03215,-0.10285,-0.01868,0.14801,-0.13987,-0.18464,-0.26130,-0.10846,-0.03653,-0.11590,0.08603,0.15422,0.20081,0.13498,0.00684,-0.05703,0.26460,0.03966,-0.00756,-0.03875,0.07306,-0.01069,0.14256,-0.08634,0.09992,0.08256,-0.24949,0.29388,0.10105,-0.03915,-0.13346,-0.01289,-0.02180,0.03356,0.06277,-0.08991,-0.11283,-0.00446,0.02808,-0.03953,0.01516,0.08061,-0.18963,-0.25819,-0.21249
217,0,10,1,10,0,-0.17243,-0.25128,-0.05211,-0.06747,0.06140,-0.26586,-0.25391,0.14613,-0.21904,-0.02588,0.06983,0.00097,-0.02503,-0.03478,0.00611,-0.04105,0.14779,-0.08659,-0.09602,-0.04350,0.05341,0.01958,0.01706,-0.00652,-0.03004,0.13416,0.05852,-0.05362,-0.15084,-0.13380,0.16663,0.11041,0.14516,-0.00498,-0.01468,0.02217,0.10991,0.14219,0.22640,0.02504,-0.03438,-0.04838,0.06132,0.22630,0.12765,0.05644,0.10322,0.08647,0.07036,-0.03683,-0.17992,-0.02025,0.01983,0.09691,0.34335,-0.22409,-0.12177,-0.05303,0.05905,0.07452,0.24362,0.05645,0.14172,0.06548
218,10,0,0,10,0,-0.05911,-0.18103,0.43052,-0.05518,0.09806,0.01917,0.18927,-0.11136,-0.02266,-0.03766,0.11435,-0.03980,0.05738,-0.31264,-0.10382,0.14554,-0.10956,0.16466,0.10538,0.12157,-0.06503,-0.04899,-0.02416,0.05684,-0.13651,-0.08833,-0.05172,0.14934,-0.10111,0.03155,-0.10293,0.09195,-0.11801,0.15555,-0.11001,-0.27337,-0.01994,0.01697,-0.10368,0.05913,-0.02039,0.15684,0.13307,-0.11731,-0.00828,0.05551,0.01541,0.06085,0.12360,0.13170,-0.00673,0.10524,0.09841,-0.01547,0.11128,0.11321,0.02628,0.16611,0.05777,-0.12985,0.11220,0.05638,0.24809,0.04793
219,0,10,1,10,0,0.10993,-0.03389,-0.20533,-0.16450,-0.10593,-0.07053,0.16007,0.15348,-0.05401,0.07351,0.26372,0.11854,0.12303,-0.08379,-0.19171,0.15635,0.11811,-0.19863,-0.03436,0.16328,0.07815,-0.00165,0.09568,-0.15584,0.18812,0.14082,-0.13300,-0.02827,-0.06751,-0.14828,-0.01047,-0.08016,0.17554,-0.02114,-0.05930,0.12348,0.09060,0.02592,-0.06650,-0.12363,-0.00361,-0.02344,-0.19577,0.10061,0.06203,0.02907,0.28818,0.12227,0.02086,0.24719,-0.03349,0.11206,-0.03210,0.10242,0.10297,-0.04092,-0.18590,-0.11198,0.02769,0.13456,0.21067,-0.06326,-0.02154,-0.07182
220,9,1,0,10,0,0.11972,0.10028,-0.00866,0.17633,-0.04844,-0.10864,0.06964,0.01725,-0.10971,0.13181,0.07654,-0.01200,0.01763,-0.00436,-0.13073,0.14204,-0.11693,0.12150,0.09901,-0.06876,-0.07029,0.11733,-0.34450,0.14244,0.07340,0.19856,0.00674,0.04597,-0.02556,-0.24308,0.26902,-0.27105,-0.05493,0.08055,0.08829,-0.13386,0.05545,0.02797,0.11239,0.01748,-0.14942,-0.05658,-0.23826,-0.21019,-0.17345,0.12306,0.04574,-0.18181,-0.00205,-0.10037,0.17736,0.04734,0.08106,-0.08987,-0.01788,0.15533,-0.05141,0.16576,0.00682,0.05957,-0.03934,-0.06311,0.01457,-0.13320
221,8,2,0,10,0,-0.24353,-0.03895,0.06002,0.05595,0.12733,0.03039,0.10901,-0.05106,-0.06735,-0.13021,0.01574,0.01794,0.14418,0.15372,-0.09036,0.03790,-0.05707,-0.02169,0.07579,-0.13193,-0.03496,-0.01295,-0.22008,0.11121,0.05568,-0.24247,-0.01919,0.11511,-0.28868,-0.02951,-0.04070,-0.10849,-0.07603,-0.07918,0.00419,0.10020,0.08511,-0.03141,-0.21065,0.01547,0.01403,0.16914,0.15920,0.03552,-0.20223,-0.11761,-0.27862,-0.12619,0.19678,0.01598,0.07725,0.14280,-0.12230,0.05344,-0.31747,0.17513,-0.08446,-0.14852,-0.01536,0.05199,0.01441,-0.08663,-0.05213,0.16345
222,2,8,0,10,0,0.09690,0.06603,-0.03724,-0.00074,0.17782,-0.18375,0.02114,0.13090,0.26630,0.06160,0.06521,0.14213,-0.06444,0.19202,0.08824,0.08738,0.09260,0.02210,0.00506,-0.14328,0.01981,0.09588,-0.12318,-0.00621,0.06697,-0.34193,-0.02549,-0.02000,-0.36288,-0.03283,0.25166,-0.08741,-0.04686,0.18077,0.04267,0.11264,-0.00327,-0.10793,-0.10244,-0.19328,-0.05202,-0.07929,0.01882,0.03736,0.21833,0.03856,0.03457,0.13635,-0.01359,-0.16785,-0.08554,0.02246,0.03023,-0.04122,-0.18702,-0.00761,-0.04227,0.18774,-0.10339,-0.05337,-0.06558,0.17880,-0.02255,0.12623
223,4,6,0,10,0,-0.07656,0.27769,0.08987,0.06083,-0.22737,0.07694,-0.05789,-0.11789,0.07042,0.18234,-0.07103,-0.15681,-0.09515,0.15336,0.24667,0.06472,0.05887,0.09545,0.00433,-0.09009,-0.17248,-0.22906,0.21121,-0.03170,-0.02662,-0.16583,0.02463,0.00518,-0.10697,0.02902,-0.03899,0.05847,-0.21386,-0.12654,0.03876,-0.06082,-0.01360,-0.18266,-0.32076,0.13346,0.19849,-0.02349,0.09418,-0.05564,-0.09041,0.06856,-0.06957,0.13948,0.06986,0.23535,-0.12478,0.07274,0.01673,-0.05468,-0.05910,-0.17241,0.05419,-0.02808,0.08882,-0.01367,-0.00936,0.02590,0.16680,0.04529
224,6,4,0,10,0,-0.27178,0.00976,0.05220,0.05336,-0.00485,0.06320,0.11673,-0.12592,0.10713,0.08709,0.14560,0.03683,0.17420,0.14140,0.18201,-0.01201,0.09502,0.12335,0.06589,-0.10204,0.30690,-0.05640,0.04401,0.12236,0.10187,0.04002,-0.07584,0.02177,0.07402,-0.25066,-0.12938,0.02488,-0.21678,0.26718,0.01773,0.02600,0.03069,0.10228,-0.08979,-0.03451,0.06410,0.04181,-0.11992,-0.00890,-0.10018,-0.19150,-0.02579,-0.01556,-0.16227,0.04187,-0.09202,-0.07880,-0.04377,-0.01308,0.26136,-0.08205,0.08211,-0.19860,0.03725,0.14899,0.03443,0.21979,-0.22214,0.09017
225,9,1,0,10,0,0.02324,-0.04839,0.06240,-0.00726,-0.08139,-0.01379,0.07175,0.06296,0.10358,0.00122,0.01288,-0.10199,0.17242,-0.08270,0.07548,-0.10622,0.03476,-0.19902,-0.18801,-0.18916,-0.18859,-0.03565,-0.41096,-0.07589,0.17235,-0.12444,-0.10224,-0.01985,-0.12671,-0.06589,0.10818,0.15087,0.03449,-0.12824,0.01024,-0.03942,-0.05567,0.03317,-0.15732,0.15199,-0.05009,-0.00453,-0.11025,-0.11444,-0.20273,0.02472,-0.02459,-0.00318,0.13523,-0.20887,0.06318,0.03661,-0.19434,-0.02586,0.18537,-0.25938,0.07229,0.10253,-0.01961,0.06733,-0.03796,0.26514,0.12285,0.10863
226,5,5,0,10,0,0.00305,0.20931,0.03691,-0.26300,0.14525,-0.19527,-0.07981,-0.17276,-0.00117,0.01593,-0.21471,0.10877,0.06604,-0.02708,0.02562,-0.22222,-0.04865,-0.02925,0.01465,-0.06292,0.09670,0.20013,-0.13246,-0.22850,-0.07529,0.18071,0.09393,-0.27983,0.19355,0.00242,-0.02434,-0.03114,0.01488,0.17507,-0.11437,-0.03892,0.08692,-0.01035,-0.02192,-0.09642,0.09365,0.21990,-0.11643,-0.19945,-0.02850,0.17484,0.07069,0.05131,0.08162,0.01853,-0.04748,-0.12671,0.09921,-0.00457,0.10346,0.06922,-0.13560,-0.26091,0.13850,-0.03360,-0.01722,0.06029,-0.00909,-0.10953
227,0,10,1,10,0,0.10082,0.15217,0.00088,0.01086,0.01997,-0.04972,-0.27999,0.05447,-0.01777,0.11938,-0.09121,-0.16038,-0.10720,0.13118,-0.00045,-0.07707,-0.17003,-0.04893,-0.07566,0.05505,-0.14352,0.25121,0.24538,-0.03436,0.15575,0.09174,0.08448,-0.09496,-0.04196,-0.08961,-0.15594,0.04632,-0.09712,-0.22978,0.23534,0.05558,-0.10618,0.08280,0.02442,-0.02571,0.07151,0.14116,0.21370,-0.11480,0.08552,-0.10253,0.00390,-0.20476,-0.07283,0.11018,-0.12783,0.18951,-0.19934,0.08133,-0.14654,0.15673,0.18656,0.05806,0.16052,0.08252,-0.08473,-0.01819,-0.01653,-0.06686
228,0,10,1,10,0,0.15897,-0.00799,-0.17916,-0.00606,0.18986,-0.04131,-0.03130,-0.14052,0.00365,-0.04592,-0.02777,0.12622,0.20415,-0.12747,-0.27573,0.09572,-0.05644,0.08075,0.00227,0.16254,-0.20776,-0.12780,-0.17107,0.20853,-0.04481,0.13684,0.00828,-0.09899,0.06994,-0.00265,-0.12605,-0.05673,0.00593,-0.04573,-0.07322,0.11693,0.20376,0.26547,-0.02324,-0.10125,0.04700,0.03702,-0.21017,0.22549,0.03254,0.20862,-0.03080,0.24166,-0.00725,-0.00635,0.16025,0.12152,-0.11871,-0.00122,-0.07441,0.04519,-0.14487,0.00535,-0.05333,-0.05247,-0.08801,0.07310,-0.20085,0.10197
229,1,9,0,10,0,-0.05287,-0.31525,-0.12572,-0.15723,0.04998,-0.13264,-0.02401,0.01055,-0.00242,-0.04595,0.00299,-0.07277,0.10814,0.06739,-0.30236,0.03656,-0.09387,-0.03511,-0.05606,-0.12683,0.29367,-0.10663,0.10300,-0.01753,0.12392,0.02416,0.07314,-0.03843,0.01033,-0.10047,0.11096,0.01374,0.16418,-0.08767,-0.04717,0.15803,-0.07041,0.19886,0.15893,-0.12158,-0.11011,0.14126,-0.16629,0.13586,0.03579,0.04976,-0.11912,-0.00611,-0.01813,-0.00654,0.19383,0.16039,0.11402,-0.06173,-0.00159,-0.13566,0.06947,0.05543,0.21347,-0.27053,-0.15099,0.09937,-0.08331,0.17065
230,0,10,1,10,0,0.03397,0.03442,-0.10870,0.00900,0.05447,-0.19812,-0.02438,0.12777,0.08683,0.04333,0.00199,-0.09801,0.21079,-0.11887,-0.26908,0.09573,0.06524,0.16086,-0.12633,-0.23729,0.30694,-0.06294,-0.06353,-0.25628,-0.15840,0.03821,-0.07318,-0.00273,-0.08962,0.04397,-0.13548,-0.10300,-0.00295,-0.14701,-0.15809,0.23522,-0.17279,-0.12869,0.14061,0.13684,0.00305,0.00267,0.17982,0.16674,0.14416,-0.13639,-0.00840,-0.10994,-0.00333,-0.17128,0.16209,0.01104,0.03863,0.03921,-0.00727,-0.14944,0.01291,0.04084,-0.05461,-0.01457,0.07059,0.04274,-0.05641,0.17780
231,0,10,1,10,0,0.03157,-0.19314,-0.02101,-0.01822,0.11100,0.24160,0.02360,-0.11563,-0.11625,-0.01989,-0.15460,0.17888,-0.17973,-0.05016,0.20092,0.04768,-0.09100,0.11904,0.13385,0.04165,-0.00933,0.11282,0.22737,0.11023,-0.02750,-0.10531,0.25202,0.02346,0.01392,0.03525,-0.31320,0.08909,0.08528,0.08293,-0.10716,0.02378,-0.10202,0.02302,0.08671,0.02608,-0.05076,-0.09619,0.12769,-0.00457,0.01119,0.11078,-0.03089,0.17794,0.12423,0.03859,0.13384,0.30892,0.01284,-0.13476,0.13199,-0.18031,-0.04414,0.06212,-0.10740,0.01307,0.26749,-0.06948,-0.12507,-0.01840
232,0,10,1,10,0,-0.10808,-0.14052,0.06234,-0.04511,0.12454,0.03920,0.02670,-0.02623,0.17154,0.15163,0.00268,0.01299,-0.10106,-0.01644,0.07337,0.03340,-0.11532,0.09542,0.09587,0.07502,0.12594,0.38728,-0.06270,-0.02669,-0.15671,0.22007,-0.06667,-0.12984,0.00478,-0.02426,-0.19203,-0.01897,-0.14130,-0.01806,0.06439,0.17920,-0.10621,-0.02204,-0.07044,0.07252,0.08477,0.21698,0.06001,-0.06139,0.05892,-0.05011,-0.12576,-0.08532,0.06200,-0.04656,0.11625,-0.12115,-0.37535,0.00239,0.04967,-0.14044,0.02478,0.28080,-0.09814,0.03637,-0.10857,0.24598,0.06980,0.02567
233,8,2,0,10,0,-0.19397,-0.07884,-0.23474,0.11215,-0.08462,-0.01496,0.17396,0.23953,0.19028,-0.14411,-0.08633,-0.06333,0.09233,-0.01002,-0.07242,0.11412,-0.02396,0.19363,-0.17351,0.24264,-0.08200,0.22427,0.10130,-0.08803,0.00301,-0.28274,-0.01686,-0.07039,-0.11221,-0.06564,-0.11530,-0.04290,-0.09801,0.19455,0.06004,-0.15235,-0.01107,0.04152,0.14773,-0.11148,0.10298,-0.15747,0.13798,0.06792,-0.05299,-0.16202,-0.01853,0.03286,-0.02015,-0.05186,0.03924,-0.05410,-0.10891,0.02751,0.10435,0.10533,-0.06057,-0.01665,-0.14008,0.05493,0.17264,-0.26645,0.08478,0.04680
234,10,0,0,10,0,0.02493,0.05004,0.22635,0.03251,0.07374,0.10734,-0.34806,0.23694,-0.05360,0.08894,0.11493,-0.13326,0.17719,-0.04275,-0.09169,-0.00128,-0.13032,0.01093,0.02612,0.03195,-0.10903,0.00312,-0.07642,0.09449,-0.10864,0.00333,0.28014,0.08522,-0.02163,0.19960,0.22508,0.02195,0.06409,-0.17738,0.09837,0.12624,-0.15075,-0.18757,0.09358,0.27110,-0.17389,0.06383,-0.05087,-0.01802,0.13263,-0.03036,-0.05993,-0.06955,-0.11383,0.08283,0.14906,-0.06532,0.00806,0.25919,0.05420,0.00739,0.02578,0.05392,-0.03039,0.03114,0.10738,0.15531,-0.08709,0.04153
235,5,5,0,10,0,0.16121,-0.06173,0.00367,0.11457,0.24213,0.03459,-0.06652,0.22071,-0.15710,-0.11018,0.15926,-0.01340,0.23246,-0.07858,0.02013,0.03234,0.02120,0.04948,0.03852,0.15155,0.11008,-0.04742,-0.02388,0.11335,-0.00090,-0.17700,0.27698,-0.14156,-0.16743,-0.16599,0.11102,0.13087,-0.03710,0.09877,-0.00284,-0.01530,-0.11900,0.16079,-0.11978,-0.24540,0.07004,0.10603,0.02863,-0.15934,-0.05195,-0.13112,-0.08995,0.06016,0.22809,-0.02920,0.04053,-0.05769,-0.18203,0.16339,-0.01615,0.06384,-0.07127,-0.14700,-0.07720,0.17828,0.05007,-0.22237,-0.10959,0.03843
236,1,9,0,10,0,-0.20025,0.00479,-0.20120,0.13237,0.07765,0.12398,0.06309,-0.07263,-0.02911,0.06705,0.22985,0.04056,-0.03201,-0.21385,-0.11804,0.06507,0.09679,0.06629,-0.01222,-0.15161,-0.02694,-0.11799,-0.04960,-0.15119,-0.23873,-0.08963,0.04381,0.15091,-0.11894,-0.24992,-0.14804,0.06404,0.09870,-0.17784,0.18504,-0.02984,-0.02155,-0.05120,0.10342,0.03758,-0.07456,0.06861,0.17866,-0.06786,0.08344,-0.31500,-0.20247,0.01537,-0.26668,-0.12610,0.04365,0.14168,-0.14143,0.06447,-0.08244,-0.09032,-0.12386,-0.10463,0.02306,-0.07152,-0.07500,0.05044,0.03380,0.04483
237,9,1,0,10,0,-0.17849,-0.13018,0.01037,-0.17819,-0.02194,-0.24865,0.22189,0.14179,-0.13933,-0.07216,-0.18535,-0.07450,0.34409,-0.13982,-0.03274,0.09607,0.05949,0.02539,-0.08870,0.25693,-0.15667,0.12124,0.05709,-0.19436,0.06006,-0.02363,-0.06359,0.05842,-0.01951,0.03062,0.01979,0.07692,0.21023,-0.03991,-0.05484,0.01388,0.04836,0.12276,0.10346,0.10602,0.07570,-0.14206,0.09357,0.16816,0.19702,-0.09854,-0.07403,0.10185,0.18589,0.05606,0.20113,-0.09441,-0.01093,-0.00665,-0.17946,0.05504,0.06428,0.06230,0.04891,-0.06076,0.07889,-0.01919,0.04092,-0.19190
238,5,5,0,10,0,0.23025,-0.04287,0.00644,0.21952,-0.04387,-0.02293,-0.13325,-0.17850,-0.09083,0.08035,-0.18041,-0.00965,0.06326,-0.04087,-0.05571,-0.18539,-0.08318,0.05086,-0.14797,0.08073,-0.04672,-0.10364,-0.11999,0.12806,-0.02684,-0.14651,0.21589,0.09449,0.02573,0.06815,0.08175,-0.05453,-0.02332,-0.09216,-0.02817,0.06200,-0.07506,-0.19874,-0.05366,0.01691,-0.11861,-0.06324,-0.00519,-0.25737,0.15188,0.14656,-0.27970,0.05213,0.16196,0.24462,0.03696,-0.09162,0.09009,0.02204,-0.12638,-0.08033,-0.24258,-0.03262,0.05938,-0.04616,-0.08455,0.24137,0.22131,-0.03759
239,1,9,0,10,0,0.04648,-0.09745,-0.23402,0.05289,-0.08242,-0.17593,0.00870,-0.19876,0.05900,-0.07909,0.20103,-0.08390,0.01103,0.04699,-0.13995,-0.21388,-0.29267,-0.14695,-0.02402,0.17669,-0.21222,-0.11965,0.03998,-0.04799,0.13527,-0.05803,0.02739,-0.15583,0.01153,-0.04048,-0.18759,-0.16593,-0.07232,0.08718,-0.02676,-0.13256,-0.12828,-0.04252,-0.00176,0.33312,-0.23672,0.06034,-0.05485,0.01335,0.05396,0.09039,-0.03373,0.16900,0.02208,-0.16045,0.18061,0.08624,0.06471,-0.13023,-0.02560,0.07421,0.14406,-0.04103,-0.04998,0.12825,-0.04232,0.10346,0.05640,-0.02135
240,0,10,1,10,0,-0.01086,0.00782,0.11166,-0.03210,0.06265,0.29958,-0.02122,0.24433,0.05188,0.16926,-0.00539,0.06317,0.04401,0.08539,0.23820,0.03748,0.18491,0.00467,0.03202,0.23657,0.00767,0.03245,0.09115,0.10056,0.14436,0.26353,-0.04622,-0.06655,0.05600,0.08001,0.00216,0.06331,-0.22506,-0.10097,-0.09131,-0.05496,0.13475,0.12822,-0.02460,0.05546,0.02943,0.12659,-0.09627,0.04457,0.17893,-0.12376,-0.18020,0.01988,0.14612,0.01168,0.08180,0.14785,-0.21929,0.12550,-0.12298,0.19739,-0.05691,0.18528,-0.03418,-0.23449,0.07089,-0.08472,-0.12477,0.01834
241,1,9,0,10,0,0.07916,0.13109,-0.07122,0.14641,0.19764,-0.14892,-0.20725,0.02647,-0.03001,0.08054,0.07857,-0.13816,-0.11795,-0.03282,-0.07676,-0.12303,-0.10634,0.07015,0.09974,-0.05904,0.11316,-0.01403,0.00537,0.14888,-0.11275,0.14120,-0.21034,-0.26507,-0.01834,0.19265,-0.05879,0.05125,-0.17774,0.22070,-0.21371,-0.04150,0.04182,-0.05103,0.05636,-0.01284,0.00920,0.03253,0.10294,-0.12714,-0.14365,0.08148,0.10186,0.06677,0.13268,-0.03487,-0.03238,-0.02166,0.11786,0.16607,-0.03311,0.08855,-0.10303,0.00729,-0.05408,-0.28398,0.08309,0.04554,-0.37538,0.02582
242,6,4,0,10,0,0.12164,-0.02549,0.12419,0.00155,-0.10447,0.01753,0.04661,0.14954,-0.18267,0.02405,0.12937,0.04030,-0.03877,-0.16755,-0.07289,0.11501,-0.05979,-0.16128,0.03786,-0.01128,-0.04959,-0.07925,-0.22851,-0.17227,0.22291,-0.20421,-0.12726,-0.03672,0.14347,-0.02152,-0.02800,-0.05748,-0.08301,0.10146,0.11366,0.05971,-0.16881,-0.05102,0.09398,-0.20669,-0.16576,-0.03079,-0.21221,0.20386,-0.06581,0.12373,-0.13341,0.03610,0.09589,-0.06483,0.17530,0.05130,-0.16535,-0.06339,0.24638,0.18453,-0.07899,0.24212,0.01673,0.10737,0.11303,-0.12325,0.02347,0.17017
243,4,6,0,10,0,0.20342,-0.08663,0.25721,-0.05773,-0.02322,-0.04524,-0.13642,-0.00558,-0.04291,0.04437,-0.05871,0.17775,-0.07936,-0.07446,0.09199,-0.10736,0.09508,-0.08156,0.10129,-0.17067,0.09313,-0.04847,-0.03991,0.02065,-0.03234,0.06036,0.00092,-0.04191,0.04266,0.04864,0.10413,0.02133,0.06999,-0.05416,-0.01964,-0.08168,0.19463,-0.12387,-0.35013,-0.03457,-0.05911,-0.04605,0.08007,-0.26523,0.05912,-0.25234,0.27935,-0.03515,-0.06314,0.21375,-0.07332,-0.12448,0.03620,0.13093,-0.05488,-0.09648,0.23999,-0.11563,-0.11136,0.18131,0.11003,0.06359,0.05828,0.20456
244,9,1,0,10,0,0.02643,0.15817,-0.05718,0.16262,-0.15361,0.18301,0.03528,-0.20164,0.19638,0.02394,0.07095,-0.16726,0.06563,-0.08380,0.01763,0.22479,-0.21577,0.04256,0.11660,0.11804,-0.16638,-0.00522,0.07590,0.11131,-0.08519,0.03036,-0.02297,-0.03431,0.00105,0.17941,0.22764,0.01940,-0.01076,-0.03052,-0.13077,0.01022,-0.15939,-0.27294,-0.08777,-0.10087,0.14015,0.05268,0.00055,-0.23863,-0.19933,-0.17707,-0.17136,0.19369,-0.18844,-0.12750,-0.06231,-0.09256,-0.04894,0.10894,-0.04335,-0.00838,-0.03950,0.05183,0.02760,0.12831,0.00956,-0.01641,-0.19867,0.01153
245,0,10,1,10,0,0.02401,-0.06689,-0.16088,0.23287,-0.08497,-0.09301,-0.01190,0.03016,0.06178,0.16082,0.10429,-0.09476,-0.17341,0.10734,0.06382,0.22134,0.20226,-0.19146,-0.03440,0.06006,-0.05000,-0.01528,0.02685,-0.10722,-0.04124,-0.01831,-0.21299,0.08117,0.05911,0.00489,0.34153,0.09936,-0.15755,0.19715,-0.03069,-0.08268,0.00887,-0.05424,0.09207,-0.06285,-0.02854,0.01957,0.12145,0.01996,-0.39173,-0.02808,0.03409,-0.06773,-0.06568,0.16719,0.03484,0.07561,0.03037,0.03786,0.07354,-0.07602,-0.13839,-0.03651,-0.02453,-0.26176,0.00959,0.09931,-0.20469,0.12222
246,0,10,1,10,0,0.04523,0.04411,0.02604,-0.11947,0.02766,-0.05816,0.03333,0.02422,-0.06427,0.21924,-0.11914,-0.14542,0.04906,0.00129,-0.10673,0.03193,0.14473,0.25362,-0.01512,-0.20193,-0.10316,-0.12323,-0.05816,-0.12535,-0.08713,0.06284,0.05681,-0.25063,0.09094,0.03184,-0.02971,-0.08725,-0.07657,-0.13208,0.00611,0.05524,0.24850,-0.19983,-0.19145,0.03219,0.16095,-0.33315,-0.11252,0.08150,0.07860,0.06760,-0.07845,-0.09904,0.14645,-0.07942,-0.00469,0.02284,0.07119,-0.07524,-0.12754,-0.07903,-0.01299,0.01115,-0.32573,0.26247,0.05671,-0.00743,-0.12940,0.02787
247,0,10,1,10,0,0.15797,-0.03062,-0.12857,0.32888,0.13910,-0.08259,0.04041,-0.24087,-0.10009,-0.07649,-0.20631,-0.01257,-0.09557,-0.19741,-0.01463,0.06484,0.10398,-0.00404,0.18635,-0.07261,0.13892,-0.01353,0.08351,-0.06604,-0.14638,-0.04497,0.03050,-0.14563,-0.17014,0.13337,0.11743,-0.04427,0.04221,-0.04449,0.24247,-0.09566,0.01102,0.33399,0.03876,0.00846,0.15428,-0.20486,0.21040,-0.03955,-0.10109,-0.06695,-0.08865,0.04095,0.08454,-0.00285,0.02009,-0.03891,-0.04852,0.12460,0.10364,0.09111,0.21831,-0.06494,0.09289,-0.00639,0.00477,-0.02938,0.12062,-0.14140
248,2,8,0,10,0,-0.01898,0.12717,0.12126,0.12730,-0.06918,-0.04386,0.29654,0.01349,0.01833,0.22585,-0.13124,0.01170,-0.10975,-0.20074,-0.06467,0.02022,0.09770,0.03779,-0.09127,-0.03734,-0.23730,-0.06684,-0.12287,0.13191,0.07992,0.05892,0.08933,0.00211,0.04399,0.04155,0.18199,-0.25505,0.05833,-0.11549,0.07524,0.03068,-0.07584,-0.25824,-0.07629,0.12497,-0.04729,0.16929,-0.09280,0.24876,0.18231,-0.07117,0.07481,0.13207,0.13233,0.05598,0.17172,0.06835,-0.09454,0.15645,0.16959,0.07181,-0.12468,0.11088,-0.06223,-0.11997,0.14195,-0.12149,0.11151,0.05393
249,6,4,0,10,0,-0.03211,0.07761,-0.13109,0.09756,0.03456,-0.08074,0.08394,-0.14668,-0.02543,0.05063,0.22106,0.18025,0.16580,-0.06350,0.09191,-0.01732,0.13038,-0.04143,0.04523,-0.11975,0.11802,0.14014,-0.13862,-0.21611,0.05394,0.23013,0.12226,0.25852,-0.08877,0.01155,0.08660,0.02341,-0.17643,0.08084,-0.16419,-0.15931,-0.07870,0.03546,-0.03217,-0.17188,-0.29250,0.04027,0.08559,0.00498,-0.11126,-0.19639,0.11483,-0.05691,0.13798,0.07855,-0.16389,0.01977,-0.01687,-0.16996,-0.05553,0.03800,-0.11481,0.19594,0.02176,0.20172,0.06526,0.05774,0.07222,0.18760
250,4,6,0,10,0,-0.07826,-0.10911,-0.20507,-0.06690,0.23294,-0.05408,0.03040,0.05511,-0.29582,0.21047,-0.03222,0.01232,0.10857,0.11618,-0.13743,0.15746,0.06624,-0.07761,0.07930,-0.08237,-0.27986,0.02292,-0.07494,0.00687,0.05988,0.11918,0.12377,0.13427,-0.08463,-0.01959,0.13040,-0.05372,-0.09784,-0.01402,0.10162,-0.09041,-0.18830,0.05479,0.13111,-0.01271,-0.11258,0.08385,-0.10393,-0.04351,-0.11962,-0.06489,0.12714,0.10454,-0.00756,-0.13441,-0.11268,0.39686,0.21000,0.01099,-0.17180,-0.10438,-0.01128,0.06853,-0.08129,-0.01116,-0.06759,0.05893,-0.14429,0.10152
251,8,2,0,10,0,0.02609,-0.06664,-0.08576,-0.21356,-0.24530,-0.22706,-0.00393,-0.14903,0.13869,0.08565,0.07138,-0.08990,-0.08732,0.00990,0.22093,-0.16000,0.07515,0.13205,0.01178,0.01417,-0.02424,0.13440,-0.02047,0.12905,-0.15307,-0.07278,0.24558,-0.00911,0.15012,0.02979,0.10580,-0.16610,0.01624,0.07062,0.21824,0.06537,-0.24839,0.03432,-0.20154,-0.07791,0.12124,0.05597,-0.18380,-0.13352,-0.00014,-0.22087,-0.04803,0.02387,0.05448,0.09701,-0.11796,0.24600,-0.00164,0.04962,-0.04922,0.04949,-0.09941,-0.01875,-0.00432,-0.05565,-0.13630,0.18805,0.00937,-0.16204
252,9,1,0,10,0,-0.00582,-0.26484,0.16481,0.13298,-0.09466,-0.24362,0.06622,-0.00202,-0.05951,0.11270,0.02651,-0.14970,-0.04229,0.07153,0.02428,-0.09670,-0.12415,-0.05597,-0.05171,0.00496,-0.23087,0.27854,-0.09701,-0.23966,-0.32453,-0.07113,0.08044,0.03863,-0.11961,0.03955,0.00368,-0.17678,0.06249,0.03238,-0.19537,-0.11800,0.05721,-0.01257,-0.02689,-0.00338,-0.09794,-0.15937,0.02829,0.08980,0.07566,-0.26140,-0.13066,0.00378,-0.06547,-0.05156,-0.27593,0.00541,0.04831,0.14306,-0.18537,0.04008,-0.01745,-0.00344,0.10003,-0.07500,0.07404,0.10905,-0.00430,0.01387
253,4,6,0,10,0,-0.16419,0.19160,0.12723,-0.07286,-0.12661,-0.05928,0.06403,0.02122,0.13360,0.05927,-0.02919,0.22471,-0.09751,0.07799,0.03400,-0.13434,-0.27722,0.11766,0.04570,0.06890,-0.04890,-0.01023,0.17603,-0.02433,-0.04015,-0.01550,-0.10753,0.00450,0.07647,0.08444,-0.11873,-0.17934,0.12941,-0.03739,0.02764,-0.12185,-0.16336,-0.09170,0.05462,-0.28808,-0.22194,-0.05932,-0.08244,-0.07295,0.26455,0.19046,-0.11176,-0.10504,0.02078,-0.05940,-0.24081,-0.03388,-0.08689,-0.10582,0.09525,0.07175,0.04172,0.10500,0.05727,-0.00358,-0.06889,0.25623,0.13184,-0.17187
254,0,10,1,10,0,0.09785,-0.01995,-0.17663,0.04509,0.15856,-0.10537,-0.05274,0.06554,0.05318,-0.01907,0.13489,0.01602,-0.23052,-0.07637,-0.11502,-0.19514,-0.16277,0.03055,0.01255,-0.06595,0.06491,0.03143,-0.07289,-0.00623,-0.00776,-0.04988,0.12177,0.00889,-0.16545,-0.16465,0.11044,-0.17096,-0.08328,-0.16156,0.02746,-0.07886,-0.05464,-0.17219,-0.06910,-0.02499,0.06303,-0.24800,0.04576,-0.06951,0.16334,-0.10768,-0.00720,0.22613,-0.06664,0.06980,-0.19122,-0.00073,0.33439,0.25753,-0.25240,-0.14274,-0.06295,-0.08037,0.12699,-0.09887,0.04230,0.02672,0.05368,-0.18969
255,1,9,0,10,0,-0.22010,0.01644,-0.08523,-0.09908,-0.02552,0.09964,-0.09654,-0.25167,0.06143,0.07784,-0.11494,0.04787,-0.08549,-0.00507,-0.01780,-0.02986,0.01979,0.09008,0.00010,0.06185,-0.21352,-0.06964,-0.17484,0.22315,0.10043,-0.13799,-0.07809,-0.13329,-0.03528,-0.08373,-0.09779,-0.27694,0.13033,0.09583,0.10380,0.07379,-0.30279,0.14728,-0.09853,0.11965,0.02127,0.05922,0.02745,0.15109,-0.04667,-0.07500,-0.08981,-0.03527,0.02341,-0.12442,0.01052,-0.15418,0.10998,0.00731,0.18646,-0.17085,0.12153,-0.18235,-0.05507,0.00463,-0.27805,-0.02074,-0.06818,-0.22919
256,1,9,0,10,0,0.02653,0.08973,-0.03829,-0.11876,0.08460,0.06859,-0.05150,-0.16812,0.00312,-0.08093,-0.31053,0.12572,0.02577,-0.17827,0.04859,-0.03731,0.10059,0.04301,0.06173,-0.00903,-0.09283,-0.13553,0.04675,-0.01832,-0.00221,-0.08592,0.23706,0.11236,0.06554,-0.08002,0.11011,-0.04131,-0.14896,-0.01149,-0.01617,-0.18378,0.17940,0.02575,-0.19645,-0.06620,0.13399,0.01969,0.05104,0.12971,0.34840,-0.06481,0.06728,-0.02341,0.13496,-0.08749,-0.06552,0.01273,-0.19588,-0.01373,0.06291,0.09147,0.14303,0.14646,0.03322,0.00214,-0.06989,0.43005,-0.07086,-0.11008
257,3,7,0,10,0,0.00463,0.00177,0.03624,0.00149,0.07665,0.04156,0.19993,-0.16140,-0.05079,-0.37730,-0.03861,-0.00465,-0.23508,-0.21397,-0.13531,0.05944,0.05791,0.08167,0.13241,0.03880,0.11863,0.14969,-0.20401,-0.00341,-0.01114,-0.37016,0.11423,-0.04965,-0.06576,0.04059,0.05911,0.16211,0.00255,-0.01415,0.01374,0.10237,-0.11276,-0.18843,-0.20680,-0.03946,0.05495,-0.05565,0.05057,-0.12882,0.18300,0.07283,0.17124,0.08830,-0.03164,0.04383,0.07994,0.01879,-0.06933,-0.03976,0.20867,-0.05272,-0.04240,-0.27546,-0.04568,0.00897,0.04444,0.05244,-0.08440,-0.03828
258,7,3,0,10,0,0.06801,0.08884,-0.09591,-0.19137,0.11458,0.18565,-0.06699,-0.15135,-0.01393,0.18308,0.19506,0.17316,0.14307,0.09690,0.03146,-0.00443,0.16317,-0.14228,0.21057,0.01914,-0.01966,0.12546,-0.00264,0.12006,0.05975,0.14629,-0.09099,-0.00214,-0.10036,-0.06437,0.17347,-0.10105,0.05111,0.02596,-0.04346,0.20886,0.06269,-0.15592,-0.03301,0.20961,0.17095,0.03461,-0.04639,-0.14406,-0.06361,0.09335,0.12533,0.13565,-0.07931,-0.11572,-0.19415,0.27327,0.03854,0.06461,-0.15032,-0.21108,0.15502,0.11553,0.06257,0.09126,-0.15040,0.03993,0.10245,0.11271
259,1,9,0,10,0,0.19151,0.12953,0.06671,-0.14893,-0.14152,0.13011,0.02586,-0.11035,-0.00621,0.12870,-0.06771,0.16891,-0.06989,0.19407,0.07670,-0.05095,-0.06105,-0.01253,-0.01295,0.15741,-0.03713,-0.04185,-0.11789,-0.06448,-0.01155,0.09033,-0.17571,0.04906,-0.01330,-0.04094,0.08782,-0.20261,0.15377,0.07317,-0.00380,0.03748,-0.31412,-0.00211,0.03067,0.12784,-0.17575,-0.11151,-0.03422,-0.02342,0.01937,0.26063,0.00391,0.20346,0.06222,-0.02913,-0.14735,0.15669,-0.01008,-0.24464,-0.21527,-0.11088,-0.20014,-0.04905,-0.23929,0.21154,-0.00615,-0.01904,-0.05659,-0.09154
260,2,8,0,10,0,0.24580,0.28735,-0.08193,0.00729,-0.03959,0.04477,-0.01113,-0.09940,-0.21088,-0.17977,-0.04321,0.06116,0.13027,-0.04884,-0.14310,0.14664,-0.09419,0.00481,0.22835,0.25452,-0.12283,0.06143,0.18355,0.13847,-0.08190,0.10775,-0.19884,0.02786,0.10196,0.10785,-0.11397,-0.04217,0.11610,-0.07406,-0.02977,0.05251,-0.07414,0.10262,-0.12247,-0.08620,-0.05585,-0.00456,-0.02702,0.03105,0.00963,0.08804,-0.05049,-0.16384,0.05631,-0.19478,0.02709,-0.15900,0.03132,0.04481,0.13700,-0.01963,0.11249,-0.08224,-0.27639,-0.08440,0.12141,-0.17515,0.23973,0.04170
261,10,0,0,10,0,0.21364,-0.01693,0.16915,-0.08360,-0.10312,-0.11081,-0.03109,0.08996,-0.18135,0.02804,0.01863,0.08563,-0.05235,0.12117,0.20374,0.06700,0.16166,-0.29323,-0.14229,0.11129,0.02664,0.06302,-0.08344,-0.11214,-0.08339,0.05366,0.08558,-0.00883,-0.10776,0.08228,0.03317,0.05372,-0.07207,-0.11941,-0.11876,0.01406,0.08462,-0.21705,-0.09717,-0.03130,0.10597,0.06520,-0.01530,-0.21283,0.11929,-0.07457,-0.02573,-0.10964,-0.13841,-0.27736,-0.04458,0.33140,0.07832,0.13182,0.07933,0.06479,0.14111,-0.16773,-0.04913,-0.23268,0.10577,0.10636,0.03619,0.10445
262,4,6,0,10,0,0.14159,0.04532,0.02200,0.22057,0.00693,0.09664,-0.09676,0.10762,-0.05337,0.04909,0.18643,-0.08221,0.10115,-0.03279,-0.23819,-0.13910,-0.06415,0.23675,0.39186,-0.11776,0.03190,-0.00623,-0.00409,-0.11255,0.11703,0.03831,0.04623,-0.05319,-0.08241,-0.00319,-0.09705,0.14291,0.05200,-0.07242,0.12528,0.05382,-0.12181,-0.19007,0.01034,0.18378,0.12384,-0.08005,-0.20070,0.14994,0.05128,-0.18537,-0.16125,-0.00371,-0.00045,-0.00198,0.08372,-0.13367,0.15020,0.01574,-0.04137,0.07721,0.21550,-0.12205,0.24103,0.06138,0.11895,-0.05188,-0.03501,-0.10315
263,0,10,1,10,0,0.25863,-0.07138,0.05882,0.01208,-0.02046,-0.13344,0.15268,-0.04742,-0.18582,-0.04845,-0.01884,0.09015,-0.11937,-0.06960,0.20264,-0.23900,-0.14802,0.08071,0.10820,0.03958,-0.08483,-0.04443,-0.20743,-0.05128,0.11254,0.14470,0.00630,-0.12174,0.13223,-0.11972,-0.11192,0.03815,-0.04659,0.07622,-0.01770,0.18782,0.11849,-0.20214,-0.17024,0.14891,0.21499,0.30692,0.04407,0.01851,0.12277,0.03612,-0.10635,0.15165,0.12730,-0.05299,0.11004,-0.00480,0.10817,0.06103,0.10017,-0.10058,-0.06095,0.26755,-0.12139,0.06514,0.14704,-0.00431,0.02373,0.03147
264,9,1,0,10,0,-0.12950,0.01201,0.11272,0.06215,-0.21197,0.01594,0.05530,0.08847,0.25030,-0.08213,-0.08048,-0.13302,0.20472,-0.01424,0.19518,-0.03280,-0.15973,-0.02905,0.18712,-0.05893,0.10191,0.14325,0.10492,0.16262,0.01143,-0.03479,-0.07730,0.05883,-0.10740,-0.15233,0.11662,0.25290,0.05703,0.12563,-0.03986,0.04385,-0.24558,0.09399,0.07324,-0.10320,0.03408,0.03844,-0.03996,-0.22832,0.04703,-0.12408,0.03174,0.09471,0.11241,-0.14640,-0.24664,-0.04300,-0.02600,-0.19729,-0.07103,-0.14763,0.11491,-0.03237,0.06366,0.06489,-0.01772,-0.31151,-0.06771,0.00331
265,2,8,0,10,0,-0.08461,0.02226,-0.03860,-0.03453,0.00074,-0.12279,-0.04941,0.11618,-0.03080,-0.12744,-0.00802,-0.22385,0.13587,0.00116,-0.08634,0.00071,0.08369,0.20599,-0.15017,-0.13338,0.10695,0.27666,0.09104,0.02510,-0.03117,0.00283,0.04149,0.05375,0.09244,-0.12085,0.05731,-0.04464,0.13489,-0.18543,0.30410,-0.23094,0.05510,0.22260,-0.05009,0.15470,0.10387,0.05898,-0.01374,0.15170,-0.17146,0.19971,0.06433,0.01360,0.07566,0.02375,0.06984,0.06701,0.16225,0.15474,0.32340,0.10120,-0.12402,-0.07711,-0.01494,-0.16072,0.11273,0.04378,0.09640,-0.06422
266,2,8,0,10,0,0.06552,0.06916,-0.30011,0.14626,0.00873,0.03947,0.07070,-0.07154,0.08117,-0.06317,-0.13007,0.10393,-0.01834,-0.17205,0.07898,0.14115,0.28374,-0.04314,0.01219,-0.25444,0.04020,-0.11167,-0.03755,0.03135,0.07404,-0.00092,-0.27599,-0.03150,0.00846,0.20655,-0.11034,-0.05352,-0.01996,0.07974,0.13997,-0.10995,0.22965,0.14681,-0.08026,-0.05695,0.10419,-0.02547,-0.00570,-0.14987,-0.04772,-0.08606,-0.16837,-0.02506,0.04615,0.01803,0.18882,-0.06903,0.07289,0.03747,0.18038,0.04690,-0.11658,-0.29783,0.06203,0.21302,0.07633,0.02090,-0.02274,0.17737
267,9,1,0,10,0,0.11865,0.07192,-0.04066,-0.02288,0.06273,-0.03828,-0.16192,0.02258,0.15343,0.09307,0.13715,-0.02952,-0.12222,-0.01415,-0.06194,0.22027,0.00075,-0.06763,-0.14730,-0.18890,-0.15523,-0.06888,-0.25620,-0.00461,0.17172,-0.26997,-0.18932,0.10075,-0.06407,0.04133,0.00336,0.19960,-0.04498,0.00950,-0.08899,-0.03079,-0.04763,-0.05659,0.05805,0.02492,0.10586,-0.10855,0.04527,0.07545,0.02418,-0.24112,0.08354,-0.24705,-0.18416,0.18775,0.07954,0.13684,0.18338,-0.00684,-0.16681,0.27645,-0.01271,-0.02635,0.09697,0.18349,0.00430,0.08805,-0.01704,-0.12061
268,0,10,1,10,0,0.25215,-0.08756,-0.05725,-0.09229,0.12004,0.15964,-0.07465,-0.05396,0.07066,0.06450,0.02390,-0.08248,0.09416,-0.02169,0.10953,-0.18230,0.11391,-0.19231,-0.02134,-0.25949,0.14963,0.09210,0.02140,-0.04132,0.19060,-0.02059,0.10028,-0.05019,-0.15063,0.04330,-0.27109,-0.15090,0.05988,-0.11111,-0.09585,0.21202,-0.15091,0.21246,0.03150,-0.20379,-0.02161,0.14531,0.00825,0.13458,-0.00260,0.02198,-0.05531,0.10270,0.00907,-0.08422,0.08838,-0.11670,0.00820,0.05210,0.00302,-0.16079,-0.10797,-0.26147,0.08874,0.10066,0.19811,-0.16149,-0.14583,0.01763
269,2,8,0,10,0,0.00643,0.10455,-0.14000,-0.07766,-0.17772,0.00240,0.10024,-0.17967,-0.00283,0.00703,-0.11775,0.09240,-0.17047,-0.05257,0.06390,-0.01618,-0.15031,0.23332,0.16137,0.18622,-0.09485,0.02576,-0.18212,0.09638,0.10380,0.09529,0.05976,0.06185,0.02072,0.06934,-0.06110,0.17422,0.12858,-0.00389,0.04641,0.08781,0.05993,0.14240,0.01294,0.15007,-0.05201,0.10084,0.10509,-0.30775,0.27888,0.10715,0.00185,-0.09002,-0.02650,0.00500,0.04734,0.03661,-0.15983,0.06060,-0.05653,0.14901,0.08249,0.17984,0.05018,0.11084,-0.30961,0.14322,-0.20958,0.11073
270,6,4,0,10,0,-0.12367,-0.07677,0.15103,-0.26403,-0.00275,0.24995,-0.01075,-0.16637,-0.12459,-0.09245,0.09287,0.10008,-0.04710,-0.08481,-0.02521,0.07869,-0.08449,0.00341,-0.03871,-0.08275,0.02002,0.01387,-0.13649,-0.05555,-0.05771,0.08414,0.11628,-0.12522,0.15655,0.05686,0.07178,-0.31830,-0.24126,-0.11173,0.25671,0.21897,0.01080,0.16880,-0.00006,0.11280,-0.01981,-0.07161,-0.03649,0.05178,0.05435,0.01470,-0.14549,-0.00463,-0.12099,-0.18108,0.07103,-0.07380,0.06460,-0.03323,0.09230,0.08348,0.03498,-0.12112,0.16799,0.16314,-0.30030,-0.08142,-0.01453,0.13874
271,8,2,0,10,0,-0.00715,0.17566,-0.20001,-0.03128,-0.04587,-0.19562,0.04830,-0.09232,-0.19017,0.02587,-0.12437,0.11052,0.15667,0.00825,-0.02597,0.12587,-0.04507,0.25253,-0.16683,-0.10337,0.01124,0.02831,-0.17612,0.12147,0.16516,-0.00107,0.02783,-0.05967,-0.26354,-0.01178,-0.06687,-0.08174,0.03783,-0.13063,-0.17397,-0.14277,0.02152,-0.22618,0.17217,0.23938,0.03787,-0.10681,0.11256,-0.06743,0.02866,-0.09486,-0.04454,0.03689,0.07869,-0.22694,0.13479,-0.02663,-0.07146,-0.09686,0.18937,0.11311,0.12197,-0.20837,0.13963,0.12540,-0.06704,0.13300,0.03465,0.01745
272,0,10,1,10,0,-0.05270,-0.09705,-0.09067,-0.11744,0.03677,0.18942,-0.07563,0.08873,0.17963,-0.13925,0.00281,0.10481,-0.21257,0.15381,-0.02028,0.02265,-0.12864,0.03032,0.04638,-0.11481,0.13916,-0.23946,0.10639,-0.19423,0.02872,0.09746,-0.00136,0.08804,-0.20521,-0.05684,-0.01704,0.22823,-0.11249,0.10842,-0.29609,0.01708,0.14152,0.25144,0.06203,0.12968,-0.09956,0.03741,0.18081,0.18895,-0.07755,0.03091,-0.10224,-0.12416,-0.05876,-0.01040,0.03222,0.00154,0.05715,-0.05360,-0.02334,0.03024,-0.02870,0.24917,0.23265,-0.10461,0.15195,0.03179,0.04055,0.11599
273,1,9,0,10,0,-0.03163,-0.00655,-0.25634,0.16837,0.06101,-0.18527,0.03998,0.15231,-0.17661,-0.23266,0.11460,-0.13235,0.09870,-0.15864,-0.00055,-0.01174,0.08903,0.14531,0.00822,-0.15944,0.01629,0.08026,0.06319,-0.25228,-0.15793,-0.09883,-0.29169,-0.01165,0.14869,0.04001,-0.09377,-0.03488,-0.12704,0.03495,0.12608,-0.06787,0.11406,-0.00710,-0.04428,0.04668,0.05351,0.13913,-0.03880,-0.12744,-0.18772,-0.10013,0.17771,-0.16842,0.17092,-0.14954,-0.11349,-0.03892,0.18419,0.08458,-0.10217,-0.08926,-0.00442,-0.14326,-0.06445,-0.16274,0.02987,-0.04902,0.16388,0.03846
274,8,2,0,10,0,-0.20234,0.08296,-0.07246,0.09866,0.02276,0.17195,-0.08478,0.07972,-0.01288,0.14864,0.03625,0.07313,0.00520,-0.00776,0.06741,0.10367,-0.08893,-0.07921,-0.16975,0.01061,0.00504,0.09521,-0.07499,-0.19018,-0.02970,0.02104,-0.07520,0.09858,0.20027,-0.19611,0.04368,-0.15515,-0.29610,0.16575,-0.00622,-0.09388,0.10230,0.04503,-0.09081,-0.10743,0.02129,-0.01537,-0.15277,-0.24247,-0.05921,-0.13730,-0.01828,-0.19812,-0.16114,0.25729,0.05879,0.01177,-0.33595,0.00622,0.12707,-0.05371,0.03009,0.04570,0.04254,0.00422,-0.07940,-0.13482,0.27497,0.01954
275,1,9,0,10,0,0.04970,0.03906,-0.12383,-0.07851,0.06644,-0.11207,0.04855,0.15687,0.06800,-0.18033,0.05362,-0.22864,0.05776,-0.04766,0.17184,-0.12594,0.12202,-0.04344,-0.10960,0.24996,0.18374,-0.03682,0.02009,0.16190,-0.06811,-0.03585,-0.25707,-0.24182,-0.10939,0.08027,-0.12712,0.00238,0.13125,-0.09219,-0.04714,-0.19394,-0.22364,-0.05957,-0.06547,-0.00732,0.08376,-0.10086,-0.23044,-0.08687,0.17669,-0.07759,0.12546,-0.29348,0.01729,0.13754,0.10761,0.05959,-0.11422,-0.01167,-0.04979,-0.18324,0.07462,-0.05998,0.16098,0.04066,-0.00175,-0.08321,-0.03899,-0.00653
276,2,8,0,10,0,0.00677,-0.06064,0.32575,-0.03840,0.02173,0.26773,0.02307,-0.10170,0.05649,0.18109,-0.04722,-0.01990,-0.08661,-0.02100,-0.11613,0.08420,0.04653,-0.00514,-0.08572,-0.06611,0.08494,0.30487,0.00395,-0.02013,-0.00882,-0.02319,0.04112,-0.00599,0.06493,0.11715,0.19026,-0.08222,0.09796,0.04846,-0.19836,0.01339,0.02115,0.03068,-0.06630,-0.11094,0.04641,-0.26770,0.07040,-0.12192,0.09054,-0.04738,-0.05253,-0.05975,-0.44867,0.02049,-0.13764,-0.02497,-0.07887,0.05209,-0.16576,-0.09895,0.22351,0.03597,0.05222,-0.09007,0.07476,0.12119,0.17595,0.00323
277,9,1,0,10,0,0.13509,-0.10657,0.09624,0.05234,-0.15576,0.03343,-0.13023,-0.21471,0.03492,-0.22191,-0.08390,-0.19779,0.12107,0.16731,0.01162,-0.02190,-0.01313,0.00397,-0.25879,0.07648,0.19701,-0.04290,0.07014,0.34630,-0.01547,-0.05320,0.06975,-0.00091,0.04437,0.05587,0.13036,-0.07000,0.07421,0.05498,0.01441,0.05216,-0.22164,0.01702,0.03630,-0.09946,0.07249,-0.08837,-0.00181,-0.09151,-0.02025,-0.03690,0.19083,-0.03316,0.13042,0.03365,0.04997,-0.19519,-0.13127,0.12243,-0.01931,0.28724,0.09436,-0.16915,0.16119,-0.11132,0.16800,0.09330,0.10003,0.16481
278,4,6,0,10,0,-0.15326,0.08312,0.09738,0.00900,0.12766,-0.02754,0.03118,-0.08998,-0.17102,-0.21151,0.13450,-0.00726,0.01813,-0.20213,-0.04288,-0.01545,0.14146,-0.02870,-0.13748,0.12464,-0.00565,-0.18165,-0.12316,-0.04037,-0.05840,0.06699,0.09064,-0.14454,-0.23986,-0.26066,0.11545,-0.07347,0.08680,0.07697,0.12393,0.11942,-0.02053,0.12768,0.12813,0.11416,0.19623,-0.23473,0.06573,-0.05583,0.25601,-0.07477,-0.01088,0.06878,0.05497,-0.06719,-0.20516,-0.08619,0.07052,0.12970,-0.00265,-0.04447,-0.11390,0.24224,0.12397,0.16590,0.04691,-0.13914,0.02737,0.16812
279,6,4,0,10,0,0.06448,0.14075,0.19354,-0.02677,-0.09023,0.07060,0.02856,-0.21811,-0.22720,-0.09796,-0.25247,-0.06088,0.04482,-0.12046,-0.06452,-0.04132,-0.14108,-0.09666,0.05970,-0.08313,-0.07274,-0.00967,-0.18273,0.01095,-0.01361,0.13004,0.03419,0.11289,0.17720,0.04032,-0.04906,-0.12350,0.11341,-0.09506,0.14378,0.33652,0.03270,-0.00681,0.04234,-0.02290,0.06452,0.11560,0.06957,0.18004,-0.12057,0.15940,0.03957,-0.05325,-0.13682,0.18934,-0.14965,-0.01476,0.09009,0.08646,-0.37773,-0.01883,0.02511,0.07426,0.08063,0.11129,-0.12915,-0.09246,-0.13678,-0.04275
280,0,10,1,10,0,0.04298,-0.18357,0.00665,-0.11554,-0.10030,0.04509,0.15939,-0.16036,0.07238,0.17878,0.08310,-0.21259,-0.04092,-0.37231,0.18158,0.06013,0.07137,0.15667,0.08367,0.04338,-0.11022,-0.07523,0.24247,-0.19259,-0.06966,0.10595,-0.08098,-0.05907,0.08609,0.00738,-0.16055,-0.25838,-0.03873,0.04359,0.07040,-0.05856,-0.16011,0.02432,0.15394,-0.01933,-0.15862,0.11267,0.07289,-0.04911,-0.13963,0.14676,0.14420,0.13804,0.19424,-0.02283,-0.09717,-0.07072,-0.08384,0.12417,-0.04508,-0.10469,0.03974,-0.15716,-0.08860,0.02537,-0.14943,0.06891,-0.03058,0.06213
281,2,8,0,10,0,-0.00454,0.02391,-0.12476,0.16333,0.03929,0.01580,-0.02446,0.09850,0.24894,-0.19975,-0.10312,0.22353,0.07438,-0.13092,0.17338,-0.04634,-0.16294,-0.03360,-0.18696,0.15443,-0.00622,0.01957,-0.10301,-0.05950,0.22718,0.11831,-0.11327,-0.00573,0.12455,-0.12957,-0.17341,0.16593,-0.13284,0.06979,0.04388,-0.18276,-0.00364,0.12307,-0.08122,-0.01606,-0.20463,-0.06111,-0.27923,-0.08573,-0.13396,-0.20189,-0.19199,0.04859,0.19878,-0.06839,-0.01996,-0.07303,-0.12942,0.07850,-0.18435,-0.06777,0.07398,-0.00549,0.02046,0.11836,-0.01170,-0.07430,-0.10501,-0.03934
282,0,10,1,10,0,-0.07041,-0.16463,-0.16615,0.08142,0.07905,-0.30820,-0.27726,0.35794,0.03342,-0.03594,0.01126,0.03462,-0.12867,-0.02953,-0.03059,0.02829,0.00573,0.30499,-0.08455,-0.02695,-0.01186,-0.09201,-0.07533,-0.04176,0.05568,0.13303,0.16432,-0.01012,-0.02648,-0.02092,-0.04670,-0.09836,-0.04325,0.20792,-0.02365,0.07491,-0.22656,-0.09678,0.06352,-0.00111,-0.02280,-0.06097,-0.22926,-0.03227,-0.04929,-0.05331,0.15121,-0.10653,-0.29011,0.01148,-0.02577,0.04248,-0.04652,0.09155,-0.20808,0.08924,0.12141,-0.03411,0.12229,0.08549,0.02878,-0.14489,0.03989,-0.05699
283,7,3,0,10,0,-0.21127,0.11436,0.07869,-0.18849,-0.03340,0.08362,-0.13166,-0.05227,-0.20851,-0.07863,0.08671,0.02573,-0.18354,0.07325,0.15496,-0.31687,0.06411,0.05949,-0.16068,-0.02561,0.12842,0.04301,0.01820,-0.08574,-0.01929,-0.16436,0.01621,-0.14080,-0.01885,-0.10575,0.09480,-0.00658,0.20763,0.12581,0.15787,-0.02965,0.17133,-0.02298,-0.11187,0.06004,0.08848,0.03250,-0.10966,0.03104,-0.19989,-0.05018,0.11320,0.04598,-0.07522,0.00468,0.26392,-0.14400,-0.19191,0.10732,0.19034,0.23932,-0.01719,0.07273,-0.13277,0.00773,-0.01315,-0.21665,0.06649,-0.01182
284,4,6,0,10,0,0.04543,0.15730,0.11835,0.04217,0.00683,0.16736,-0.17956,-0.06687,0.15418,-0.18106,-0.26399,-0.05547,0.04717,-0.11841,0.03871,-0.01599,-0.03249,0.08100,0.17057,-0.19306,-0.04164,0.02473,-0.13323,-0.07205,-0.09227,0.18558,0.18117,-0.05974,0.03945,0.00999,0.20146,0.17504,-0.11435,0.13336,-0.14488,-0.01544,0.02445,0.09021,-0.04123,-0.15462,0.16308,-0.13421,0.14325,-0.10454,-0.13130,0.11029,-0.09649,-0.42301,0.01239,-0.04299,0.09424,0.04926,-0.14246,-0.02963,0.10963,-0.06675,-0.16403,0.11401,-0.09693,0.02204,-0.06812,-0.08480,-0.00825,-0.03221
285,8,2,0,10,0,-0.15249,-0.17343,-0.05506,0.18072,-0.23672,0.01249,0.00318,-0.07707,-0.09224,-0.09406,-0.00280,0.01922,0.06486,0.04924,-0.06854,-0.11080,0.07342,0.07373,-0.15464,-0.12116,0.02028,0.02435,-0.11192,-0.19089,-0.25039,-0.02588,-0.07756,-0.05133,0.14798,-0.05415,0.14183,0.08339,-0.09382,0.09090,-0.19181,-0.20104,-0.00153,-0.07255,0.14526,-0.27515,0.00451,0.01999,-0.15598,0.08566,0.06268,0.05510,0.28522,0.02036,0.03669,-0.00848,0.06028,0.07718,0.06844,0.08990,-0.36602,0.00621,0.15790,-0.11440,-0.03128,-0.15263,0.05667,-0.01548,-0.11213,0.17584
286,0,10,1,10,0,-0.18775,0.07096,0.16687,-0.00260,0.07104,-0.18828,-0.03202,0.11332,-0.03198,-0.05830,-0.09658,-0.06531,-0.22164,-0.06203,0.13471,-0.12152,0.01895,0.05635,-0.13654,0.07835,0.14632,0.19481,0.20802,0.08223,0.05492,0.03652,0.05375,-0.05811,-0.09409,0.15450,-0.09330,0.24555,0.16358,0.01275,0.34901,0.19680,-0.07099,0.17239,-0.06831,0.09017,-0.20176,-0.04079,0.01085,-0.04436,-0.12707,-0.06103,-0.12093,-0.01543,-0.01118,0.01896,0.14777,-0.06347,-0.31979,0.08175,-0.09537,-0.10920,-0.02132,-0.04922,-0.00047,0.04561,0.16033,-0.08714,0.04123,0.11434
287,6,4,0,10,0,-0.09046,0.05930,-0.31997,0.17822,-0.05728,-0.02407,-0.15119,-0.02784,-0.23091,0.16899,0.20043,-0.17244,-0.04827,-0.10362,0.13176,0.08472,0.10252,0.07262,-0.10736,0.16692,-0.02351,0.18188,0.21572,0.00684,0.17323,0.03425,-0.12820,0.05139,-0.05426,0.04253,-0.06423,0.01913,0.01853,0.01264,-0.06958,-0.04231,-0.05811,0.11853,0.10579,0.06851,-0.01364,0.06310,-0.06009,0.02466,-0.20175,-0.27158,-0.04825,0.16394,0.10177,0.00301,-0.29860,0.19732,-0.06489,-0.11604,0.11904,0.04153,-0.03090,-0.04876,0.01756,-0.07223,0.02752,0.15639,0.20818,-0.02128
288,9,1,0,10,0,0.10325,-0.09863,0.03788,0.14816,0.00336,0.02250,0.03038,0.08691,-0.00393,-0.13629,-0.06474,0.04619,0.00664,0.07246,-0.05961,0.07550,0.02858,-0.07787,-0.05965,0.17959,0.01570,0.15670,-0.16479,-0.24859,-0.02476,-0.08900,-0.06047,0.30083,-0.17874,-0.01132,-0.12703,0.07784,-0.12939,0.03238,0.20779,-0.11147,-0.08295,0.09838,0.11232,-0.11317,-0.04588,0.30477,0.14894,-0.29968,0.08205,-0.01577,-0.10224,-0.16706,-0.06196,-0.01759,0.13287,-0.03702,0.03724,-0.06878,-0.10080,-0.07778,0.13239,0.01380,-0.16272,-0.00905,0.32658,-0.06953,-0.05312,0.15026
289,0,10,1,10,0,0.15226,0.11201,0.02496,0.01751,0.07330,-0.08330,0.07017,0.07349,0.02491,-0.06355,-0.19531,0.24231,0.26033,-0.12264,-0.08936,0.11919,0.16523,0.03740,0.05925,0.13290,0.15108,0.28917,0.10429,0.17402,-0.05086,0.10824,0.14741,-0.08345,-0.00988,-0.10515,-0.12449,0.08272,-0.04399,0.23095,-0.07097,-0.16265,0.03039,0.10932,0.09330,-0.03416,0.17501,0.01446,-0.01484,0.08155,0.13473,0.08412,-0.03573,0.07255,-0.25241,0.04035,0.07764,0.14423,-0.08818,0.10283,-0.05440,0.21397,0.14657,0.04009,-0.01524,-0.22065,0.10396,0.15495,-0.03484,0.11805
290,0,10,1,10,0,0.08858,-0.11345,0.28493,-0.02690,0.06611,0.22368,0.21031,-0.03831,0.06361,-0.02192,-0.03336,-0.00151,-0.07604,0.06703,-0.05008,-0.09001,0.03015,-0.15949,0.12701,-0.10435,-0.21610,0.07311,0.08251,-0.00804,-0.00329,0.14501,0.16583,0.09168,0.16939,-0.24220,-0.13974,-0.06472,0.12726,-0.13936,-0.02606,-0.05569,0.09952,-0.06952,-0.13938,0.15274,0.17700,-0.02109,-0.09046,0.04472,-0.04650,0.16757,0.10098,-0.02388,0.01948,-0.20299,0.05876,-0.07033,-0.05109,-0.01364,-0.03647,0.21821,0.04285,-0.00015,0.20727,0.17995,-0.13626,-0.11087,-0.01228,-0.31730
291,1,9,0,10,0,0.15869,-0.01280,-0.11091,0.02476,0.09964,0.04077,-0.00733,-0.02229,-0.07930,0.12583,-0.11022,0.07659,0.00098,0.03944,0.03439,-0.22780,-0.01029,-0.11961,-0.14502,-0.06806,0.06693,0.04202,-0.04917,-0.13497,-0.12368,-0.15301,0.07623,0.08798,-0.25699,0.19360,-0.21257,-0.03101,-0.11431,0.03557,0.19413,-0.06322,-0.19426,-0.27973,-0.08605,0.05265,-0.01557,-0.08623,0.11192,-0.12374,-0.07353,0.08358,0.02353,-0.02446,0.05009,0.04362,-0.22762,0.11184,-0.00904,0.02033,-0.20393,-0.31130,0.01146,0.00756,0.14194,-0.18011,0.05828,0.12509,-0.27268,0.02849
292,3,7,0,10,0,0.22748,0.10063,-0.12857,-0.15696,-0.03332,0.01889,0.22176,-0.11365,-0.11475,-0.04021,0.04017,0.08233,0.14649,0.15969,-0.13960,0.06297,-0.16888,0.00802,-0.05479,0.06359,-0.02359,-0.12182,0.13864,0.08662,-0.04755,0.23437,-0.14775,-0.04987,0.02885,0.00783,0.07628,-0.20830,-0.02973,-0.12638,0.11810,-0.19374,-0.18048,0.06285,0.09425,0.02850,-0.11590,0.33540,-0.23802,0.05327,-0.10152,-0.01278,-0.19561,0.12167,0.06328,-0.04324,-0.20975,-0.12546,-0.14072,-0.04022,0.16019,-0.01343,0.12616,-0.09759,-0.04923,-0.01373,-0.13272,0.00819,-0.01715,0.08969
293,10,0,0,10,0,-0.02793,0.25898,0.10891,0.09681,-0.03477,-0.05813,-0.23126,0.17315,0.04197,-0.04814,0.05632,-0.08308,0.36301,0.03272,-0.03315,-0.03209,0.06027,-0.00764,0.22644,0.05645,0.03838,0.00174,0.05838,0.13087,0.18831,-0.02687,-0.14768,-0.03635,0.02823,0.02520,0.16539,-0.01097,0.01090,0.33437,0.05950,-0.12998,0.12707,-0.21581,0.09200,0.03257,-0.05885,0.09078,-0.10709,-0.11811,-0.14212,0.09907,-0.03389,0.00317,0.10883,-0.11883,0.11686,0.05849,0.20475,-0.02284,-0.10808,-0.09032,-0.27225,-0.19315,0.06434,-0.02757,0.00175,-0.09007,-0.02453,-0.04565
294,0,10,1,10,0,-0.00325,-0.06299,-0.05068,0.20732,0.07710,0.17155,0.00248,-0.21849,-0.09834,-0.04404,0.04454,0.06322,0.00549,0.22747,-0.02992,-0.04659,-0.07131,-0.01575,0.25405,0.11280,0.04978,0.11828,-0.02842,0.10312,0.05643,-0.01323,-0.06743,-0.26899,-0.01463,-0.14973,0.10752,0.08254,-0.12559,-0.15682,-0.02302,0.19521,-0.09970,0.00350,0.10661,-0.05400,-0.02621,-0.02224,0.04713,-0.00813,-0.04561,0.03395,0.14667,0.17555,0.20382,0.06593,-0.22150,0.08100,-0.07735,-0.37163,-0.00343,0.05623,-0.00820,-0.00505,-0.16533,-0.15742,0.19221,0.20837,-0.12591,0.06061
295,8,2,0,10,0,0.02379,0.09959,0.06584,-0.18749,0.12506,0.21204,0.10259,-0.09774,-0.04424,-0.05563,-0.00363,-0.10224,-0.00802,0.03963,0.22435,0.21124,0.07464,0.03371,0.08153,0.01431,0.18657,0.15535,0.02768,0.09352,0.07258,-0.10338,0.05353,-0.05542,-0.01496,0.11021,0.27178,-0.01574,0.02527,0.00244,0.13566,-0.09206,-0.11226,-0.01625,-0.09031,0.32003,0.04784,-0.03804,0.19054,-0.11253,-0.00880,-0.21185,-0.14983,-0.08495,0.12131,0.01539,-0.11074,0.00089,0.23233,-0.08264,0.15980,-0.14807,-0.03489,0.16194,0.00737,-0.06019,-0.09580,-0.11885,0.31369,-0.01607
296,4,6,0,10,0,0.11495,0.02850,-0.06647,-0.11462,0.05395,0.11876,-0.17397,-0.02518,0.30271,-0.02862,0.11424,-0.08654,-0.13062,-0.00092,0.14182,0.10391,0.00435,0.06480,-0.33443,-0.07745,0.04691,-0.01584,0.01736,-0.10775,-0.06446,-0.05173,0.06954,0.04348,-0.29705,0.25112,0.07979,-0.07569,0.03190,-0.01888,-0.00738,-0.01220,-0.13906,-0.07820,0.06890,-0.15923,-0.10057,0.13443,0.12101,0.11404,-0.05248,-0.12125,-0.08319,0.02784,-0.24152,-0.23554,-0.04478,-0.08416,-0.16100,-0.25429,-0.17485,0.10684,-0.02335,-0.04501,0.06529,-0.13563,-0.08107,-0.08759,-0.01767,0.11312
297,8,2,0,10,0,0.13788,-0.19521,-0.21302,-0.00436,-0.09272,0.07455,0.06047,-0.05128,-0.22938,0.05330,0.05033,-0.21938,0.13960,-0.17295,-0.17835,-0.12995,0.07746,-0.11045,-0.08589,0.01339,0.20301,0.01223,0.00519,0.02335,0.02608,-0.11809,-0.13488,-0.08471,0.04050,0.20224,0.00147,-0.00491,0.01715,0.01913,-0.08415,0.08675,0.10420,-0.24370,0.03325,-0.09537,-0.01596,0.31782,0.08497,-0.00009,-0.25243,0.11987,-0.07611,-0.01073,0.08381,0.08840,-0.02920,0.10747,0.06962,0.12219,0.06093,-0.21148,-0.21806,0.08535,-0.00122,0.19414,-0.07561,-0.08325,0.16940,-0.07111
298,0,10,1,10,0,0.05554,-0.10371,0.07789,0.25214,-0.05656,0.14274,-0.14304,-0.15657,-0.02943,0.11745,0.03268,-0.18131,-0.15327,0.00910,-0.16976,0.05551,0.06233,-0.03210,0.02539,-0.02307,-0.21178,0.16889,0.08278,0.14756,0.00831,0.13473,-0.25720,-0.28526,-0.08292,-0.17027,0.05559,0.00982,-0.16238,-0.09977,-0.04647,-0.17390,0.09951,-0.00919,0.02884,0.07979,-0.06526,0.10814,-0.00049,-0.27031,0.13729,-0.04370,0.19162,-0.11031,0.04725,-0.12438,-0.14934,0.02874,0.02777,-0.04950,0.12253,0.15453,0.16206,-0.19658,-0.16091,0.02001,-0.03347,0.07283,0.03939,-0.06562
299,10,0,0,10,0,-0.04617,-0.14099,0.03211,-0.05066,-0.04779,0.10880,0.04443,-0.10902,0.02704,-0.24215,0.13675,-0.13543,-0.03837,0.06091,0.17683,0.02011,-0.19511,-0.20439,-0.11983,0.16218,-0.06507,0.14349,-0.02636,0.08622,-0.09494,0.03926,0.07573,0.00181,0.02655,-0.02081,0.06580,0.12616,-0.04472,0.13091,0.15068,-0.05693,-0.00780,-0.08345,0.03570,0.08561,-0.10308,-0.02941,0.18145,-0.12758,-0.14427,0.08014,-0.14684,0.24485,-0.07527,-0.22182,0.19116,0.03076,0.16421,-0.10174,0.32306,0.10613,-0.00438,-0.15508,-0.03941,0.06373,-0.09556,0.22079,0.08166,0.22875
